
> astro-paper@5.5.1 build
> astro build && pagefind --site dist && (xcopy /E /I /Y dist\pagefind public\pagefind 2>nul || echo done)

[33m[1m18:32:28[22m [WARN][39m Unsupported file type [1mC:\Users\Administrator\.openclaw\workspace\industrial-fixes\src\pages\robots.txt.ts.disabled[22m found. Prefix filename with an underscore (`_`) to ignore.
[2m18:32:29[22m [34m[content][39m Syncing content
[2m18:32:30[22m [34m[content][39m Synced content
[2m18:32:30[22m [34m[types][39m Generated [2m1.78s[22m
[2m18:32:30[22m [34m[build][39m output: [34m"static"[39m
[2m18:32:30[22m [34m[build][39m mode: [34m"static"[39m
[2m18:32:30[22m [34m[build][39m directory: [34mC:\Users\Administrator\.openclaw\workspace\industrial-fixes\dist\[39m
[2m18:32:30[22m [34m[build][39m Collecting build info...
[2m18:32:30[22m [34m[build][39m [32mΓ£ô Completed in 1.83s.[39m
[2m18:32:30[22m [34m[build][39m Building static entrypoints...
[33m[1m18:32:35[22m [WARN] [vite][39m [33m"matchHostname", "matchPathname", "matchPort" and "matchProtocol" are imported from external module "@astrojs/internal-helpers/remote" but never used in "node_modules/.pnpm/astro@5.16.6_jiti@2.6.1_lig_9934ab0c9e2f3c4420c08f139992a037/node_modules/astro/dist/assets/utils/remotePattern.js" and "node_modules/.pnpm/astro@5.16.6_jiti@2.6.1_lig_9934ab0c9e2f3c4420c08f139992a037/node_modules/astro/dist/assets/services/service.js".[39m
[2m18:32:35[22m [34m[assets][39m Copying fonts (12 files)...
[2m18:32:36[22m [34m[vite][39m [32mΓ£ô built in 5.84s[39m
[2m18:32:36[22m [34m[build][39m [32mΓ£ô Completed in 5.91s.[39m

[42m[30m building client (vite) [39m[49m
[2m18:32:36[22m [34m[vite][39m transforming...
[2m18:32:36[22m [34m[assets][39m Copying fonts (12 files)...
[2m18:32:36[22m [34m[vite][39m [32mΓ£ô[39m 22 modules transformed.
[2m18:32:36[22m [34m[vite][39m rendering chunks...
[2m18:32:36[22m [34m[vite][39m computing gzip size...
[2m18:32:36[22m [34m[vite][39m [2mdist/[22m[36m_astro/search.astro_astro_type_script_index_0_lang.DEH4dGTD.js        [39m[1m[2m 2.14 kB[22m[1m[22m[2m Γöé gzip:  1.07 kB[22m
[2m18:32:36[22m [34m[vite][39m [2mdist/[22m[36m_astro/ClientRouter.astro_astro_type_script_index_0_lang.QW52Ox2j.js  [39m[1m[2m15.33 kB[22m[1m[22m[2m Γöé gzip:  5.27 kB[22m
[2m18:32:36[22m [34m[vite][39m [2mdist/[22m[36m_astro/ui-core.NRtbsJWD.js                                            [39m[1m[2m72.93 kB[22m[1m[22m[2m Γöé gzip: 22.86 kB[22m
[2m18:32:36[22m [34m[vite][39m [32mΓ£ô built in 505ms[39m

[42m[30m generating static routes [39m[49m
[2m18:32:36[22m [32mΓû╢[39m src/pages/404.astro
[2m18:32:36[22m   [34mΓööΓöÇ[39m [2m/404.html[22m [2m(+27ms)[22m 
[2m18:32:36[22m [32mΓû╢[39m src/pages/about.md
[2m18:32:36[22m   [34mΓööΓöÇ[39m [2m/about/index.html[22m [2m(+6ms)[22m 
[2m18:32:37[22m [32mΓû╢[39m src/pages/archives/index.astro
[2m18:32:37[22m   [34mΓööΓöÇ[39m [2m/archives/index.html[22m [2m(+22ms)[22m 
[2m18:32:37[22m [35m╬╗[39m src/pages/og.png.ts
[2m18:32:37[22m   [34mΓööΓöÇ[39m [2m/og.png[22m [2m(+449ms)[22m 
[2m18:32:38[22m [35m╬╗[39m src/pages/posts/[...slug]/index.png.ts
[2m18:32:38[22m   [34mΓö£ΓöÇ[39m [2m/posts/abb-acs310-fault-3130/index.png[22m [2m(+455ms)[22m 
[2m18:32:39[22m   [34mΓö£ΓöÇ[39m [2m/posts/abb-acs-drives-plc-fault/index.png[22m [2m(+438ms)[22m 
[2m18:32:39[22m   [34mΓö£ΓöÇ[39m [2m/posts/abb-acs150-fault-codes/index.png[22m [31m(+538ms)[39m 
[2m18:32:40[22m   [34mΓö£ΓöÇ[39m [2m/posts/abb-acs355-fault-2330/index.png[22m [2m(+410ms)[22m 
[2m18:32:40[22m   [34mΓö£ΓöÇ[39m [2m/posts/abb-acs355-fault-3130/index.png[22m [2m(+437ms)[22m 
[2m18:32:41[22m   [34mΓö£ΓöÇ[39m [2m/posts/abb-acs550-af10-heatsink/index.png[22m [2m(+478ms)[22m 
[2m18:32:41[22m   [34mΓö£ΓöÇ[39m [2m/posts/abb-acs550-complete-guide/index.png[22m [2m(+425ms)[22m 
[2m18:32:42[22m   [34mΓö£ΓöÇ[39m [2m/posts/abb-acs550-f0001-overcurrent/index.png[22m [2m(+396ms)[22m 
[2m18:32:42[22m   [34mΓö£ΓöÇ[39m [2m/posts/abb-acs580-fault-3130/index.png[22m [31m(+502ms)[39m 
[2m18:32:42[22m   [34mΓö£ΓöÇ[39m [2m/posts/abb-acs880-complete-guide/index.png[22m [2m(+423ms)[22m 
[2m18:32:43[22m   [34mΓö£ΓöÇ[39m [2m/posts/abb-acs880-fault-2310-overcurrent/index.png[22m [2m(+406ms)[22m 
[2m18:32:43[22m   [34mΓö£ΓöÇ[39m [2m/posts/abb-circuit-breaker-fault-codes/index.png[22m [2m(+473ms)[22m 
[2m18:32:44[22m   [34mΓö£ΓöÇ[39m [2m/posts/abb-vfd-fault-0001-overcurrent/index.png[22m [31m(+546ms)[39m 
[2m18:32:44[22m   [34mΓö£ΓöÇ[39m [2m/posts/abb-acs880-fault-3210/index.png[22m [31m(+566ms)[39m 
[2m18:32:45[22m   [34mΓö£ΓöÇ[39m [2m/posts/abb-acs880-fault-3130/index.png[22m [2m(+479ms)[22m 
[2m18:32:45[22m   [34mΓö£ΓöÇ[39m [2m/posts/abb-vfd-fault-2201-overcurrent/index.png[22m [2m(+372ms)[22m 
[2m18:32:46[22m   [34mΓö£ΓöÇ[39m [2m/posts/abb-vfd-fault-2310/index.png[22m [2m(+418ms)[22m 
[2m18:32:46[22m   [34mΓö£ΓöÇ[39m [2m/posts/abb-vfd-fault-3130/index.png[22m [31m(+599ms)[39m 
[2m18:32:47[22m   [34mΓö£ΓöÇ[39m [2m/posts/abb-vfd-fault-3210/index.png[22m [2m(+358ms)[22m 
[2m18:32:47[22m   [34mΓö£ΓöÇ[39m [2m/posts/abb-vfd-fault-3300/index.png[22m [31m(+574ms)[39m 
[2m18:32:48[22m   [34mΓö£ΓöÇ[39m [2m/posts/abb-vfd-fault-4110/index.png[22m [2m(+457ms)[22m 
[2m18:32:48[22m   [34mΓö£ΓöÇ[39m [2m/posts/abb-vfd-fault-5010/index.png[22m [2m(+366ms)[22m 
[2m18:32:48[22m   [34mΓö£ΓöÇ[39m [2m/posts/abb-vfd-fault-9300/index.png[22m [2m(+339ms)[22m 
[2m18:32:49[22m   [34mΓö£ΓöÇ[39m [2m/posts/abb-vfd-fault-7121/index.png[22m [2m(+436ms)[22m 
[2m18:32:49[22m   [34mΓö£ΓöÇ[39m [2m/posts/abb-vfd-fault-codes/index.png[22m [2m(+357ms)[22m 
[2m18:32:50[22m   [34mΓö£ΓöÇ[39m [2m/posts/ac-not-cooling-error-code/index.png[22m [2m(+354ms)[22m 
[2m18:32:50[22m   [34mΓö£ΓöÇ[39m [2m/posts/air-compressor-fault-codes/index.png[22m [2m(+467ms)[22m 
[2m18:32:50[22m   [34mΓö£ΓöÇ[39m [2m/posts/airease-furnace-e1-error-code/index.png[22m [2m(+483ms)[22m 
[2m18:32:51[22m   [34mΓö£ΓöÇ[39m [2m/posts/alco-controls-fault-codes/index.png[22m [2m(+422ms)[22m 
[2m18:32:51[22m   [34mΓö£ΓöÇ[39m [2m/posts/allen-bradley-micrologix-fault/index.png[22m [2m(+383ms)[22m 
[2m18:32:52[22m   [34mΓö£ΓöÇ[39m [2m/posts/allen-bradley-powerflex-40-complete-guide/index.png[22m [2m(+455ms)[22m 
[2m18:32:52[22m   [34mΓö£ΓöÇ[39m [2m/posts/allen-bradley-powerflex-40-f2-fault/index.png[22m [31m(+513ms)[39m 
[2m18:32:53[22m   [34mΓö£ΓöÇ[39m [2m/posts/allen-bradley-powerflex-40-f7-fault/index.png[22m [2m(+410ms)[22m 
[2m18:32:53[22m   [34mΓö£ΓöÇ[39m [2m/posts/allen-bradley-powerflex-40-f3/index.png[22m [2m(+486ms)[22m 
[2m18:32:54[22m   [34mΓö£ΓöÇ[39m [2m/posts/allen-bradley-powerflex-523-fault-f7/index.png[22m [2m(+444ms)[22m 
[2m18:32:54[22m   [34mΓö£ΓöÇ[39m [2m/posts/allen-bradley-powerflex-525-f7-fault/index.png[22m [2m(+347ms)[22m 
[2m18:32:54[22m   [34mΓö£ΓöÇ[39m [2m/posts/allen-bradley-powerflex-70-faults/index.png[22m [2m(+379ms)[22m 
[2m18:32:55[22m   [34mΓö£ΓöÇ[39m [2m/posts/allen-bradley-powerflex-700-fault-7/index.png[22m [2m(+353ms)[22m 
[2m18:32:55[22m   [34mΓö£ΓöÇ[39m [2m/posts/allen-bradley-powerflex-753-f12-fault/index.png[22m [2m(+403ms)[22m 
[2m18:32:55[22m   [34mΓö£ΓöÇ[39m [2m/posts/allen-bradley-powerflex-753-f35-fault/index.png[22m [2m(+392ms)[22m 
[2m18:32:56[22m   [34mΓö£ΓöÇ[39m [2m/posts/allen-bradley-powerflex-755-fault-7/index.png[22m [2m(+386ms)[22m 
[2m18:32:56[22m   [34mΓö£ΓöÇ[39m [2m/posts/allen-bradley-powerflex-fault-7-motor-stalled/index.png[22m [2m(+456ms)[22m 
[2m18:32:57[22m   [34mΓö£ΓöÇ[39m [2m/posts/allen-bradley-powerflex-fault-codes/index.png[22m [2m(+382ms)[22m 
[2m18:32:57[22m   [34mΓö£ΓöÇ[39m [2m/posts/allen-bradley-powerflex-fault-f002/index.png[22m [2m(+391ms)[22m 
[2m18:32:57[22m   [34mΓö£ΓöÇ[39m [2m/posts/allen-bradley-powerflex-fault-f012/index.png[22m [2m(+362ms)[22m 
[2m18:32:58[22m   [34mΓö£ΓöÇ[39m [2m/posts/allen-bradley-powerflex-fault-f004/index.png[22m [2m(+403ms)[22m 
[2m18:32:58[22m   [34mΓö£ΓöÇ[39m [2m/posts/allen-bradley-powerflex-fault-f025/index.png[22m [2m(+358ms)[22m 
[2m18:32:59[22m   [34mΓö£ΓöÇ[39m [2m/posts/allen-bradley-powerflex-fault-f063/index.png[22m [2m(+403ms)[22m 
[2m18:32:59[22m   [34mΓö£ΓöÇ[39m [2m/posts/allen-bradley-powerflex-fault-f111/index.png[22m [2m(+370ms)[22m 
[2m18:32:59[22m   [34mΓö£ΓöÇ[39m [2m/posts/alto-shaam-oven-error-codes/index.png[22m [2m(+376ms)[22m 
[2m18:33:00[22m   [34mΓö£ΓöÇ[39m [2m/posts/amana-furnace-3-flash-error-code/index.png[22m [2m(+361ms)[22m 
[2m18:33:00[22m   [34mΓö£ΓöÇ[39m [2m/posts/american-standard-furnace-3-flash/index.png[22m [2m(+376ms)[22m 
[2m18:33:00[22m   [34mΓö£ΓöÇ[39m [2m/posts/amana-asx-error-codes/index.png[22m [31m(+553ms)[39m 
[2m18:33:01[22m   [34mΓö£ΓöÇ[39m [2m/posts/american-water-heater-error-codes/index.png[22m [2m(+380ms)[22m 
[2m18:33:01[22m   [34mΓö£ΓöÇ[39m [2m/posts/amsco-sterilizer-fault-codes/index.png[22m [2m(+380ms)[22m 
[2m18:33:02[22m   [34mΓö£ΓöÇ[39m [2m/posts/ao-smith-error-code-e1/index.png[22m [2m(+366ms)[22m 
[2m18:33:02[22m   [34mΓö£ΓöÇ[39m [2m/posts/ao-smith-water-heater-error-codes/index.png[22m [2m(+368ms)[22m 
[2m18:33:03[22m   [34mΓö£ΓöÇ[39m [2m/posts/apc-smart-ups-error-codes/index.png[22m [2m(+378ms)[22m 
[2m18:33:03[22m   [34mΓö£ΓöÇ[39m [2m/posts/apc-ups-error-codes/index.png[22m [2m(+360ms)[22m 
[2m18:33:03[22m   [34mΓö£ΓöÇ[39m [2m/posts/aprilaire-68-fault-codes/index.png[22m [2m(+344ms)[22m 
[2m18:33:04[22m   [34mΓö£ΓöÇ[39m [2m/posts/armstrong-air-handler-e1/index.png[22m [2m(+340ms)[22m 
[2m18:33:04[22m   [34mΓö£ΓöÇ[39m [2m/posts/aprilaire-700-error-codes/index.png[22m [2m(+435ms)[22m 
[2m18:33:04[22m   [34mΓö£ΓöÇ[39m [2m/posts/aprilaire-dehumidifier-error-codes/index.png[22m [2m(+423ms)[22m 
[2m18:33:05[22m   [34mΓö£ΓöÇ[39m [2m/posts/armstrong-furnace-e4-error-code/index.png[22m [2m(+414ms)[22m 
[2m18:33:05[22m   [34mΓö£ΓöÇ[39m [2m/posts/atlas-copco-compressor-fault-codes/index.png[22m [2m(+353ms)[22m 
[2m18:33:06[22m   [34mΓö£ΓöÇ[39m [2m/posts/armstrong-pump-fault-codes/index.png[22m [2m(+378ms)[22m 
[2m18:33:06[22m   [34mΓö£ΓöÇ[39m [2m/posts/ats-transfer-switch-fault-codes/index.png[22m [2m(+344ms)[22m 
[2m18:33:06[22m   [34mΓö£ΓöÇ[39m [2m/posts/automated-logic-fault-codes/index.png[22m [2m(+380ms)[22m 
[2m18:33:07[22m   [34mΓö£ΓöÇ[39m [2m/posts/bacnet-error-codes/index.png[22m [2m(+456ms)[22m 
[2m18:33:07[22m   [34mΓö£ΓöÇ[39m [2m/posts/baldor-vfd-fault-codes/index.png[22m [2m(+371ms)[22m 
[2m18:33:08[22m   [34mΓö£ΓöÇ[39m [2m/posts/baltimore-aircoil-fault-codes/index.png[22m [2m(+421ms)[22m 
[2m18:33:08[22m   [34mΓö£ΓöÇ[39m [2m/posts/basler-relay-fault-codes/index.png[22m [2m(+400ms)[22m 
[2m18:33:08[22m   [34mΓö£ΓöÇ[39m [2m/posts/bell-gossett-pump-fault-codes/index.png[22m [2m(+413ms)[22m 
[2m18:33:09[22m   [34mΓö£ΓöÇ[39m [2m/posts/beverage-air-mt27-error-codes/index.png[22m [2m(+381ms)[22m 
[2m18:33:09[22m   [34mΓö£ΓöÇ[39m [2m/posts/beverage-air-refrigerator-error-code-e1/index.png[22m [2m(+438ms)[22m 
[2m18:33:10[22m   [34mΓö£ΓöÇ[39m [2m/posts/boge-compressor-error-codes/index.png[22m [2m(+373ms)[22m 
[2m18:33:10[22m   [34mΓö£ΓöÇ[39m [2m/posts/boiler-lockout-error-codes/index.png[22m [2m(+361ms)[22m 
[2m18:33:10[22m   [34mΓö£ΓöÇ[39m [2m/posts/bohn-refrigeration-error-codes/index.png[22m [2m(+369ms)[22m 
[2m18:33:11[22m   [34mΓö£ΓöÇ[39m [2m/posts/bosch-dishwasher-e-codes/index.png[22m [2m(+433ms)[22m 
[2m18:33:11[22m   [34mΓö£ΓöÇ[39m [2m/posts/bosch-heat-pump-e1-error-code/index.png[22m [2m(+348ms)[22m 
[2m18:33:11[22m   [34mΓö£ΓöÇ[39m [2m/posts/bosch-rexroth-hydraulic-fault/index.png[22m [2m(+366ms)[22m 
[2m18:33:12[22m   [34mΓö£ΓöÇ[39m [2m/posts/bradford-white-error-code-7/index.png[22m [2m(+361ms)[22m 
[2m18:33:12[22m   [34mΓö£ΓöÇ[39m [2m/posts/bradford-white-water-heater-error-codes/index.png[22m [2m(+350ms)[22m 
[2m18:33:13[22m   [34mΓö£ΓöÇ[39m [2m/posts/briggs-stratton-generator-error/index.png[22m [2m(+465ms)[22m 
[2m18:33:13[22m   [34mΓö£ΓöÇ[39m [2m/posts/bryant-furnace-31-error-code/index.png[22m [2m(+345ms)[22m 
[2m18:33:13[22m   [34mΓö£ΓöÇ[39m [2m/posts/bryant-furnace-13-error-code/index.png[22m [2m(+422ms)[22m 
[2m18:33:14[22m   [34mΓö£ΓöÇ[39m [2m/posts/bryant-furnace-33-error-code/index.png[22m [2m(+464ms)[22m 
[2m18:33:14[22m   [34mΓö£ΓöÇ[39m [2m/posts/buderus-boiler-fault-code-a1/index.png[22m [2m(+350ms)[22m 
[2m18:33:15[22m   [34mΓö£ΓöÇ[39m [2m/posts/burnham-alpine-error-codes/index.png[22m [2m(+376ms)[22m 
[2m18:33:15[22m   [34mΓö£ΓöÇ[39m [2m/posts/burnham-boiler-e1-lockout-code/index.png[22m [2m(+372ms)[22m 
[2m18:33:15[22m   [34mΓö£ΓöÇ[39m [2m/posts/burnham-boiler-e3-error-code/index.png[22m [31m(+596ms)[39m 
[2m18:33:16[22m   [34mΓö£ΓöÇ[39m [2m/posts/burnham-boiler-e2-error-code/index.png[22m [2m(+363ms)[22m 
[2m18:33:16[22m   [34mΓö£ΓöÇ[39m [2m/posts/burnham-boiler-e4-error-code/index.png[22m [2m(+365ms)[22m 
[2m18:33:17[22m   [34mΓö£ΓöÇ[39m [2m/posts/burnham-boiler-e5-error-code/index.png[22m [2m(+388ms)[22m 
[2m18:33:17[22m   [34mΓö£ΓöÇ[39m [2m/posts/burnham-series-2-error-codes/index.png[22m [2m(+452ms)[22m 
[2m18:33:17[22m   [34mΓö£ΓöÇ[39m [2m/posts/caleffi-error-codes/index.png[22m [2m(+339ms)[22m 
[2m18:33:18[22m   [34mΓö£ΓöÇ[39m [2m/posts/carel-ir33-fault-codes/index.png[22m [2m(+338ms)[22m 
[2m18:33:18[22m   [34mΓö£ΓöÇ[39m [2m/posts/carrier-11-error-code/index.png[22m [2m(+421ms)[22m 
[2m18:33:19[22m   [34mΓö£ΓöÇ[39m [2m/posts/carrier-12-error-code/index.png[22m [2m(+392ms)[22m 
[2m18:33:19[22m   [34mΓö£ΓöÇ[39m [2m/posts/carrier-13-error-code/index.png[22m [2m(+400ms)[22m 
[2m18:33:19[22m   [34mΓö£ΓöÇ[39m [2m/posts/carrier-13-soft-lockout/index.png[22m [2m(+403ms)[22m 
[2m18:33:20[22m   [34mΓö£ΓöÇ[39m [2m/posts/carrier-14-error-code/index.png[22m [2m(+388ms)[22m 
[2m18:33:20[22m   [34mΓö£ΓöÇ[39m [2m/posts/carrier-21-error-code/index.png[22m [2m(+377ms)[22m 
[2m18:33:21[22m   [34mΓö£ΓöÇ[39m [2m/posts/carrier-22-error-code/index.png[22m [2m(+345ms)[22m 
[2m18:33:21[22m   [34mΓö£ΓöÇ[39m [2m/posts/carrier-23-error-code/index.png[22m [2m(+465ms)[22m 
[2m18:33:21[22m   [34mΓö£ΓöÇ[39m [2m/posts/carrier-24-error-code/index.png[22m [2m(+449ms)[22m 
[2m18:33:22[22m   [34mΓö£ΓöÇ[39m [2m/posts/carrier-24-soft-lockout/index.png[22m [2m(+403ms)[22m 
[2m18:33:22[22m   [34mΓö£ΓöÇ[39m [2m/posts/carrier-24acc-error-codes/index.png[22m [2m(+482ms)[22m 
[2m18:33:23[22m   [34mΓö£ΓöÇ[39m [2m/posts/carrier-25-error-code/index.png[22m [2m(+368ms)[22m 
[2m18:33:23[22m   [34mΓö£ΓöÇ[39m [2m/posts/carrier-31-error-code/index.png[22m [2m(+368ms)[22m 
[2m18:33:23[22m   [34mΓö£ΓöÇ[39m [2m/posts/carrier-32-error-code/index.png[22m [2m(+383ms)[22m 
[2m18:33:24[22m   [34mΓö£ΓöÇ[39m [2m/posts/carrier-33-error-code/index.png[22m [2m(+449ms)[22m 
[2m18:33:24[22m   [34mΓö£ΓöÇ[39m [2m/posts/carrier-34-error-code/index.png[22m [2m(+462ms)[22m 
[2m18:33:25[22m   [34mΓö£ΓöÇ[39m [2m/posts/carrier-40maq-error-codes/index.png[22m [2m(+405ms)[22m 
[2m18:33:25[22m   [34mΓö£ΓöÇ[39m [2m/posts/carrier-41-error-code/index.png[22m [2m(+370ms)[22m 
[2m18:33:25[22m   [34mΓö£ΓöÇ[39m [2m/posts/carrier-42-error-code/index.png[22m [2m(+378ms)[22m 
[2m18:33:26[22m   [34mΓö£ΓöÇ[39m [2m/posts/carrier-43-error-code/index.png[22m [2m(+445ms)[22m 
[2m18:33:26[22m   [34mΓö£ΓöÇ[39m [2m/posts/carrier-44-error-code/index.png[22m [2m(+329ms)[22m 
[2m18:33:27[22m   [34mΓö£ΓöÇ[39m [2m/posts/carrier-45-error-code/index.png[22m [31m(+612ms)[39m 
[2m18:33:27[22m   [34mΓö£ΓöÇ[39m [2m/posts/carrier-46-error-code/index.png[22m [2m(+487ms)[22m 
[2m18:33:28[22m   [34mΓö£ΓöÇ[39m [2m/posts/carrier-48-error-code/index.png[22m [2m(+404ms)[22m 
[2m18:33:28[22m   [34mΓö£ΓöÇ[39m [2m/posts/carrier-48xlc-error-codes/index.png[22m [2m(+351ms)[22m 
[2m18:33:28[22m   [34mΓö£ΓöÇ[39m [2m/posts/carrier-51-error-code/index.png[22m [2m(+457ms)[22m 
[2m18:33:29[22m   [34mΓö£ΓöÇ[39m [2m/posts/carrier-52-error-code/index.png[22m [2m(+324ms)[22m 
[2m18:33:29[22m   [34mΓö£ΓöÇ[39m [2m/posts/carrier-54-error-code/index.png[22m [2m(+377ms)[22m 
[2m18:33:30[22m   [34mΓö£ΓöÇ[39m [2m/posts/carrier-56-error-code/index.png[22m [2m(+401ms)[22m 
[2m18:33:30[22m   [34mΓö£ΓöÇ[39m [2m/posts/carrier-58-error-code/index.png[22m [2m(+336ms)[22m 
[2m18:33:30[22m   [34mΓö£ΓöÇ[39m [2m/posts/carrier-58cva-error-codes/index.png[22m [2m(+403ms)[22m 
[2m18:33:31[22m   [34mΓö£ΓöÇ[39m [2m/posts/carrier-58mvb-error-codes/index.png[22m [2m(+373ms)[22m 
[2m18:33:31[22m   [34mΓö£ΓöÇ[39m [2m/posts/carrier-58ux-error-codes/index.png[22m [2m(+341ms)[22m 
[2m18:33:32[22m   [34mΓö£ΓöÇ[39m [2m/posts/carrier-61-error-code/index.png[22m [2m(+353ms)[22m 
[2m18:33:32[22m   [34mΓö£ΓöÇ[39m [2m/posts/carrier-65-error-code/index.png[22m [2m(+411ms)[22m 
[2m18:33:32[22m   [34mΓö£ΓöÇ[39m [2m/posts/carrier-66-error-code/index.png[22m [2m(+495ms)[22m 
[2m18:33:33[22m   [34mΓö£ΓöÇ[39m [2m/posts/carrier-aquasnap-fault-codes/index.png[22m [2m(+357ms)[22m 
[2m18:33:33[22m   [34mΓö£ΓöÇ[39m [2m/posts/carrier-commercial-chiller-fault/index.png[22m [2m(+359ms)[22m 
[2m18:33:33[22m   [34mΓö£ΓöÇ[39m [2m/posts/carrier-error-code-e3/index.png[22m [2m(+321ms)[22m 
[2m18:33:34[22m   [34mΓö£ΓöÇ[39m [2m/posts/carrier-furnace-error-code-e1/index.png[22m [2m(+378ms)[22m 
[2m18:33:34[22m   [34mΓö£ΓöÇ[39m [2m/posts/carrier-furnace-error-codes/index.png[22m [2m(+367ms)[22m 
[2m18:33:35[22m   [34mΓö£ΓöÇ[39m [2m/posts/carrier-geothermal-error-codes/index.png[22m [2m(+383ms)[22m 
[2m18:33:35[22m   [34mΓö£ΓöÇ[39m [2m/posts/carrier-greenspeed-heat-pump-codes/index.png[22m [2m(+385ms)[22m 
[2m18:33:35[22m   [34mΓö£ΓöÇ[39m [2m/posts/carrier-heat-pump-e1-error-code/index.png[22m [2m(+342ms)[22m 
[2m18:33:36[22m   [34mΓö£ΓöÇ[39m [2m/posts/carrier-heat-pump-e4-error-code/index.png[22m [2m(+415ms)[22m 
[2m18:33:36[22m   [34mΓö£ΓöÇ[39m [2m/posts/carrier-heat-pump-e5-error-code/index.png[22m [2m(+440ms)[22m 
[2m18:33:37[22m   [34mΓö£ΓöÇ[39m [2m/posts/carrier-heat-pump-e6-error-code/index.png[22m [2m(+381ms)[22m 
[2m18:33:37[22m   [34mΓö£ΓöÇ[39m [2m/posts/carrier-infinity-24acc6-error-codes/index.png[22m [2m(+345ms)[22m 
[2m18:33:37[22m   [34mΓö£ΓöÇ[39m [2m/posts/carrier-infinity-system-error-codes/index.png[22m [2m(+401ms)[22m 
[2m18:33:38[22m   [34mΓö£ΓöÇ[39m [2m/posts/carrier-infinity-zoning-error/index.png[22m [2m(+424ms)[22m 
[2m18:33:38[22m   [34mΓö£ΓöÇ[39m [2m/posts/carrier-rooftop-unit-error-codes/index.png[22m [2m(+397ms)[22m 
[2m18:33:38[22m   [34mΓö£ΓöÇ[39m [2m/posts/carrier-vrf-error-codes/index.png[22m [2m(+356ms)[22m 
[2m18:33:39[22m   [34mΓö£ΓöÇ[39m [2m/posts/carrier-weatheramaker-error-codes/index.png[22m [2m(+354ms)[22m 
[2m18:33:39[22m   [34mΓö£ΓöÇ[39m [2m/posts/carrier-xc21-error-codes/index.png[22m [2m(+364ms)[22m 
[2m18:33:40[22m   [34mΓö£ΓöÇ[39m [2m/posts/carrier-zone-controller-error-codes/index.png[22m [2m(+388ms)[22m 
[2m18:33:40[22m   [34mΓö£ΓöÇ[39m [2m/posts/chicago-pneumatic-compressor-faults/index.png[22m [2m(+349ms)[22m 
[2m18:33:40[22m   [34mΓö£ΓöÇ[39m [2m/posts/chigo-mini-split-e1-error-code/index.png[22m [2m(+364ms)[22m 
[2m18:33:41[22m   [34mΓö£ΓöÇ[39m [2m/posts/climatemaster-error-code-e1/index.png[22m [2m(+355ms)[22m 
[2m18:33:41[22m   [34mΓö£ΓöÇ[39m [2m/posts/climatemaster-trilogy-error-codes/index.png[22m [2m(+352ms)[22m 
[2m18:33:41[22m   [34mΓö£ΓöÇ[39m [2m/posts/cnc-alarm-reset-guide/index.png[22m [2m(+480ms)[22m 
[2m18:33:42[22m   [34mΓö£ΓöÇ[39m [2m/posts/cnc-error-codes-guide/index.png[22m [2m(+387ms)[22m 
[2m18:33:42[22m   [34mΓö£ΓöÇ[39m [2m/posts/coleman-evcon-furnace-error-codes/index.png[22m [2m(+373ms)[22m 
[2m18:33:43[22m   [34mΓö£ΓöÇ[39m [2m/posts/coleman-furnace-4-flashes/index.png[22m [2m(+399ms)[22m 
[2m18:33:43[22m   [34mΓö£ΓöÇ[39m [2m/posts/combi-oven-error-codes/index.png[22m [2m(+371ms)[22m 
[2m18:33:43[22m   [34mΓö£ΓöÇ[39m [2m/posts/coleman-furnace-e2-error-code/index.png[22m [2m(+385ms)[22m 
[2m18:33:44[22m   [34mΓö£ΓöÇ[39m [2m/posts/comfortmaker-furnace-e4-error-code/index.png[22m [31m(+509ms)[39m 
[2m18:33:44[22m   [34mΓö£ΓöÇ[39m [2m/posts/comfortmaker-furnace-e1-error-code/index.png[22m [2m(+428ms)[22m 
[2m18:33:45[22m   [34mΓö£ΓöÇ[39m [2m/posts/compair-compressor-fault-codes/index.png[22m [2m(+398ms)[22m 
[2m18:33:45[22m   [34mΓö£ΓöÇ[39m [2m/posts/continental-refrigerator-error-code-e1/index.png[22m [2m(+433ms)[22m 
[2m18:33:46[22m   [34mΓö£ΓöÇ[39m [2m/posts/cooper-hunter-mini-split-error-code-e3/index.png[22m [2m(+355ms)[22m 
[2m18:33:46[22m   [34mΓö£ΓöÇ[39m [2m/posts/crown-boiler-error-code-e1/index.png[22m [2m(+332ms)[22m 
[2m18:33:46[22m   [34mΓö£ΓöÇ[39m [2m/posts/copeland-compressor-error-code-1/index.png[22m [2m(+423ms)[22m 
[2m18:33:47[22m   [34mΓö£ΓöÇ[39m [2m/posts/crown-forklift-fault-codes/index.png[22m [2m(+362ms)[22m 
[2m18:33:47[22m   [34mΓö£ΓöÇ[39m [2m/posts/cummins-onan-fault-codes/index.png[22m [2m(+354ms)[22m 
[2m18:33:47[22m   [34mΓö£ΓöÇ[39m [2m/posts/cutler-hammer-fault-codes/index.png[22m [2m(+361ms)[22m 
[2m18:33:48[22m   [34mΓö£ΓöÇ[39m [2m/posts/cyberpower-ups-error-codes/index.png[22m [2m(+412ms)[22m 
[2m18:33:48[22m   [34mΓö£ΓöÇ[39m [2m/posts/daikin-a3-error-code/index.png[22m [2m(+358ms)[22m 
[2m18:33:48[22m   [34mΓö£ΓöÇ[39m [2m/posts/daikin-applied-fault-codes/index.png[22m [2m(+369ms)[22m 
[2m18:33:49[22m   [34mΓö£ΓöÇ[39m [2m/posts/daikin-c4-error-code/index.png[22m [2m(+378ms)[22m 
[2m18:33:49[22m   [34mΓö£ΓöÇ[39m [2m/posts/daikin-c9-error-code/index.png[22m [2m(+393ms)[22m 
[2m18:33:50[22m   [34mΓö£ΓöÇ[39m [2m/posts/daikin-e1-error-code/index.png[22m [2m(+412ms)[22m 
[2m18:33:50[22m   [34mΓö£ΓöÇ[39m [2m/posts/daikin-e3-error-code/index.png[22m [2m(+476ms)[22m 
[2m18:33:50[22m   [34mΓö£ΓöÇ[39m [2m/posts/daikin-e7-error-code/index.png[22m [2m(+389ms)[22m 
[2m18:33:51[22m   [34mΓö£ΓöÇ[39m [2m/posts/daikin-e9-error-code/index.png[22m [2m(+342ms)[22m 
[2m18:33:51[22m   [34mΓö£ΓöÇ[39m [2m/posts/daikin-f3-error-code/index.png[22m [2m(+339ms)[22m 
[2m18:33:52[22m   [34mΓö£ΓöÇ[39m [2m/posts/daikin-f9-error-code/index.png[22m [2m(+341ms)[22m 
[2m18:33:52[22m   [34mΓö£ΓöÇ[39m [2m/posts/daikin-l5-error-code/index.png[22m [2m(+351ms)[22m 
[2m18:33:52[22m   [34mΓö£ΓöÇ[39m [2m/posts/daikin-mini-split-error-codes/index.png[22m [2m(+372ms)[22m 
[2m18:33:53[22m   [34mΓö£ΓöÇ[39m [2m/posts/daikin-r32-error-code-u4/index.png[22m [2m(+387ms)[22m 
[2m18:33:53[22m   [34mΓö£ΓöÇ[39m [2m/posts/daikin-rxyq-error-codes/index.png[22m [2m(+410ms)[22m 
[2m18:33:53[22m   [34mΓö£ΓöÇ[39m [2m/posts/daikin-u2-error-code/index.png[22m [2m(+360ms)[22m 
[2m18:33:54[22m   [34mΓö£ΓöÇ[39m [2m/posts/daikin-u4-error-code/index.png[22m [2m(+423ms)[22m 
[2m18:33:54[22m   [34mΓö£ΓöÇ[39m [2m/posts/daikin-u9-error-code/index.png[22m [2m(+391ms)[22m 
[2m18:33:55[22m   [34mΓö£ΓöÇ[39m [2m/posts/daikin-vrv-e7-error-code/index.png[22m [2m(+407ms)[22m 
[2m18:33:55[22m   [34mΓö£ΓöÇ[39m [2m/posts/daikin-vrv-error-codes/index.png[22m [2m(+362ms)[22m 
[2m18:33:55[22m   [34mΓö£ΓöÇ[39m [2m/posts/daikin-vrv-rxq-error-codes/index.png[22m [2m(+361ms)[22m 
[2m18:33:56[22m   [34mΓö£ΓöÇ[39m [2m/posts/daikin-vrv-vrf-u4-error-code/index.png[22m [2m(+424ms)[22m 
[2m18:33:56[22m   [34mΓö£ΓöÇ[39m [2m/posts/danfoss-akc-controller-fault/index.png[22m [2m(+343ms)[22m 
[2m18:33:56[22m   [34mΓö£ΓöÇ[39m [2m/posts/danfoss-fc102-fault-codes/index.png[22m [2m(+405ms)[22m 
[2m18:33:57[22m   [34mΓö£ΓöÇ[39m [2m/posts/danfoss-fc301-fault-al-14/index.png[22m [2m(+341ms)[22m 
[2m18:33:57[22m   [34mΓö£ΓöÇ[39m [2m/posts/danfoss-fc302-complete-guide/index.png[22m [2m(+364ms)[22m 
[2m18:33:58[22m   [34mΓö£ΓöÇ[39m [2m/posts/danfoss-fc302-fault-al-29/index.png[22m [2m(+408ms)[22m 
[2m18:33:58[22m   [34mΓö£ΓöÇ[39m [2m/posts/danfoss-rx-controller-fault/index.png[22m [2m(+358ms)[22m 
[2m18:33:58[22m   [34mΓö£ΓöÇ[39m [2m/posts/danfoss-vfd-fault-codes/index.png[22m [2m(+400ms)[22m 
[2m18:33:59[22m   [34mΓö£ΓöÇ[39m [2m/posts/danfoss-vfd-fault-al-14/index.png[22m [2m(+414ms)[22m 
[2m18:33:59[22m   [34mΓö£ΓöÇ[39m [2m/posts/danfoss-vfd-fault-ocl/index.png[22m [2m(+378ms)[22m 
[2m18:34:00[22m   [34mΓö£ΓöÇ[39m [2m/posts/danfoss-vfd-fault-e-trip/index.png[22m [2m(+426ms)[22m 
[2m18:34:00[22m   [34mΓö£ΓöÇ[39m [2m/posts/danfoss-vfd-fault-ol/index.png[22m [2m(+312ms)[22m 
[2m18:34:00[22m   [34mΓö£ΓöÇ[39m [2m/posts/danfoss-vfd-fault-ul/index.png[22m [2m(+403ms)[22m 
[2m18:34:01[22m   [34mΓö£ΓöÇ[39m [2m/posts/danfoss-vfd-fault-w30/index.png[22m [2m(+455ms)[22m 
[2m18:34:01[22m   [34mΓö£ΓöÇ[39m [2m/posts/danfoss-vlt-2900-faults/index.png[22m [2m(+341ms)[22m 
[2m18:34:02[22m   [34mΓö£ΓöÇ[39m [2m/posts/delfield-refrigerator-error-code-e1/index.png[22m [2m(+385ms)[22m 
[2m18:34:02[22m   [34mΓö£ΓöÇ[39m [2m/posts/dixell-xr60c-p1-error-code/index.png[22m [2m(+455ms)[22m 
[2m18:34:02[22m   [34mΓö£ΓöÇ[39m [2m/posts/dmg-mori-dmf-error-codes/index.png[22m [2m(+359ms)[22m 
[2m18:34:03[22m   [34mΓö£ΓöÇ[39m [2m/posts/dmg-mori-fault-codes/index.png[22m [2m(+382ms)[22m 
[2m18:34:03[22m   [34mΓö£ΓöÇ[39m [2m/posts/doosan-cnc-fault-codes/index.png[22m [2m(+373ms)[22m 
[2m18:34:03[22m   [34mΓö£ΓöÇ[39m [2m/posts/eaton-circuit-breaker-fault-codes/index.png[22m [31m(+600ms)[39m 
[2m18:34:04[22m   [34mΓö£ΓöÇ[39m [2m/posts/ducane-furnace-e1-error-code/index.png[22m [2m(+368ms)[22m 
[2m18:34:04[22m   [34mΓö£ΓöÇ[39m [2m/posts/eaton-power-meter-fault-codes/index.png[22m [2m(+363ms)[22m 
[2m18:34:05[22m   [34mΓö£ΓöÇ[39m [2m/posts/eaton-ups-fault-codes/index.png[22m [2m(+409ms)[22m 
[2m18:34:05[22m   [34mΓö£ΓöÇ[39m [2m/posts/eaton-vfd-fault-codes/index.png[22m [2m(+373ms)[22m 
[2m18:34:06[22m   [34mΓö£ΓöÇ[39m [2m/posts/ecm-blower-motor-error-codes/index.png[22m [2m(+413ms)[22m 
[2m18:34:06[22m   [34mΓö£ΓöÇ[39m [2m/posts/ecobee-thermostat-e1-error/index.png[22m [2m(+358ms)[22m 
[2m18:34:06[22m   [34mΓö£ΓöÇ[39m [2m/posts/electrical-panel-trip-reset/index.png[22m [2m(+325ms)[22m 
[2m18:34:07[22m   [34mΓö£ΓöÇ[39m [2m/posts/edwards-fire-alarm-fault-codes/index.png[22m [2m(+386ms)[22m 
[2m18:34:07[22m   [34mΓö£ΓöÇ[39m [2m/posts/elgi-compressor-fault-codes/index.png[22m [2m(+435ms)[22m 
[2m18:34:07[22m   [34mΓö£ΓöÇ[39m [2m/posts/ecolab-dishwasher-fault-codes/index.png[22m [2m(+368ms)[22m 
[2m18:34:08[22m   [34mΓö£ΓöÇ[39m [2m/posts/emerson-alco-controls-eev-fault/index.png[22m [2m(+356ms)[22m 
[2m18:34:08[22m   [34mΓö£ΓöÇ[39m [2m/posts/emerson-control-techniques-fault/index.png[22m [2m(+395ms)[22m 
[2m18:34:09[22m   [34mΓö£ΓöÇ[39m [2m/posts/emerson-e2-controller-error-codes/index.png[22m [2m(+410ms)[22m 
[2m18:34:09[22m   [34mΓö£ΓöÇ[39m [2m/posts/emerson-fisher-positioner-fault/index.png[22m [2m(+433ms)[22m 
[2m18:34:09[22m   [34mΓö£ΓöÇ[39m [2m/posts/emerson-thermostat-e1-error/index.png[22m [2m(+369ms)[22m 
[2m18:34:10[22m   [34mΓö£ΓöÇ[39m [2m/posts/error-code-meaning-guide/index.png[22m [2m(+352ms)[22m 
[2m18:34:10[22m   [34mΓö£ΓöÇ[39m [2m/posts/esab-welder-fault-code-f01/index.png[22m [2m(+370ms)[22m 
[2m18:34:11[22m   [34mΓö£ΓöÇ[39m [2m/posts/esab-rebel-error-codes/index.png[22m [2m(+350ms)[22m 
[2m18:34:11[22m   [34mΓö£ΓöÇ[39m [2m/posts/esab-welder-fault-code-f02/index.png[22m [2m(+408ms)[22m 
[2m18:34:11[22m   [34mΓö£ΓöÇ[39m [2m/posts/evapco-cooling-tower-faults/index.png[22m [2m(+400ms)[22m 
[2m18:34:12[22m   [34mΓö£ΓöÇ[39m [2m/posts/fanuc-0i-md-alarm-codes/index.png[22m [2m(+347ms)[22m 
[2m18:34:12[22m   [34mΓö£ΓöÇ[39m [2m/posts/fanuc-30i-alarm-codes/index.png[22m [2m(+379ms)[22m 
[2m18:34:12[22m   [34mΓö£ΓöÇ[39m [2m/posts/fanuc-alarm-1-overtravel/index.png[22m [2m(+446ms)[22m 
[2m18:34:13[22m   [34mΓö£ΓöÇ[39m [2m/posts/fanuc-alarm-10-servo-alarm/index.png[22m [2m(+412ms)[22m 
[2m18:34:13[22m   [34mΓö£ΓöÇ[39m [2m/posts/fanuc-alarm-2-overtravel/index.png[22m [2m(+339ms)[22m 
[2m18:34:14[22m   [34mΓö£ΓöÇ[39m [2m/posts/fanuc-alarm-3-overtravel/index.png[22m [2m(+351ms)[22m 
[2m18:34:14[22m   [34mΓö£ΓöÇ[39m [2m/posts/fanuc-alarm-300/index.png[22m [2m(+389ms)[22m 
[2m18:34:14[22m   [34mΓö£ΓöÇ[39m [2m/posts/fanuc-alarm-360/index.png[22m [2m(+372ms)[22m 
[2m18:34:15[22m   [34mΓö£ΓöÇ[39m [2m/posts/fanuc-alarm-400/index.png[22m [2m(+361ms)[22m 
[2m18:34:15[22m   [34mΓö£ΓöÇ[39m [2m/posts/fanuc-alarm-401/index.png[22m [2m(+378ms)[22m 
[2m18:34:15[22m   [34mΓö£ΓöÇ[39m [2m/posts/fanuc-alarm-409/index.png[22m [2m(+410ms)[22m 
[2m18:34:16[22m   [34mΓö£ΓöÇ[39m [2m/posts/fanuc-alarm-4-overtravel/index.png[22m [2m(+367ms)[22m 
[2m18:34:16[22m   [34mΓö£ΓöÇ[39m [2m/posts/fanuc-alarm-411/index.png[22m [2m(+348ms)[22m 
[2m18:34:17[22m   [34mΓö£ΓöÇ[39m [2m/posts/fanuc-alarm-414/index.png[22m [2m(+400ms)[22m 
[2m18:34:17[22m   [34mΓö£ΓöÇ[39m [2m/posts/fanuc-alarm-424/index.png[22m [2m(+372ms)[22m 
[2m18:34:17[22m   [34mΓö£ΓöÇ[39m [2m/posts/fanuc-alarm-435/index.png[22m [2m(+449ms)[22m 
[2m18:34:18[22m   [34mΓö£ΓöÇ[39m [2m/posts/fanuc-alarm-436/index.png[22m [2m(+375ms)[22m 
[2m18:34:18[22m   [34mΓö£ΓöÇ[39m [2m/posts/fanuc-alarm-460-spindle/index.png[22m [2m(+372ms)[22m 
[2m18:34:19[22m   [34mΓö£ΓöÇ[39m [2m/posts/fanuc-alarm-437/index.png[22m [2m(+390ms)[22m 
[2m18:34:19[22m   [34mΓö£ΓöÇ[39m [2m/posts/fanuc-alarm-460/index.png[22m [2m(+350ms)[22m 
[2m18:34:19[22m   [34mΓö£ΓöÇ[39m [2m/posts/fanuc-alarm-5-overtravel/index.png[22m [2m(+361ms)[22m 
[2m18:34:20[22m   [34mΓö£ΓöÇ[39m [2m/posts/fanuc-alarm-500/index.png[22m [2m(+392ms)[22m 
[2m18:34:20[22m   [34mΓö£ΓöÇ[39m [2m/posts/fanuc-alarm-6-overtravel/index.png[22m [2m(+364ms)[22m 
[2m18:34:20[22m   [34mΓö£ΓöÇ[39m [2m/posts/fanuc-alarm-600/index.png[22m [2m(+410ms)[22m 
[2m18:34:21[22m   [34mΓö£ΓöÇ[39m [2m/posts/fanuc-alarm-700-spindle/index.png[22m [2m(+330ms)[22m 
[2m18:34:21[22m   [34mΓö£ΓöÇ[39m [2m/posts/fanuc-alarm-700/index.png[22m [2m(+357ms)[22m 
[2m18:34:22[22m   [34mΓö£ΓöÇ[39m [2m/posts/fanuc-alarm-750/index.png[22m [2m(+325ms)[22m 
[2m18:34:22[22m   [34mΓö£ΓöÇ[39m [2m/posts/fanuc-alarm-800/index.png[22m [2m(+338ms)[22m 
[2m18:34:22[22m   [34mΓö£ΓöÇ[39m [2m/posts/fanuc-alarm-codes/index.png[22m [2m(+364ms)[22m 
[2m18:34:23[22m   [34mΓö£ΓöÇ[39m [2m/posts/fanuc-alarm-90-axis-error/index.png[22m [2m(+385ms)[22m 
[2m18:34:23[22m   [34mΓö£ΓöÇ[39m [2m/posts/fanuc-m-series-alarm-codes/index.png[22m [2m(+366ms)[22m 
[2m18:34:23[22m   [34mΓö£ΓöÇ[39m [2m/posts/fanuc-ot-alarm-soft/index.png[22m [2m(+420ms)[22m 
[2m18:34:24[22m   [34mΓö£ΓöÇ[39m [2m/posts/fanuc-ps-alarm-program-error/index.png[22m [2m(+393ms)[22m 
[2m18:34:24[22m   [34mΓö£ΓöÇ[39m [2m/posts/festo-fault-codes/index.png[22m [2m(+417ms)[22m 
[2m18:34:25[22m   [34mΓö£ΓöÇ[39m [2m/posts/flir-t620-error-codes/index.png[22m [2m(+478ms)[22m 
[2m18:34:25[22m   [34mΓö£ΓöÇ[39m [2m/posts/flir-thermal-camera-error-codes/index.png[22m [2m(+405ms)[22m 
[2m18:34:25[22m   [34mΓö£ΓöÇ[39m [2m/posts/flowserve-pump-fault-codes/index.png[22m [2m(+438ms)[22m 
[2m18:34:26[22m   [34mΓö£ΓöÇ[39m [2m/posts/florida-heat-pump-error-codes/index.png[22m [2m(+411ms)[22m 
[2m18:34:26[22m   [34mΓö£ΓöÇ[39m [2m/posts/fluke-289-error-codes/index.png[22m [2m(+354ms)[22m 
[2m18:34:27[22m   [34mΓö£ΓöÇ[39m [2m/posts/fluke-789-processmeter-error/index.png[22m [2m(+377ms)[22m 
[2m18:34:27[22m   [34mΓö£ΓöÇ[39m [2m/posts/fluke-multimeter-error-codes/index.png[22m [2m(+376ms)[22m 
[2m18:34:27[22m   [34mΓö£ΓöÇ[39m [2m/posts/fluke-power-quality-analyzer-errors/index.png[22m [2m(+406ms)[22m 
[2m18:34:28[22m   [34mΓö£ΓöÇ[39m [2m/posts/follett-horizon-elite-error-codes/index.png[22m [2m(+355ms)[22m 
[2m18:34:28[22m   [34mΓö£ΓöÇ[39m [2m/posts/follett-ice-machine-error-code-e1/index.png[22m [2m(+356ms)[22m 
[2m18:34:28[22m   [34mΓö£ΓöÇ[39m [2m/posts/follett-ice-machine-error-code-e2/index.png[22m [2m(+409ms)[22m 
[2m18:34:29[22m   [34mΓö£ΓöÇ[39m [2m/posts/follett-ice-machine-error-code-e3/index.png[22m [2m(+374ms)[22m 
[2m18:34:29[22m   [34mΓö£ΓöÇ[39m [2m/posts/fs-elliott-compressor-faults/index.png[22m [2m(+336ms)[22m 
[2m18:34:30[22m   [34mΓö£ΓöÇ[39m [2m/posts/fuji-vfd-fault-codes/index.png[22m [2m(+394ms)[22m 
[2m18:34:30[22m   [34mΓö£ΓöÇ[39m [2m/posts/frigidaire-mini-split-e1-error-code/index.png[22m [2m(+437ms)[22m 
[2m18:34:30[22m   [34mΓö£ΓöÇ[39m [2m/posts/fujimak-dishwasher-fault-codes/index.png[22m [2m(+446ms)[22m 
[2m18:34:31[22m   [34mΓö£ΓöÇ[39m [2m/posts/fujitsu-mini-split-error-code-e1/index.png[22m [2m(+389ms)[22m 
[2m18:34:31[22m   [34mΓö£ΓöÇ[39m [2m/posts/fujitsu-mini-split-error-code-e3/index.png[22m [2m(+399ms)[22m 
[2m18:34:32[22m   [34mΓö£ΓöÇ[39m [2m/posts/fujitsu-mini-split-error-code-e7/index.png[22m [2m(+470ms)[22m 
[2m18:34:32[22m   [34mΓö£ΓöÇ[39m [2m/posts/fujitsu-mini-split-error-code-e9/index.png[22m [2m(+345ms)[22m 
[2m18:34:32[22m   [34mΓö£ΓöÇ[39m [2m/posts/fujitsu-mini-split-error-codes/index.png[22m [2m(+357ms)[22m 
[2m18:34:33[22m   [34mΓö£ΓöÇ[39m [2m/posts/furnace-error-code-lookup/index.png[22m [2m(+339ms)[22m 
[2m18:34:33[22m   [34mΓö£ΓöÇ[39m [2m/posts/gardner-denver-compressor-faults/index.png[22m [2m(+343ms)[22m 
[2m18:34:34[22m   [34mΓö£ΓöÇ[39m [2m/posts/furnace-flashing-red-light/index.png[22m [2m(+382ms)[22m 
[2m18:34:34[22m   [34mΓö£ΓöÇ[39m [2m/posts/garland-oven-error-codes/index.png[22m [2m(+402ms)[22m 
[2m18:34:34[22m   [34mΓö£ΓöÇ[39m [2m/posts/ge-circuit-breaker-fault-codes/index.png[22m [2m(+328ms)[22m 
[2m18:34:35[22m   [34mΓö£ΓöÇ[39m [2m/posts/ge-multilin-relay-fault/index.png[22m [2m(+383ms)[22m 
[2m18:34:35[22m   [34mΓö£ΓöÇ[39m [2m/posts/generac-generator-error-codes/index.png[22m [2m(+362ms)[22m 
[2m18:34:35[22m   [34mΓö£ΓöÇ[39m [2m/posts/getinge-sterilizer-error-codes/index.png[22m [31m(+561ms)[39m 
[2m18:34:36[22m   [34mΓö£ΓöÇ[39m [2m/posts/goodman-1-flash-error-code/index.png[22m [2m(+469ms)[22m 
[2m18:34:36[22m   [34mΓö£ΓöÇ[39m [2m/posts/gibson-furnace-e1-error-code/index.png[22m [2m(+394ms)[22m 
[2m18:34:37[22m   [34mΓö£ΓöÇ[39m [2m/posts/goodman-2-flash-error-code/index.png[22m [2m(+381ms)[22m 
[2m18:34:37[22m   [34mΓö£ΓöÇ[39m [2m/posts/goodman-3-flash-error-code/index.png[22m [2m(+372ms)[22m 
[2m18:34:38[22m   [34mΓö£ΓöÇ[39m [2m/posts/goodman-5-flash-error-code/index.png[22m [2m(+354ms)[22m 
[2m18:34:38[22m   [34mΓö£ΓöÇ[39m [2m/posts/goodman-4-flash-error-code/index.png[22m [2m(+391ms)[22m 
[2m18:34:38[22m   [34mΓö£ΓöÇ[39m [2m/posts/goodman-6-flash-error-code/index.png[22m [2m(+399ms)[22m 
[2m18:34:39[22m   [34mΓö£ΓöÇ[39m [2m/posts/goodman-7-flash-error-code/index.png[22m [2m(+347ms)[22m 
[2m18:34:39[22m   [34mΓö£ΓöÇ[39m [2m/posts/goodman-8-flash-error-code/index.png[22m [2m(+333ms)[22m 
[2m18:34:39[22m   [34mΓö£ΓöÇ[39m [2m/posts/goodman-9-flash-error-code/index.png[22m [2m(+393ms)[22m 
[2m18:34:40[22m   [34mΓö£ΓöÇ[39m [2m/posts/goodman-amana-furnace-3-flash/index.png[22m [2m(+377ms)[22m 
[2m18:34:40[22m   [34mΓö£ΓöÇ[39m [2m/posts/goodman-communicating-error-codes/index.png[22m [2m(+410ms)[22m 
[2m18:34:41[22m   [34mΓö£ΓöÇ[39m [2m/posts/goodman-furnace-5-flash-error-code/index.png[22m [2m(+368ms)[22m 
[2m18:34:41[22m   [34mΓö£ΓöÇ[39m [2m/posts/goodman-furnace-e2-error-code/index.png[22m [2m(+387ms)[22m 
[2m18:34:41[22m   [34mΓö£ΓöÇ[39m [2m/posts/goodman-furnace-e3-error-code/index.png[22m [2m(+378ms)[22m 
[2m18:34:42[22m   [34mΓö£ΓöÇ[39m [2m/posts/goodman-furnace-e1-error-code/index.png[22m [2m(+453ms)[22m 
[2m18:34:42[22m   [34mΓö£ΓöÇ[39m [2m/posts/goodman-furnace-ee2-error-code/index.png[22m [2m(+372ms)[22m 
[2m18:34:43[22m   [34mΓö£ΓöÇ[39m [2m/posts/goodman-furnace-ef-error-code/index.png[22m [2m(+395ms)[22m 
[2m18:34:43[22m   [34mΓö£ΓöÇ[39m [2m/posts/goodman-furnace-error-codes/index.png[22m [2m(+340ms)[22m 
[2m18:34:43[22m   [34mΓö£ΓöÇ[39m [2m/posts/goodman-gms80-error-codes/index.png[22m [2m(+340ms)[22m 
[2m18:34:44[22m   [34mΓö£ΓöÇ[39m [2m/posts/goodman-gms96-error-codes/index.png[22m [2m(+375ms)[22m 
[2m18:34:44[22m   [34mΓö£ΓöÇ[39m [2m/posts/goodman-gmss96-error-codes/index.png[22m [2m(+436ms)[22m 
[2m18:34:44[22m   [34mΓö£ΓöÇ[39m [2m/posts/goodman-gph-error-codes/index.png[22m [2m(+345ms)[22m 
[2m18:34:45[22m   [34mΓö£ΓöÇ[39m [2m/posts/goodman-gszc18-error-codes/index.png[22m [2m(+431ms)[22m 
[2m18:34:45[22m   [34mΓö£ΓöÇ[39m [2m/posts/goodman-heat-pump-error-code-e1/index.png[22m [2m(+380ms)[22m 
[2m18:34:46[22m   [34mΓö£ΓöÇ[39m [2m/posts/goodman-gsx13-error-codes/index.png[22m [2m(+391ms)[22m 
[2m18:34:46[22m   [34mΓö£ΓöÇ[39m [2m/posts/gree-mini-split-error-code-e1/index.png[22m [2m(+370ms)[22m 
[2m18:34:46[22m   [34mΓö£ΓöÇ[39m [2m/posts/gree-mini-split-error-code-e3/index.png[22m [2m(+356ms)[22m 
[2m18:34:47[22m   [34mΓö£ΓöÇ[39m [2m/posts/grundfos-pump-fault-codes/index.png[22m [2m(+357ms)[22m 
[2m18:34:47[22m   [34mΓö£ΓöÇ[39m [2m/posts/gree-mini-split-error-code-e6/index.png[22m [2m(+356ms)[22m 
[2m18:34:47[22m   [34mΓö£ΓöÇ[39m [2m/posts/haas-alarm-101-emergency-stop/index.png[22m [2m(+335ms)[22m 
[2m18:34:48[22m   [34mΓö£ΓöÇ[39m [2m/posts/haas-alarm-102/index.png[22m [2m(+352ms)[22m 
[2m18:34:48[22m   [34mΓö£ΓöÇ[39m [2m/posts/haas-alarm-103/index.png[22m [2m(+323ms)[22m 
[2m18:34:48[22m   [34mΓö£ΓöÇ[39m [2m/posts/haas-alarm-105/index.png[22m [2m(+312ms)[22m 
[2m18:34:49[22m   [34mΓö£ΓöÇ[39m [2m/posts/haas-alarm-104-feed-hold/index.png[22m [2m(+345ms)[22m 
[2m18:34:49[22m   [34mΓö£ΓöÇ[39m [2m/posts/haas-alarm-106/index.png[22m [2m(+418ms)[22m 
[2m18:34:49[22m   [34mΓö£ΓöÇ[39m [2m/posts/haas-alarm-107/index.png[22m [2m(+401ms)[22m 
[2m18:34:50[22m   [34mΓö£ΓöÇ[39m [2m/posts/haas-alarm-108/index.png[22m [2m(+333ms)[22m 
[2m18:34:50[22m   [34mΓö£ΓöÇ[39m [2m/posts/haas-alarm-110/index.png[22m [2m(+371ms)[22m 
[2m18:34:51[22m   [34mΓö£ΓöÇ[39m [2m/posts/haas-alarm-111/index.png[22m [2m(+351ms)[22m 
[2m18:34:51[22m   [34mΓö£ΓöÇ[39m [2m/posts/haas-alarm-112/index.png[22m [2m(+343ms)[22m 
[2m18:34:51[22m   [34mΓö£ΓöÇ[39m [2m/posts/haas-alarm-114/index.png[22m [2m(+391ms)[22m 
[2m18:34:52[22m   [34mΓö£ΓöÇ[39m [2m/posts/haas-alarm-113/index.png[22m [2m(+454ms)[22m 
[2m18:34:52[22m   [34mΓö£ΓöÇ[39m [2m/posts/haas-alarm-116/index.png[22m [2m(+434ms)[22m 
[2m18:34:53[22m   [34mΓö£ΓöÇ[39m [2m/posts/haas-alarm-115-spindle-overload/index.png[22m [2m(+353ms)[22m 
[2m18:34:53[22m   [34mΓö£ΓöÇ[39m [2m/posts/haas-alarm-117/index.png[22m [2m(+351ms)[22m 
[2m18:34:53[22m   [34mΓö£ΓöÇ[39m [2m/posts/haas-alarm-118/index.png[22m [2m(+370ms)[22m 
[2m18:34:54[22m   [34mΓö£ΓöÇ[39m [2m/posts/haas-alarm-119/index.png[22m [2m(+418ms)[22m 
[2m18:34:54[22m   [34mΓö£ΓöÇ[39m [2m/posts/haas-alarm-121/index.png[22m [2m(+345ms)[22m 
[2m18:34:54[22m   [34mΓö£ΓöÇ[39m [2m/posts/haas-alarm-120-atc-fault/index.png[22m [2m(+404ms)[22m 
[2m18:34:55[22m   [34mΓö£ΓöÇ[39m [2m/posts/haas-alarm-122/index.png[22m [2m(+366ms)[22m 
[2m18:34:55[22m   [34mΓö£ΓöÇ[39m [2m/posts/haas-alarm-123/index.png[22m [2m(+372ms)[22m 
[2m18:34:56[22m   [34mΓö£ΓöÇ[39m [2m/posts/haas-alarm-124/index.png[22m [2m(+353ms)[22m 
[2m18:34:56[22m   [34mΓö£ΓöÇ[39m [2m/posts/haas-alarm-126/index.png[22m [2m(+325ms)[22m 
[2m18:34:56[22m   [34mΓö£ΓöÇ[39m [2m/posts/haas-alarm-125-carousel-fault/index.png[22m [2m(+350ms)[22m 
[2m18:34:57[22m   [34mΓö£ΓöÇ[39m [2m/posts/haas-alarm-127/index.png[22m [2m(+382ms)[22m 
[2m18:34:57[22m   [34mΓö£ΓöÇ[39m [2m/posts/haas-alarm-128/index.png[22m [2m(+342ms)[22m 
[2m18:34:57[22m   [34mΓö£ΓöÇ[39m [2m/posts/haas-alarm-129/index.png[22m [2m(+325ms)[22m 
[2m18:34:58[22m   [34mΓö£ΓöÇ[39m [2m/posts/haas-alarm-130/index.png[22m [2m(+380ms)[22m 
[2m18:34:58[22m   [34mΓö£ΓöÇ[39m [2m/posts/haas-alarm-codes/index.png[22m [2m(+341ms)[22m 
[2m18:34:58[22m   [34mΓö£ΓöÇ[39m [2m/posts/haas-ec-400-alarm-codes/index.png[22m [2m(+385ms)[22m 
[2m18:34:59[22m   [34mΓö£ΓöÇ[39m [2m/posts/haas-alarm-134-spindle-drive/index.png[22m [2m(+408ms)[22m 
[2m18:34:59[22m   [34mΓö£ΓöÇ[39m [2m/posts/haas-next-generation-alarm-codes/index.png[22m [2m(+372ms)[22m 
[2m18:34:59[22m   [34mΓö£ΓöÇ[39m [2m/posts/haas-sl-20-lathe-alarms/index.png[22m [2m(+390ms)[22m 
[2m18:35:00[22m   [34mΓö£ΓöÇ[39m [2m/posts/haas-vf2-common-alarms/index.png[22m [2m(+390ms)[22m 
[2m18:35:00[22m   [34mΓö£ΓöÇ[39m [2m/posts/heat-pump-error-code-guide/index.png[22m [2m(+348ms)[22m 
[2m18:35:01[22m   [34mΓö£ΓöÇ[39m [2m/posts/haas-vf4-common-alarms/index.png[22m [2m(+398ms)[22m 
[2m18:35:01[22m   [34mΓö£ΓöÇ[39m [2m/posts/heatcraft-refrigeration-alarm-1-high-temperature/index.png[22m [2m(+350ms)[22m 
[2m18:35:01[22m   [34mΓö£ΓöÇ[39m [2m/posts/heatcraft-refrigeration-alarm-2/index.png[22m [2m(+458ms)[22m 
[2m18:35:02[22m   [34mΓö£ΓöÇ[39m [2m/posts/heatcraft-refrigeration-alarm-3/index.png[22m [2m(+426ms)[22m 
[2m18:35:02[22m   [34mΓö£ΓöÇ[39m [2m/posts/heatcraft-walk-in-error-codes/index.png[22m [2m(+366ms)[22m 
[2m18:35:03[22m   [34mΓö£ΓöÇ[39m [2m/posts/heatcraft-zer-series-alarm/index.png[22m [2m(+374ms)[22m 
[2m18:35:03[22m   [34mΓö£ΓöÇ[39m [2m/posts/heidenhain-error-399/index.png[22m [2m(+392ms)[22m 
[2m18:35:03[22m   [34mΓö£ΓöÇ[39m [2m/posts/heidenhain-error-code-399-servo/index.png[22m [2m(+331ms)[22m 
[2m18:35:04[22m   [34mΓö£ΓöÇ[39m [2m/posts/heidenhain-itnc-530-error-codes/index.png[22m [2m(+335ms)[22m 
[2m18:35:04[22m   [34mΓö£ΓöÇ[39m [2m/posts/heidenhain-tnc-640-error-codes/index.png[22m [2m(+323ms)[22m 
[2m18:35:04[22m   [34mΓö£ΓöÇ[39m [2m/posts/heil-furnace-e1-error-code/index.png[22m [2m(+328ms)[22m 
[2m18:35:05[22m   [34mΓö£ΓöÇ[39m [2m/posts/heil-furnace-e2-error-code/index.png[22m [2m(+334ms)[22m 
[2m18:35:05[22m   [34mΓö£ΓöÇ[39m [2m/posts/heil-furnace-e4-error-code/index.png[22m [2m(+332ms)[22m 
[2m18:35:05[22m   [34mΓö£ΓöÇ[39m [2m/posts/henny-penny-fryer-error-codes/index.png[22m [2m(+377ms)[22m 
[2m18:35:06[22m   [34mΓö£ΓöÇ[39m [2m/posts/hillphoenix-case-error-code-e1/index.png[22m [2m(+389ms)[22m 
[2m18:35:06[22m   [34mΓö£ΓöÇ[39m [2m/posts/hitachi-vfd-fault-codes/index.png[22m [2m(+315ms)[22m 
[2m18:35:06[22m   [34mΓö£ΓöÇ[39m [2m/posts/hobart-dishwasher-error-codes/index.png[22m [2m(+332ms)[22m 
[2m18:35:07[22m   [34mΓö£ΓöÇ[39m [2m/posts/honeywell-fire-alarm-fault-codes/index.png[22m [31m(+537ms)[39m 
[2m18:35:07[22m   [34mΓö£ΓöÇ[39m [2m/posts/honeywell-hm512-humidifier-error/index.png[22m [2m(+366ms)[22m 
[2m18:35:08[22m   [34mΓö£ΓöÇ[39m [2m/posts/honeywell-thermostat-e1-error-code-sensor-fault/index.png[22m [2m(+398ms)[22m 
[2m18:35:08[22m   [34mΓö£ΓöÇ[39m [2m/posts/honeywell-thermostat-e2-error/index.png[22m [2m(+351ms)[22m 
[2m18:35:08[22m   [34mΓö£ΓöÇ[39m [2m/posts/honeywell-truezone-error-codes/index.png[22m [2m(+369ms)[22m 
[2m18:35:09[22m   [34mΓö£ΓöÇ[39m [2m/posts/honeywell-vista-fault-code-fc/index.png[22m [2m(+349ms)[22m 
[2m18:35:09[22m   [34mΓö£ΓöÇ[39m [2m/posts/honeywell-webs-fault-codes/index.png[22m [2m(+351ms)[22m 
[2m18:35:10[22m   [34mΓö£ΓöÇ[39m [2m/posts/honeywell-youtube-thermostat-errors/index.png[22m [2m(+404ms)[22m 
[2m18:35:10[22m   [34mΓö£ΓöÇ[39m [2m/posts/hoshizaki-dkm-500-error-codes/index.png[22m [2m(+370ms)[22m 
[2m18:35:10[22m   [34mΓö£ΓöÇ[39m [2m/posts/hoshizaki-e1-error-code/index.png[22m [2m(+347ms)[22m 
[2m18:35:11[22m   [34mΓö£ΓöÇ[39m [2m/posts/hoshizaki-e2-error-code/index.png[22m [2m(+412ms)[22m 
[2m18:35:11[22m   [34mΓö£ΓöÇ[39m [2m/posts/hoshizaki-e3-error-code/index.png[22m [2m(+340ms)[22m 
[2m18:35:11[22m   [34mΓö£ΓöÇ[39m [2m/posts/hoshizaki-e4-error-code/index.png[22m [2m(+419ms)[22m 
[2m18:35:12[22m   [34mΓö£ΓöÇ[39m [2m/posts/hoshizaki-e5-error-code/index.png[22m [2m(+383ms)[22m 
[2m18:35:12[22m   [34mΓö£ΓöÇ[39m [2m/posts/hoshizaki-e6-error-code/index.png[22m [2m(+346ms)[22m 
[2m18:35:13[22m   [34mΓö£ΓöÇ[39m [2m/posts/hoshizaki-e7-error-code/index.png[22m [2m(+364ms)[22m 
[2m18:35:13[22m   [34mΓö£ΓöÇ[39m [2m/posts/hoshizaki-e8-error-code/index.png[22m [2m(+373ms)[22m 
[2m18:35:13[22m   [34mΓö£ΓöÇ[39m [2m/posts/hoshizaki-e9-error-code/index.png[22m [2m(+371ms)[22m 
[2m18:35:14[22m   [34mΓö£ΓöÇ[39m [2m/posts/hoshizaki-f01-error-code/index.png[22m [2m(+395ms)[22m 
[2m18:35:14[22m   [34mΓö£ΓöÇ[39m [2m/posts/hoshizaki-f1-error-code/index.png[22m [2m(+438ms)[22m 
[2m18:35:14[22m   [34mΓö£ΓöÇ[39m [2m/posts/hoshizaki-f2-error-code/index.png[22m [2m(+379ms)[22m 
[2m18:35:15[22m   [34mΓö£ΓöÇ[39m [2m/posts/hoshizaki-f450-error-codes/index.png[22m [2m(+364ms)[22m 
[2m18:35:15[22m   [34mΓö£ΓöÇ[39m [2m/posts/hoshizaki-km-1301-error-codes/index.png[22m [2m(+400ms)[22m 
[2m18:35:16[22m   [34mΓö£ΓöÇ[39m [2m/posts/hoshizaki-km-330-error-codes/index.png[22m [2m(+358ms)[22m 
[2m18:35:16[22m   [34mΓö£ΓöÇ[39m [2m/posts/hoshizaki-km-515-error-codes/index.png[22m [2m(+469ms)[22m 
[2m18:35:16[22m   [34mΓö£ΓöÇ[39m [2m/posts/hoshizaki-km-series-e1-error/index.png[22m [2m(+382ms)[22m 
[2m18:35:17[22m   [34mΓö£ΓöÇ[39m [2m/posts/hussmann-display-case-e2/index.png[22m [2m(+432ms)[22m 
[2m18:35:17[22m   [34mΓö£ΓöÇ[39m [2m/posts/hussmann-display-case-error-code-88-sensor-fault/index.png[22m [2m(+420ms)[22m 
[2m18:35:18[22m   [34mΓö£ΓöÇ[39m [2m/posts/hussmann-display-case-error-code-e1/index.png[22m [2m(+369ms)[22m 
[2m18:35:18[22m   [34mΓö£ΓöÇ[39m [2m/posts/hussmann-walk-in-error-codes/index.png[22m [2m(+369ms)[22m 
[2m18:35:18[22m   [34mΓö£ΓöÇ[39m [2m/posts/hvac-error-codes-guide/index.png[22m [2m(+358ms)[22m 
[2m18:35:19[22m   [34mΓö£ΓöÇ[39m [2m/posts/hydrotherm-boiler-error-code-e1/index.png[22m [2m(+371ms)[22m 
[2m18:35:19[22m   [34mΓö£ΓöÇ[39m [2m/posts/hydraulic-system-fault-codes/index.png[22m [2m(+333ms)[22m 
[2m18:35:19[22m   [34mΓö£ΓöÇ[39m [2m/posts/hypertherm-plasma-cutter-fault-0-30/index.png[22m [2m(+406ms)[22m 
[2m18:35:20[22m   [34mΓö£ΓöÇ[39m [2m/posts/hypertherm-plasma-cutter-fault-0-70/index.png[22m [31m(+502ms)[39m 
[2m18:35:20[22m   [34mΓö£ΓöÇ[39m [2m/posts/hyster-forklift-error-codes/index.png[22m [2m(+350ms)[22m 
[2m18:35:21[22m   [34mΓö£ΓöÇ[39m [2m/posts/hypertherm-powermax45-fault-codes/index.png[22m [2m(+396ms)[22m 
[2m18:35:21[22m   [34mΓö£ΓöÇ[39m [2m/posts/ice-machine-error-code-lookup/index.png[22m [2m(+375ms)[22m 
[2m18:35:22[22m   [34mΓö£ΓöÇ[39m [2m/posts/ice-o-matic-error-code-e1/index.png[22m [2m(+357ms)[22m 
[2m18:35:22[22m   [34mΓö£ΓöÇ[39m [2m/posts/ice-o-matic-error-code-e3/index.png[22m [2m(+324ms)[22m 
[2m18:35:22[22m   [34mΓö£ΓöÇ[39m [2m/posts/ice-o-matic-gem-0305-error-codes/index.png[22m [2m(+345ms)[22m 
[2m18:35:23[22m   [34mΓö£ΓöÇ[39m [2m/posts/ice-o-matic-gemu090-error-codes/index.png[22m [2m(+428ms)[22m 
[2m18:35:23[22m   [34mΓö£ΓöÇ[39m [2m/posts/icp-furnace-e4-error-code/index.png[22m [2m(+376ms)[22m 
[2m18:35:23[22m   [34mΓö£ΓöÇ[39m [2m/posts/industrial-control-panel-fault/index.png[22m [2m(+460ms)[22m 
[2m18:35:24[22m   [34mΓö£ΓöÇ[39m [2m/posts/industrial-error-code-database/index.png[22m [2m(+494ms)[22m 
[2m18:35:24[22m   [34mΓö£ΓöÇ[39m [2m/posts/ingersoll-rand-compressor-faults/index.png[22m [2m(+396ms)[22m 
[2m18:35:25[22m   [34mΓö£ΓöÇ[39m [2m/posts/ingersoll-rand-r-series-faults/index.png[22m [31m(+516ms)[39m 
[2m18:35:25[22m   [34mΓö£ΓöÇ[39m [2m/posts/jackson-dishwasher-error-codes/index.png[22m [2m(+423ms)[22m 
[2m18:35:26[22m   [34mΓö£ΓöÇ[39m [2m/posts/johnson-controls-metasys-fault/index.png[22m [2m(+399ms)[22m 
[2m18:35:26[22m   [34mΓö£ΓöÇ[39m [2m/posts/johnson-controls-penn-fault/index.png[22m [31m(+541ms)[39m 
[2m18:35:27[22m   [34mΓö£ΓöÇ[39m [2m/posts/johnson-controls-vfd-fault/index.png[22m [2m(+437ms)[22m 
[2m18:35:27[22m   [34mΓö£ΓöÇ[39m [2m/posts/kaeser-compressor-error-codes/index.png[22m [2m(+369ms)[22m 
[2m18:35:27[22m   [34mΓö£ΓöÇ[39m [2m/posts/kaeser-sigma-control-faults/index.png[22m [2m(+354ms)[22m 
[2m18:35:28[22m   [34mΓö£ΓöÇ[39m [2m/posts/keeprite-furnace-e1-error-code/index.png[22m [2m(+437ms)[22m 
[2m18:35:28[22m   [34mΓö£ΓöÇ[39m [2m/posts/klimaire-mini-split-e1-error-code/index.png[22m [2m(+370ms)[22m 
[2m18:35:29[22m   [34mΓö£ΓöÇ[39m [2m/posts/kb-electronics-fault-codes/index.png[22m [2m(+422ms)[22m 
[2m18:35:29[22m   [34mΓö£ΓöÇ[39m [2m/posts/kohler-generator-fault-codes/index.png[22m [2m(+364ms)[22m 
[2m18:35:29[22m   [34mΓö£ΓöÇ[39m [2m/posts/kone-elevator-fault-codes/index.png[22m [2m(+420ms)[22m 
[2m18:35:30[22m   [34mΓö£ΓöÇ[39m [2m/posts/larkin-refrigeration-error-codes/index.png[22m [2m(+404ms)[22m 
[2m18:35:30[22m   [34mΓö£ΓöÇ[39m [2m/posts/lennox-292-error-code/index.png[22m [2m(+422ms)[22m 
[2m18:35:31[22m   [34mΓö£ΓöÇ[39m [2m/posts/lennox-elite-series-furnace-codes/index.png[22m [2m(+389ms)[22m 
[2m18:35:31[22m   [34mΓö£ΓöÇ[39m [2m/posts/lennox-error-code-111/index.png[22m [2m(+380ms)[22m 
[2m18:35:31[22m   [34mΓö£ΓöÇ[39m [2m/posts/lennox-error-code-103/index.png[22m [2m(+336ms)[22m 
[2m18:35:32[22m   [34mΓö£ΓöÇ[39m [2m/posts/lennox-error-code-114/index.png[22m [2m(+347ms)[22m 
[2m18:35:32[22m   [34mΓö£ΓöÇ[39m [2m/posts/lennox-error-code-125/index.png[22m [2m(+344ms)[22m 
[2m18:35:32[22m   [34mΓö£ΓöÇ[39m [2m/posts/lennox-error-code-204/index.png[22m [2m(+323ms)[22m 
[2m18:35:33[22m   [34mΓö£ΓöÇ[39m [2m/posts/lennox-error-code-223/index.png[22m [2m(+340ms)[22m 
[2m18:35:33[22m   [34mΓö£ΓöÇ[39m [2m/posts/lennox-error-code-225/index.png[22m [2m(+401ms)[22m 
[2m18:35:33[22m   [34mΓö£ΓöÇ[39m [2m/posts/lennox-error-code-231/index.png[22m [2m(+451ms)[22m 
[2m18:35:34[22m   [34mΓö£ΓöÇ[39m [2m/posts/lennox-error-code-327/index.png[22m [2m(+324ms)[22m 
[2m18:35:34[22m   [34mΓö£ΓöÇ[39m [2m/posts/lennox-error-code-332/index.png[22m [2m(+344ms)[22m 
[2m18:35:35[22m   [34mΓö£ΓöÇ[39m [2m/posts/lennox-error-code-411/index.png[22m [2m(+349ms)[22m 
[2m18:35:35[22m   [34mΓö£ΓöÇ[39m [2m/posts/lennox-error-code-412-inducer/index.png[22m [2m(+353ms)[22m 
[2m18:35:35[22m   [34mΓö£ΓöÇ[39m [2m/posts/lennox-error-code-412/index.png[22m [2m(+376ms)[22m 
[2m18:35:36[22m   [34mΓö£ΓöÇ[39m [2m/posts/lennox-error-code-414-gas-valve-circuit-fault/index.png[22m [2m(+351ms)[22m 
[2m18:35:36[22m   [34mΓö£ΓöÇ[39m [2m/posts/lennox-error-code-414-rollout/index.png[22m [2m(+368ms)[22m 
[2m18:35:36[22m   [34mΓö£ΓöÇ[39m [2m/posts/lennox-error-code-432/index.png[22m [2m(+354ms)[22m 
[2m18:35:37[22m   [34mΓö£ΓöÇ[39m [2m/posts/lennox-error-code-434/index.png[22m [2m(+414ms)[22m 
[2m18:35:37[22m   [34mΓö£ΓöÇ[39m [2m/posts/lennox-error-code-441/index.png[22m [2m(+376ms)[22m 
[2m18:35:37[22m   [34mΓö£ΓöÇ[39m [2m/posts/lennox-error-code-540-communicating/index.png[22m [2m(+388ms)[22m 
[2m18:35:38[22m   [34mΓö£ΓöÇ[39m [2m/posts/lennox-error-code-540/index.png[22m [2m(+359ms)[22m 
[2m18:35:38[22m   [34mΓö£ΓöÇ[39m [2m/posts/lennox-g60uhv-error-codes/index.png[22m [2m(+346ms)[22m 
[2m18:35:39[22m   [34mΓö£ΓöÇ[39m [2m/posts/lennox-furnace-error-codes/index.png[22m [2m(+352ms)[22m 
[2m18:35:39[22m   [34mΓö£ΓöÇ[39m [2m/posts/lennox-harmony-iii-error-codes/index.png[22m [2m(+361ms)[22m 
[2m18:35:39[22m   [34mΓö£ΓöÇ[39m [2m/posts/lennox-iharmony-zoning-error/index.png[22m [31m(+547ms)[39m 
[2m18:35:40[22m   [34mΓö£ΓöÇ[39m [2m/posts/lennox-icomfort-error-codes/index.png[22m [2m(+368ms)[22m 
[2m18:35:40[22m   [34mΓö£ΓöÇ[39m [2m/posts/lennox-healthy-climate-error-codes/index.png[22m [2m(+435ms)[22m 
[2m18:35:41[22m   [34mΓö£ΓöÇ[39m [2m/posts/lennox-mini-split-error-code-e1/index.png[22m [2m(+383ms)[22m 
[2m18:35:41[22m   [34mΓö£ΓöÇ[39m [2m/posts/lennox-resolve-plus-error-codes/index.png[22m [2m(+431ms)[22m 
[2m18:35:41[22m   [34mΓö£ΓöÇ[39m [2m/posts/lennox-rooftop-unit-error-codes/index.png[22m [2m(+364ms)[22m 
[2m18:35:42[22m   [34mΓö£ΓöÇ[39m [2m/posts/lennox-slp98v-error-codes/index.png[22m [31m(+520ms)[39m 
[2m18:35:42[22m   [34mΓö£ΓöÇ[39m [2m/posts/lennox-xc21-error-codes/index.png[22m [2m(+353ms)[22m 
[2m18:35:43[22m   [34mΓö£ΓöÇ[39m [2m/posts/lennox-xc16-error-codes/index.png[22m [2m(+339ms)[22m 
[2m18:35:43[22m   [34mΓö£ΓöÇ[39m [2m/posts/lennox-xp21-error-codes/index.png[22m [2m(+377ms)[22m 
[2m18:35:43[22m   [34mΓö£ΓöÇ[39m [2m/posts/lenze-smd-fault-0x0001/index.png[22m [2m(+352ms)[22m 
[2m18:35:44[22m   [34mΓö£ΓöÇ[39m [2m/posts/lenze-i550-fault-lf/index.png[22m [2m(+426ms)[22m 
[2m18:35:44[22m   [34mΓö£ΓöÇ[39m [2m/posts/lenze-vfd-fault-ce/index.png[22m [2m(+382ms)[22m 
[2m18:35:45[22m   [34mΓö£ΓöÇ[39m [2m/posts/lenze-vfd-fault-lp/index.png[22m [2m(+377ms)[22m 
[2m18:35:45[22m   [34mΓö£ΓöÇ[39m [2m/posts/lg-mini-split-ch01-error-code/index.png[22m [2m(+328ms)[22m 
[2m18:35:45[22m   [34mΓö£ΓöÇ[39m [2m/posts/lg-mini-split-ch02-error-code/index.png[22m [2m(+337ms)[22m 
[2m18:35:46[22m   [34mΓö£ΓöÇ[39m [2m/posts/lg-mini-split-ch05-error-code/index.png[22m [2m(+347ms)[22m 
[2m18:35:46[22m   [34mΓö£ΓöÇ[39m [2m/posts/lg-mini-split-ch10-error-code/index.png[22m [2m(+371ms)[22m 
[2m18:35:46[22m   [34mΓö£ΓöÇ[39m [2m/posts/lg-mini-split-ch21-error-code/index.png[22m [2m(+387ms)[22m 
[2m18:35:47[22m   [34mΓö£ΓöÇ[39m [2m/posts/lg-mini-split-ch26-error-code/index.png[22m [2m(+368ms)[22m 
[2m18:35:47[22m   [34mΓö£ΓöÇ[39m [2m/posts/lg-mini-split-ch34-error-code/index.png[22m [2m(+356ms)[22m 
[2m18:35:47[22m   [34mΓö£ΓöÇ[39m [2m/posts/lg-mini-split-ch38-error-code/index.png[22m [2m(+400ms)[22m 
[2m18:35:48[22m   [34mΓö£ΓöÇ[39m [2m/posts/lg-mini-split-ch67-error-code/index.png[22m [2m(+387ms)[22m 
[2m18:35:48[22m   [34mΓö£ΓöÇ[39m [2m/posts/lg-multi-v-error-codes/index.png[22m [2m(+356ms)[22m 
[2m18:35:49[22m   [34mΓö£ΓöÇ[39m [2m/posts/lg-mini-split-error-codes/index.png[22m [2m(+389ms)[22m 
[2m18:35:49[22m   [34mΓö£ΓöÇ[39m [2m/posts/lincoln-electric-e10-error-code/index.png[22m [2m(+329ms)[22m 
[2m18:35:49[22m   [34mΓö£ΓöÇ[39m [2m/posts/lincoln-electric-e12-error-code/index.png[22m [2m(+391ms)[22m 
[2m18:35:50[22m   [34mΓö£ΓöÇ[39m [2m/posts/lincoln-electric-e13-error-code/index.png[22m [2m(+371ms)[22m 
[2m18:35:50[22m   [34mΓö£ΓöÇ[39m [2m/posts/lincoln-electric-e11-error-code/index.png[22m [2m(+352ms)[22m 
[2m18:35:50[22m   [34mΓö£ΓöÇ[39m [2m/posts/lincoln-electric-e14-error-code/index.png[22m [2m(+346ms)[22m 
[2m18:35:51[22m   [34mΓö£ΓöÇ[39m [2m/posts/lincoln-electric-power-mig-error-codes/index.png[22m [2m(+337ms)[22m 
[2m18:35:51[22m   [34mΓö£ΓöÇ[39m [2m/posts/lincoln-foodservice-oven-fault/index.png[22m [2m(+469ms)[22m 
[2m18:35:52[22m   [34mΓö£ΓöÇ[39m [2m/posts/lochinvar-boiler-error-code-e02-ignition-failure/index.png[22m [2m(+362ms)[22m 
[2m18:35:52[22m   [34mΓö£ΓöÇ[39m [2m/posts/lochinvar-boiler-error-code-e01/index.png[22m [2m(+389ms)[22m 
[2m18:35:52[22m   [34mΓö£ΓöÇ[39m [2m/posts/lochinvar-boiler-error-code-e03/index.png[22m [31m(+546ms)[39m 
[2m18:35:53[22m   [34mΓö£ΓöÇ[39m [2m/posts/lochinvar-boiler-error-code-e04/index.png[22m [2m(+331ms)[22m 
[2m18:35:53[22m   [34mΓö£ΓöÇ[39m [2m/posts/luxaire-furnace-e1-error-code/index.png[22m [2m(+384ms)[22m 
[2m18:35:54[22m   [34mΓö£ΓöÇ[39m [2m/posts/lochinvar-boiler-flame-fail/index.png[22m [2m(+361ms)[22m 
[2m18:35:54[22m   [34mΓö£ΓöÇ[39m [2m/posts/man-energy-compressor-faults/index.png[22m [2m(+372ms)[22m 
[2m18:35:54[22m   [34mΓö£ΓöÇ[39m [2m/posts/manitowoc-ice-machine-error-code-10/index.png[22m [2m(+415ms)[22m 
[2m18:35:55[22m   [34mΓö£ΓöÇ[39m [2m/posts/manitowoc-fryer-error-codes/index.png[22m [2m(+390ms)[22m 
[2m18:35:55[22m   [34mΓö£ΓöÇ[39m [2m/posts/manitowoc-ice-machine-complete-guide/index.png[22m [2m(+426ms)[22m 
[2m18:35:56[22m   [34mΓö£ΓöÇ[39m [2m/posts/manitowoc-ice-machine-error-code-2/index.png[22m [2m(+365ms)[22m 
[2m18:35:56[22m   [34mΓö£ΓöÇ[39m [2m/posts/manitowoc-ice-machine-error-code-3/index.png[22m [2m(+353ms)[22m 
[2m18:35:56[22m   [34mΓö£ΓöÇ[39m [2m/posts/manitowoc-ice-machine-error-code-4-water-curtain/index.png[22m [2m(+357ms)[22m 
[2m18:35:57[22m   [34mΓö£ΓöÇ[39m [2m/posts/manitowoc-ice-machine-error-code-5/index.png[22m [2m(+373ms)[22m 
[2m18:35:57[22m   [34mΓö£ΓöÇ[39m [2m/posts/manitowoc-ice-machine-error-code-7/index.png[22m [2m(+401ms)[22m 
[2m18:35:57[22m   [34mΓö£ΓöÇ[39m [2m/posts/manitowoc-ice-machine-error-code-6/index.png[22m [2m(+354ms)[22m 
[2m18:35:58[22m   [34mΓö£ΓöÇ[39m [2m/posts/manitowoc-ice-machine-error-code-8/index.png[22m [2m(+352ms)[22m 
[2m18:35:58[22m   [34mΓö£ΓöÇ[39m [2m/posts/manitowoc-ice-machine-error-code-9/index.png[22m [2m(+365ms)[22m 
[2m18:35:58[22m   [34mΓö£ΓöÇ[39m [2m/posts/manitowoc-ice-machine-error-code-e01/index.png[22m [2m(+400ms)[22m 
[2m18:35:59[22m   [34mΓö£ΓöÇ[39m [2m/posts/manitowoc-ice-machine-error-code-e04/index.png[22m [2m(+385ms)[22m 
[2m18:35:59[22m   [34mΓö£ΓöÇ[39m [2m/posts/manitowoc-id-0322-error-codes/index.png[22m [2m(+357ms)[22m 
[2m18:36:00[22m   [34mΓö£ΓöÇ[39m [2m/posts/manitowoc-id-0502-error-codes/index.png[22m [2m(+365ms)[22m 
[2m18:36:00[22m   [34mΓö£ΓöÇ[39m [2m/posts/manitowoc-indigo-error-codes/index.png[22m [2m(+407ms)[22m 
[2m18:36:00[22m   [34mΓö£ΓöÇ[39m [2m/posts/manitowoc-iy-0454-error-codes/index.png[22m [2m(+416ms)[22m 
[2m18:36:01[22m   [34mΓö£ΓöÇ[39m [2m/posts/manitowoc-neo-error-codes/index.png[22m [2m(+379ms)[22m 
[2m18:36:01[22m   [34mΓö£ΓöÇ[39m [2m/posts/manitowoc-iyt-0450-error-codes/index.png[22m [2m(+375ms)[22m 
[2m18:36:02[22m   [34mΓö£ΓöÇ[39m [2m/posts/master-bilt-refrigerator-error-code-1/index.png[22m [2m(+383ms)[22m 
[2m18:36:02[22m   [34mΓö£ΓöÇ[39m [2m/posts/mazak-alarm-1-servo/index.png[22m [2m(+358ms)[22m 
[2m18:36:02[22m   [34mΓö£ΓöÇ[39m [2m/posts/mazak-alarm-100-spindle/index.png[22m [2m(+379ms)[22m 
[2m18:36:03[22m   [34mΓö£ΓöÇ[39m [2m/posts/mazak-alarm-200-spindle/index.png[22m [2m(+347ms)[22m 
[2m18:36:03[22m   [34mΓö£ΓöÇ[39m [2m/posts/mazak-alarm-400-servo/index.png[22m [2m(+322ms)[22m 
[2m18:36:03[22m   [34mΓö£ΓöÇ[39m [2m/posts/mazak-alarm-50-servo/index.png[22m [2m(+377ms)[22m 
[2m18:36:04[22m   [34mΓö£ΓöÇ[39m [2m/posts/mazak-alarm-500-pc/index.png[22m [2m(+409ms)[22m 
[2m18:36:04[22m   [34mΓö£ΓöÇ[39m [2m/posts/mazak-alarm-600-atc/index.png[22m [2m(+343ms)[22m 
[2m18:36:04[22m   [34mΓö£ΓöÇ[39m [2m/posts/mazak-alarm-700-mpc/index.png[22m [2m(+373ms)[22m 
[2m18:36:05[22m   [34mΓö£ΓöÇ[39m [2m/posts/mazak-alarm-800-atc/index.png[22m [2m(+371ms)[22m 
[2m18:36:05[22m   [34mΓö£ΓöÇ[39m [2m/posts/mazak-alarm-900-magazine/index.png[22m [2m(+396ms)[22m 
[2m18:36:06[22m   [34mΓö£ΓöÇ[39m [2m/posts/mazak-alarm-codes/index.png[22m [2m(+350ms)[22m 
[2m18:36:06[22m   [34mΓö£ΓöÇ[39m [2m/posts/mazak-cnc-alarm-200-parameter/index.png[22m [2m(+374ms)[22m 
[2m18:36:06[22m   [34mΓö£ΓöÇ[39m [2m/posts/mazak-cnc-alarm-30-servo-alarm/index.png[22m [2m(+380ms)[22m 
[2m18:36:07[22m   [34mΓö£ΓöÇ[39m [2m/posts/mazak-integrex-error-codes/index.png[22m [2m(+370ms)[22m 
[2m18:36:07[22m   [34mΓö£ΓöÇ[39m [2m/posts/mazak-matrix-fault-codes/index.png[22m [2m(+400ms)[22m 
[2m18:36:07[22m   [34mΓö£ΓöÇ[39m [2m/posts/mazak-nexus-error-codes/index.png[22m [2m(+417ms)[22m 
[2m18:36:08[22m   [34mΓö£ΓöÇ[39m [2m/posts/meiko-dishwasher-fault-codes/index.png[22m [2m(+341ms)[22m 
[2m18:36:08[22m   [34mΓö£ΓöÇ[39m [2m/posts/metso-valve-fault-codes/index.png[22m [2m(+358ms)[22m 
[2m18:36:09[22m   [34mΓö£ΓöÇ[39m [2m/posts/midea-mini-split-error-code-e1/index.png[22m [2m(+342ms)[22m 
[2m18:36:09[22m   [34mΓö£ΓöÇ[39m [2m/posts/middleby-marshall-oven-fault/index.png[22m [2m(+341ms)[22m 
[2m18:36:09[22m   [34mΓö£ΓöÇ[39m [2m/posts/midea-mini-split-error-code-e3/index.png[22m [2m(+318ms)[22m 
[2m18:36:10[22m   [34mΓö£ΓöÇ[39m [2m/posts/midea-mini-split-error-code-f1/index.png[22m [2m(+362ms)[22m 
[2m18:36:10[22m   [34mΓö£ΓöÇ[39m [2m/posts/midea-u-inverter-error-codes/index.png[22m [2m(+335ms)[22m 
[2m18:36:10[22m   [34mΓö£ΓöÇ[39m [2m/posts/midmark-autoclave-fault-codes/index.png[22m [2m(+348ms)[22m 
[2m18:36:11[22m   [34mΓö£ΓöÇ[39m [2m/posts/miller-deltaweld-fault-codes/index.png[22m [2m(+358ms)[22m 
[2m18:36:11[22m   [34mΓö£ΓöÇ[39m [2m/posts/miller-dynasty-fault-code-e1/index.png[22m [2m(+471ms)[22m 
[2m18:36:11[22m   [34mΓö£ΓöÇ[39m [2m/posts/miller-welder-fault-code-a1/index.png[22m [2m(+378ms)[22m 
[2m18:36:12[22m   [34mΓö£ΓöÇ[39m [2m/posts/miller-welder-fault-code-b1/index.png[22m [31m(+719ms)[39m 
[2m18:36:13[22m   [34mΓö£ΓöÇ[39m [2m/posts/miller-welder-fault-code-h3/index.png[22m [2m(+444ms)[22m 
[2m18:36:13[22m   [34mΓö£ΓöÇ[39m [2m/posts/miller-welder-fault-code-h1/index.png[22m [2m(+424ms)[22m 
[2m18:36:13[22m   [34mΓö£ΓöÇ[39m [2m/posts/mini-split-blinking-lights/index.png[22m [2m(+423ms)[22m 
[2m18:36:14[22m   [34mΓö£ΓöÇ[39m [2m/posts/mini-split-error-code-lookup/index.png[22m [2m(+347ms)[22m 
[2m18:36:14[22m   [34mΓö£ΓöÇ[39m [2m/posts/mitsubishi-city-multi-error-codes/index.png[22m [2m(+358ms)[22m 
[2m18:36:15[22m   [34mΓö£ΓöÇ[39m [2m/posts/mitsubishi-city-multi-pex-error/index.png[22m [2m(+381ms)[22m 
[2m18:36:15[22m   [34mΓö£ΓöÇ[39m [2m/posts/mitsubishi-cnc-alarm-500/index.png[22m [2m(+328ms)[22m 
[2m18:36:15[22m   [34mΓö£ΓöÇ[39m [2m/posts/mitsubishi-cnc-alarm-y96/index.png[22m [2m(+337ms)[22m 
[2m18:36:16[22m   [34mΓö£ΓöÇ[39m [2m/posts/mitsubishi-e1-error-code/index.png[22m [2m(+367ms)[22m 
[2m18:36:16[22m   [34mΓö£ΓöÇ[39m [2m/posts/mitsubishi-e4-error-code/index.png[22m [2m(+358ms)[22m 
[2m18:36:16[22m   [34mΓö£ΓöÇ[39m [2m/posts/mitsubishi-e3-error-code/index.png[22m [2m(+338ms)[22m 
[2m18:36:17[22m   [34mΓö£ΓöÇ[39m [2m/posts/mitsubishi-e5-error-code/index.png[22m [2m(+343ms)[22m 
[2m18:36:17[22m   [34mΓö£ΓöÇ[39m [2m/posts/mitsubishi-e6-ac-error-code/index.png[22m [2m(+351ms)[22m 
[2m18:36:17[22m   [34mΓö£ΓöÇ[39m [2m/posts/mitsubishi-e6-error-code/index.png[22m [2m(+354ms)[22m 
[2m18:36:18[22m   [34mΓö£ΓöÇ[39m [2m/posts/mitsubishi-e7-error-code/index.png[22m [2m(+364ms)[22m 
[2m18:36:18[22m   [34mΓö£ΓöÇ[39m [2m/posts/mitsubishi-elevator-fault-codes/index.png[22m [2m(+335ms)[22m 
[2m18:36:18[22m   [34mΓö£ΓöÇ[39m [2m/posts/mitsubishi-fr-a800-fault-e7/index.png[22m [2m(+378ms)[22m 
[2m18:36:19[22m   [34mΓö£ΓöÇ[39m [2m/posts/mitsubishi-fr-d700-fault-codes/index.png[22m [2m(+386ms)[22m 
[2m18:36:19[22m   [34mΓö£ΓöÇ[39m [2m/posts/mitsubishi-fr-e800-fault-e6/index.png[22m [2m(+347ms)[22m 
[2m18:36:20[22m   [34mΓö£ΓöÇ[39m [2m/posts/mitsubishi-fr-series-fault-e6/index.png[22m [2m(+427ms)[22m 
[2m18:36:20[22m   [34mΓö£ΓöÇ[39m [2m/posts/mitsubishi-mini-split-error-codes/index.png[22m [2m(+461ms)[22m 
[2m18:36:20[22m   [34mΓö£ΓöÇ[39m [2m/posts/mitsubishi-mini-split-u4-error-code/index.png[22m [2m(+364ms)[22m 
[2m18:36:21[22m   [34mΓö£ΓöÇ[39m [2m/posts/mitsubishi-mini-split-e9-error-code/index.png[22m [2m(+371ms)[22m 
[2m18:36:21[22m   [34mΓö£ΓöÇ[39m [2m/posts/mitsubishi-mr-slim-error-codes/index.png[22m [2m(+396ms)[22m 
[2m18:36:22[22m   [34mΓö£ΓöÇ[39m [2m/posts/mitsubishi-p1-error-code/index.png[22m [2m(+370ms)[22m 
[2m18:36:22[22m   [34mΓö£ΓöÇ[39m [2m/posts/mitsubishi-p4-error-code/index.png[22m [2m(+450ms)[22m 
[2m18:36:22[22m   [34mΓö£ΓöÇ[39m [2m/posts/mitsubishi-p5-error-code/index.png[22m [2m(+357ms)[22m 
[2m18:36:23[22m   [34mΓö£ΓöÇ[39m [2m/posts/mitsubishi-p6-error-code/index.png[22m [31m(+512ms)[39m 
[2m18:36:23[22m   [34mΓö£ΓöÇ[39m [2m/posts/mitsubishi-p8-error-code/index.png[22m [2m(+421ms)[22m 
[2m18:36:24[22m   [34mΓö£ΓöÇ[39m [2m/posts/mitsubishi-puy-error-codes/index.png[22m [31m(+600ms)[39m 
[2m18:36:24[22m   [34mΓö£ΓöÇ[39m [2m/posts/mitsubishi-u1-error-code/index.png[22m [2m(+446ms)[22m 
[2m18:36:25[22m   [34mΓö£ΓöÇ[39m [2m/posts/mitsubishi-u2-error-code/index.png[22m [2m(+390ms)[22m 
[2m18:36:25[22m   [34mΓö£ΓöÇ[39m [2m/posts/mitsubishi-u3-error-code/index.png[22m [2m(+398ms)[22m 
[2m18:36:26[22m   [34mΓö£ΓöÇ[39m [2m/posts/mitsubishi-u6-error-code/index.png[22m [2m(+387ms)[22m 
[2m18:36:26[22m   [34mΓö£ΓöÇ[39m [2m/posts/mitsubishi-u7-error-code/index.png[22m [2m(+398ms)[22m 
[2m18:36:26[22m   [34mΓö£ΓöÇ[39m [2m/posts/mrcool-diy-error-codes/index.png[22m [2m(+469ms)[22m 
[2m18:36:27[22m   [34mΓö£ΓöÇ[39m [2m/posts/navien-error-code-e001/index.png[22m [2m(+471ms)[22m 
[2m18:36:27[22m   [34mΓö£ΓöÇ[39m [2m/posts/navien-error-code-e002/index.png[22m [2m(+401ms)[22m 
[2m18:36:28[22m   [34mΓö£ΓöÇ[39m [2m/posts/navien-error-code-e003-ignition-failure/index.png[22m [2m(+424ms)[22m 
[2m18:36:28[22m   [34mΓö£ΓöÇ[39m [2m/posts/navien-error-code-e007/index.png[22m [2m(+425ms)[22m 
[2m18:36:28[22m   [34mΓö£ΓöÇ[39m [2m/posts/navien-error-code-e004/index.png[22m [2m(+375ms)[22m 
[2m18:36:29[22m   [34mΓö£ΓöÇ[39m [2m/posts/navien-error-code-e006/index.png[22m [2m(+432ms)[22m 
[2m18:36:29[22m   [34mΓö£ΓöÇ[39m [2m/posts/navien-error-code-e010/index.png[22m [2m(+326ms)[22m 
[2m18:36:30[22m   [34mΓö£ΓöÇ[39m [2m/posts/navien-error-code-e009/index.png[22m [2m(+385ms)[22m 
[2m18:36:30[22m   [34mΓö£ΓöÇ[39m [2m/posts/navien-error-code-e013/index.png[22m [2m(+354ms)[22m 
[2m18:36:30[22m   [34mΓö£ΓöÇ[39m [2m/posts/navien-error-code-e012/index.png[22m [2m(+405ms)[22m 
[2m18:36:31[22m   [34mΓö£ΓöÇ[39m [2m/posts/navien-error-code-e016/index.png[22m [2m(+363ms)[22m 
[2m18:36:31[22m   [34mΓö£ΓöÇ[39m [2m/posts/navien-error-code-e024/index.png[22m [2m(+348ms)[22m 
[2m18:36:31[22m   [34mΓö£ΓöÇ[39m [2m/posts/navien-error-code-e030/index.png[22m [2m(+381ms)[22m 
[2m18:36:32[22m   [34mΓö£ΓöÇ[39m [2m/posts/navien-error-code-e302/index.png[22m [2m(+364ms)[22m 
[2m18:36:32[22m   [34mΓö£ΓöÇ[39m [2m/posts/navien-error-codes/index.png[22m [2m(+321ms)[22m 
[2m18:36:33[22m   [34mΓö£ΓöÇ[39m [2m/posts/navien-ncb-error-codes/index.png[22m [2m(+400ms)[22m 
[2m18:36:33[22m   [34mΓö£ΓöÇ[39m [2m/posts/navien-nfc-error-codes/index.png[22m [2m(+374ms)[22m 
[2m18:36:33[22m   [34mΓö£ΓöÇ[39m [2m/posts/navien-npe-error-codes/index.png[22m [2m(+330ms)[22m 
[2m18:36:34[22m   [34mΓö£ΓöÇ[39m [2m/posts/nest-thermostat-e1-error/index.png[22m [2m(+353ms)[22m 
[2m18:36:34[22m   [34mΓö£ΓöÇ[39m [2m/posts/nest-thermostat-e74-error/index.png[22m [2m(+427ms)[22m 
[2m18:36:34[22m   [34mΓö£ΓöÇ[39m [2m/posts/nidec-vfd-fault-codes/index.png[22m [2m(+452ms)[22m 
[2m18:36:35[22m   [34mΓö£ΓöÇ[39m [2m/posts/nordyne-furnace-e1-error-code/index.png[22m [2m(+387ms)[22m 
[2m18:36:35[22m   [34mΓö£ΓöÇ[39m [2m/posts/nordyne-furnace-e4-error-code/index.png[22m [2m(+382ms)[22m 
[2m18:36:36[22m   [34mΓö£ΓöÇ[39m [2m/posts/noritz-error-code-10/index.png[22m [31m(+649ms)[39m 
[2m18:36:36[22m   [34mΓö£ΓöÇ[39m [2m/posts/noritz-error-code-12/index.png[22m [2m(+407ms)[22m 
[2m18:36:37[22m   [34mΓö£ΓöÇ[39m [2m/posts/noritz-error-code-11/index.png[22m [2m(+454ms)[22m 
[2m18:36:37[22m   [34mΓö£ΓöÇ[39m [2m/posts/noritz-error-code-16/index.png[22m [2m(+409ms)[22m 
[2m18:36:38[22m   [34mΓö£ΓöÇ[39m [2m/posts/noritz-error-code-20/index.png[22m [2m(+346ms)[22m 
[2m18:36:38[22m   [34mΓö£ΓöÇ[39m [2m/posts/noritz-error-code-29/index.png[22m [2m(+353ms)[22m 
[2m18:36:38[22m   [34mΓö£ΓöÇ[39m [2m/posts/noritz-error-code-90/index.png[22m [2m(+385ms)[22m 
[2m18:36:39[22m   [34mΓö£ΓöÇ[39m [2m/posts/noritz-error-codes/index.png[22m [2m(+388ms)[22m 
[2m18:36:39[22m   [34mΓö£ΓöÇ[39m [2m/posts/noritz-nr111-error-codes/index.png[22m [2m(+377ms)[22m 
[2m18:36:39[22m   [34mΓö£ΓöÇ[39m [2m/posts/noritz-nrcp-error-codes/index.png[22m [2m(+457ms)[22m 
[2m18:36:40[22m   [34mΓö£ΓöÇ[39m [2m/posts/notifier-fire-alarm-fault-codes/index.png[22m [2m(+365ms)[22m 
[2m18:36:40[22m   [34mΓö£ΓöÇ[39m [2m/posts/norlake-refrigerator-error-code-e1/index.png[22m [2m(+375ms)[22m 
[2m18:36:41[22m   [34mΓö£ΓöÇ[39m [2m/posts/num-cnc-alarm-e27/index.png[22m [2m(+423ms)[22m 
[2m18:36:41[22m   [34mΓö£ΓöÇ[39m [2m/posts/num-cnc-alarm-e28/index.png[22m [2m(+425ms)[22m 
[2m18:36:41[22m   [34mΓö£ΓöÇ[39m [2m/posts/okuma-cnc-alarm-1013-servo-axis-fault/index.png[22m [2m(+394ms)[22m 
[2m18:36:42[22m   [34mΓö£ΓöÇ[39m [2m/posts/okuma-cnc-alarm-1050/index.png[22m [2m(+410ms)[22m 
[2m18:36:42[22m   [34mΓö£ΓöÇ[39m [2m/posts/okuma-cnc-alarm-1201/index.png[22m [2m(+402ms)[22m 
[2m18:36:43[22m   [34mΓö£ΓöÇ[39m [2m/posts/okuma-cnc-alarm-1400/index.png[22m [2m(+357ms)[22m 
[2m18:36:43[22m   [34mΓö£ΓöÇ[39m [2m/posts/okuma-cnc-alarm-1600/index.png[22m [2m(+389ms)[22m 
[2m18:36:43[22m   [34mΓö£ΓöÇ[39m [2m/posts/okuma-cnc-alarm-1800/index.png[22m [2m(+400ms)[22m 
[2m18:36:44[22m   [34mΓö£ΓöÇ[39m [2m/posts/okuma-cnc-alarm-2030/index.png[22m [2m(+378ms)[22m 
[2m18:36:44[22m   [34mΓö£ΓöÇ[39m [2m/posts/okuma-cnc-alarm-3000/index.png[22m [2m(+372ms)[22m 
[2m18:36:45[22m   [34mΓö£ΓöÇ[39m [2m/posts/okuma-cnc-alarm-2000/index.png[22m [2m(+350ms)[22m 
[2m18:36:45[22m   [34mΓö£ΓöÇ[39m [2m/posts/okuma-cnc-alarm-4000/index.png[22m [31m(+524ms)[39m 
[2m18:36:45[22m   [34mΓö£ΓöÇ[39m [2m/posts/okuma-lathe-common-alarms/index.png[22m [2m(+372ms)[22m 
[2m18:36:46[22m   [34mΓö£ΓöÇ[39m [2m/posts/okuma-lb-series-alarm-1013/index.png[22m [2m(+367ms)[22m 
[2m18:36:46[22m   [34mΓö£ΓöÇ[39m [2m/posts/okuma-mc-v4020-error-codes/index.png[22m [2m(+379ms)[22m 
[2m18:36:47[22m   [34mΓö£ΓöÇ[39m [2m/posts/omega-cn7500-controller-error/index.png[22m [2m(+400ms)[22m 
[2m18:36:47[22m   [34mΓö£ΓöÇ[39m [2m/posts/omron-cp1h-error-codes/index.png[22m [2m(+363ms)[22m 
[2m18:36:47[22m   [34mΓö£ΓöÇ[39m [2m/posts/omega-temperature-controller-error/index.png[22m [2m(+383ms)[22m 
[2m18:36:48[22m   [34mΓö£ΓöÇ[39m [2m/posts/omron-vfd-fault-e04/index.png[22m [2m(+405ms)[22m 
[2m18:36:48[22m   [34mΓö£ΓöÇ[39m [2m/posts/omron-vfd-fault-e07/index.png[22m [2m(+384ms)[22m 
[2m18:36:48[22m   [34mΓö£ΓöÇ[39m [2m/posts/oriental-motor-fault-codes/index.png[22m [2m(+364ms)[22m 
[2m18:36:49[22m   [34mΓö£ΓöÇ[39m [2m/posts/otis-elevator-fault-codes/index.png[22m [2m(+376ms)[22m 
[2m18:36:49[22m   [34mΓö£ΓöÇ[39m [2m/posts/panasonic-mini-split-h97-error-code/index.png[22m [2m(+352ms)[22m 
[2m18:36:50[22m   [34mΓö£ΓöÇ[39m [2m/posts/parker-ac30-vfd-fault-codes/index.png[22m [2m(+345ms)[22m 
[2m18:36:50[22m   [34mΓö£ΓöÇ[39m [2m/posts/payne-furnace-13-error-code/index.png[22m [2m(+365ms)[22m 
[2m18:36:50[22m   [34mΓö£ΓöÇ[39m [2m/posts/payne-furnace-31-error-code/index.png[22m [31m(+541ms)[39m 
[2m18:36:51[22m   [34mΓö£ΓöÇ[39m [2m/posts/payne-furnace-33-error-code/index.png[22m [2m(+431ms)[22m 
[2m18:36:51[22m   [34mΓö£ΓöÇ[39m [2m/posts/parker-hydraulics-fault-codes/index.png[22m [31m(+501ms)[39m 
[2m18:36:52[22m   [34mΓö£ΓöÇ[39m [2m/posts/peerless-boiler-error-code-1/index.png[22m [2m(+405ms)[22m 
[2m18:36:52[22m   [34mΓö£ΓöÇ[39m [2m/posts/penn-commercial-controls-fault/index.png[22m [2m(+388ms)[22m 
[2m18:36:53[22m   [34mΓö£ΓöÇ[39m [2m/posts/pioneer-mini-split-error-code-e6/index.png[22m [2m(+404ms)[22m 
[2m18:36:53[22m   [34mΓö£ΓöÇ[39m [2m/posts/pioneer-mini-split-error-code-e1/index.png[22m [2m(+393ms)[22m 
[2m18:36:53[22m   [34mΓö£ΓöÇ[39m [2m/posts/peerless-pinnacle-error-codes/index.png[22m [2m(+386ms)[22m 
[2m18:36:54[22m   [34mΓö£ΓöÇ[39m [2m/posts/pioneer-mini-split-error-code-f1/index.png[22m [2m(+325ms)[22m 
[2m18:36:54[22m   [34mΓö£ΓöÇ[39m [2m/posts/pioneer-mini-split-error-code-p0/index.png[22m [2m(+363ms)[22m 
[2m18:36:54[22m   [34mΓö£ΓöÇ[39m [2m/posts/pioneer-wys-error-codes/index.png[22m [2m(+405ms)[22m 
[2m18:36:55[22m   [34mΓö£ΓöÇ[39m [2m/posts/pitco-fryer-error-codes/index.png[22m [2m(+357ms)[22m 
[2m18:36:55[22m   [34mΓö£ΓöÇ[39m [2m/posts/plc-fault-codes-guide/index.png[22m [2m(+390ms)[22m 
[2m18:36:56[22m   [34mΓö£ΓöÇ[39m [2m/posts/quincy-compressor-fault-codes/index.png[22m [2m(+352ms)[22m 
[2m18:36:56[22m   [34mΓö£ΓöÇ[39m [2m/posts/quincy-qgs-fault-codes/index.png[22m [2m(+363ms)[22m 
[2m18:36:56[22m   [34mΓö£ΓöÇ[39m [2m/posts/raymond-forklift-fault-codes/index.png[22m [2m(+366ms)[22m 
[2m18:36:57[22m   [34mΓö£ΓöÇ[39m [2m/posts/refrigeration-alarm-guide/index.png[22m [2m(+347ms)[22m 
[2m18:36:57[22m   [34mΓö£ΓöÇ[39m [2m/posts/refrigeration-system-error-codes/index.png[22m [2m(+350ms)[22m 
[2m18:36:57[22m   [34mΓö£ΓöÇ[39m [2m/posts/reme-halo-fault-codes/index.png[22m [31m(+583ms)[39m 
[2m18:36:58[22m   [34mΓö£ΓöÇ[39m [2m/posts/rheem-classic-furnace-error-codes/index.png[22m [2m(+416ms)[22m 
[2m18:36:58[22m   [34mΓö£ΓöÇ[39m [2m/posts/rheem-error-code-e1/index.png[22m [2m(+377ms)[22m 
[2m18:36:59[22m   [34mΓö£ΓöÇ[39m [2m/posts/rheem-furnace-2-flashes/index.png[22m [2m(+354ms)[22m 
[2m18:36:59[22m   [34mΓö£ΓöÇ[39m [2m/posts/rheem-furnace-3-flashes/index.png[22m [2m(+336ms)[22m 
[2m18:36:59[22m   [34mΓö£ΓöÇ[39m [2m/posts/rheem-furnace-4-flashes/index.png[22m [2m(+417ms)[22m 
[2m18:37:00[22m   [34mΓö£ΓöÇ[39m [2m/posts/rheem-furnace-6-flashes/index.png[22m [2m(+391ms)[22m 
[2m18:37:00[22m   [34mΓö£ΓöÇ[39m [2m/posts/rheem-furnace-7-flashes/index.png[22m [2m(+357ms)[22m 
[2m18:37:01[22m   [34mΓö£ΓöÇ[39m [2m/posts/rheem-furnace-5-flashes-flame-sensor/index.png[22m [2m(+363ms)[22m 
[2m18:37:01[22m   [34mΓö£ΓöÇ[39m [2m/posts/rheem-furnace-8-flashes/index.png[22m [2m(+362ms)[22m 
[2m18:37:01[22m   [34mΓö£ΓöÇ[39m [2m/posts/rheem-furnace-9-flashes/index.png[22m [2m(+402ms)[22m 
[2m18:37:02[22m   [34mΓö£ΓöÇ[39m [2m/posts/rheem-furnace-error-code-57/index.png[22m [2m(+353ms)[22m 
[2m18:37:02[22m   [34mΓö£ΓöÇ[39m [2m/posts/rheem-furnace-error-code-7-flashes/index.png[22m [2m(+336ms)[22m 
[2m18:37:02[22m   [34mΓö£ΓöÇ[39m [2m/posts/rheem-furnace-error-codes/index.png[22m [2m(+347ms)[22m 
[2m18:37:03[22m   [34mΓö£ΓöÇ[39m [2m/posts/rheem-ra13-error-codes/index.png[22m [2m(+381ms)[22m 
[2m18:37:03[22m   [34mΓö£ΓöÇ[39m [2m/posts/rheem-rgps-error-codes/index.png[22m [2m(+353ms)[22m 
[2m18:37:03[22m   [34mΓö£ΓöÇ[39m [2m/posts/rinnai-cbu-error-codes/index.png[22m [2m(+337ms)[22m 
[2m18:37:04[22m   [34mΓö£ΓöÇ[39m [2m/posts/rheem-water-heater-error-codes/index.png[22m [2m(+356ms)[22m 
[2m18:37:04[22m   [34mΓö£ΓöÇ[39m [2m/posts/rheem-rph-error-codes/index.png[22m [2m(+409ms)[22m 
[2m18:37:05[22m   [34mΓö£ΓöÇ[39m [2m/posts/rinnai-error-code-11-ignition/index.png[22m [31m(+560ms)[39m 
[2m18:37:05[22m   [34mΓö£ΓöÇ[39m [2m/posts/rinnai-error-code-11/index.png[22m [2m(+481ms)[22m 
[2m18:37:06[22m   [34mΓö£ΓöÇ[39m [2m/posts/rinnai-error-code-12/index.png[22m [2m(+366ms)[22m 
[2m18:37:06[22m   [34mΓö£ΓöÇ[39m [2m/posts/rinnai-error-code-14/index.png[22m [2m(+335ms)[22m 
[2m18:37:06[22m   [34mΓö£ΓöÇ[39m [2m/posts/rinnai-error-code-16/index.png[22m [2m(+347ms)[22m 
[2m18:37:07[22m   [34mΓö£ΓöÇ[39m [2m/posts/rinnai-error-code-25/index.png[22m [2m(+334ms)[22m 
[2m18:37:07[22m   [34mΓö£ΓöÇ[39m [2m/posts/rinnai-error-code-31/index.png[22m [2m(+368ms)[22m 
[2m18:37:07[22m   [34mΓö£ΓöÇ[39m [2m/posts/rinnai-error-code-33/index.png[22m [2m(+383ms)[22m 
[2m18:37:08[22m   [34mΓö£ΓöÇ[39m [2m/posts/rinnai-error-code-32/index.png[22m [2m(+375ms)[22m 
[2m18:37:08[22m   [34mΓö£ΓöÇ[39m [2m/posts/rinnai-error-code-61/index.png[22m [2m(+318ms)[22m 
[2m18:37:08[22m   [34mΓö£ΓöÇ[39m [2m/posts/rinnai-error-code-52/index.png[22m [2m(+382ms)[22m 
[2m18:37:09[22m   [34mΓö£ΓöÇ[39m [2m/posts/rinnai-error-code-65/index.png[22m [2m(+326ms)[22m 
[2m18:37:09[22m   [34mΓö£ΓöÇ[39m [2m/posts/rinnai-error-codes/index.png[22m [2m(+373ms)[22m 
[2m18:37:10[22m   [34mΓö£ΓöÇ[39m [2m/posts/rinnai-i120cn-error-codes/index.png[22m [2m(+391ms)[22m 
[2m18:37:10[22m   [34mΓö£ΓöÇ[39m [2m/posts/rinnai-rur-error-codes/index.png[22m [2m(+404ms)[22m 
[2m18:37:10[22m   [34mΓö£ΓöÇ[39m [2m/posts/ruud-furnace-4-flashes/index.png[22m [2m(+390ms)[22m 
[2m18:37:11[22m   [34mΓö£ΓöÇ[39m [2m/posts/ruud-furnace-7-flashes/index.png[22m [2m(+372ms)[22m 
[2m18:37:11[22m   [34mΓö£ΓöÇ[39m [2m/posts/samsung-dvm-s-error-codes/index.png[22m [2m(+370ms)[22m 
[2m18:37:11[22m   [34mΓö£ΓöÇ[39m [2m/posts/samsung-mini-split-e3-01-error-code/index.png[22m [31m(+642ms)[39m 
[2m18:37:12[22m   [34mΓö£ΓöÇ[39m [2m/posts/samsung-mini-split-e4-01-error-code/index.png[22m [2m(+420ms)[22m 
[2m18:37:13[22m   [34mΓö£ΓöÇ[39m [2m/posts/samsung-mini-split-e1-01-error-code/index.png[22m [2m(+348ms)[22m 
[2m18:37:13[22m   [34mΓö£ΓöÇ[39m [2m/posts/samsung-mini-split-e5-01-error-code/index.png[22m [2m(+341ms)[22m 
[2m18:37:13[22m   [34mΓö£ΓöÇ[39m [2m/posts/samsung-mini-split-error-codes/index.png[22m [2m(+352ms)[22m 
[2m18:37:14[22m   [34mΓö£ΓöÇ[39m [2m/posts/schindler-elevator-fault-codes/index.png[22m [2m(+380ms)[22m 
[2m18:37:14[22m   [34mΓö£ΓöÇ[39m [2m/posts/schneider-altivar-212-fault-ocf/index.png[22m [2m(+359ms)[22m 
[2m18:37:14[22m   [34mΓö£ΓöÇ[39m [2m/posts/schneider-altivar-61-fault-obf/index.png[22m [2m(+337ms)[22m 
[2m18:37:15[22m   [34mΓö£ΓöÇ[39m [2m/posts/schneider-altivar-fault-cff/index.png[22m [2m(+343ms)[22m 
[2m18:37:15[22m   [34mΓö£ΓöÇ[39m [2m/posts/schneider-altivar-fault-obf/index.png[22m [2m(+382ms)[22m 
[2m18:37:15[22m   [34mΓö£ΓöÇ[39m [2m/posts/schneider-altivar-fault-inf/index.png[22m [2m(+364ms)[22m 
[2m18:37:16[22m   [34mΓö£ΓöÇ[39m [2m/posts/schneider-altivar-fault-ocf/index.png[22m [2m(+342ms)[22m 
[2m18:37:16[22m   [34mΓö£ΓöÇ[39m [2m/posts/schneider-altivar-fault-ulf/index.png[22m [2m(+322ms)[22m 
[2m18:37:16[22m   [34mΓö£ΓöÇ[39m [2m/posts/schneider-atv320-fault-codes/index.png[22m [2m(+361ms)[22m 
[2m18:37:17[22m   [34mΓö£ΓöÇ[39m [2m/posts/schneider-atv630-fault-codes/index.png[22m [2m(+363ms)[22m 
[2m18:37:17[22m   [34mΓö£ΓöÇ[39m [2m/posts/schneider-m340-error-codes/index.png[22m [2m(+342ms)[22m 
[2m18:37:17[22m   [34mΓö£ΓöÇ[39m [2m/posts/schweitzer-sel-relay-fault/index.png[22m [2m(+387ms)[22m 
[2m18:37:18[22m   [34mΓö£ΓöÇ[39m [2m/posts/schneider-powerpact-fault/index.png[22m [2m(+359ms)[22m 
[2m18:37:18[22m   [34mΓö£ΓöÇ[39m [2m/posts/scotsman-hid312-error-codes/index.png[22m [2m(+385ms)[22m 
[2m18:37:19[22m   [34mΓö£ΓöÇ[39m [2m/posts/scotsman-c0522-error-codes/index.png[22m [2m(+363ms)[22m 
[2m18:37:19[22m   [34mΓö£ΓöÇ[39m [2m/posts/scotsman-hid525-error-codes/index.png[22m [2m(+385ms)[22m 
[2m18:37:19[22m   [34mΓö£ΓöÇ[39m [2m/posts/scotsman-ice-machine-complete-guide/index.png[22m [2m(+380ms)[22m 
[2m18:37:20[22m   [34mΓö£ΓöÇ[39m [2m/posts/scotsman-ice-machine-error-code-1/index.png[22m [2m(+361ms)[22m 
[2m18:37:20[22m   [34mΓö£ΓöÇ[39m [2m/posts/scotsman-ice-machine-error-code-2/index.png[22m [2m(+390ms)[22m 
[2m18:37:20[22m   [34mΓö£ΓöÇ[39m [2m/posts/scotsman-ice-machine-error-code-3/index.png[22m [2m(+362ms)[22m 
[2m18:37:21[22m   [34mΓö£ΓöÇ[39m [2m/posts/scotsman-ice-machine-error-code-4/index.png[22m [2m(+359ms)[22m 
[2m18:37:21[22m   [34mΓö£ΓöÇ[39m [2m/posts/scotsman-ice-machine-error-code-5/index.png[22m [2m(+328ms)[22m 
[2m18:37:22[22m   [34mΓö£ΓöÇ[39m [2m/posts/scotsman-ice-machine-error-code-6/index.png[22m [2m(+353ms)[22m 
[2m18:37:22[22m   [34mΓö£ΓöÇ[39m [2m/posts/scotsman-ice-machine-error-code-7/index.png[22m [2m(+338ms)[22m 
[2m18:37:22[22m   [34mΓö£ΓöÇ[39m [2m/posts/scotsman-ice-machine-error-code-8/index.png[22m [2m(+442ms)[22m 
[2m18:37:23[22m   [34mΓö£ΓöÇ[39m [2m/posts/scotsman-prodigy-error-codes/index.png[22m [2m(+344ms)[22m 
[2m18:37:23[22m   [34mΓö£ΓöÇ[39m [2m/posts/sensi-thermostat-error-codes/index.png[22m [2m(+355ms)[22m 
[2m18:37:23[22m   [34mΓö£ΓöÇ[39m [2m/posts/senville-mini-split-error-code-e1/index.png[22m [2m(+379ms)[22m 
[2m18:37:24[22m   [34mΓö£ΓöÇ[39m [2m/posts/senville-mini-split-error-code-e5/index.png[22m [2m(+372ms)[22m 
[2m18:37:24[22m   [34mΓö£ΓöÇ[39m [2m/posts/senville-sena-error-codes/index.png[22m [2m(+411ms)[22m 
[2m18:37:25[22m   [34mΓö£ΓöÇ[39m [2m/posts/servo-motor-fault-codes/index.png[22m [2m(+315ms)[22m 
[2m18:37:25[22m   [34mΓö£ΓöÇ[39m [2m/posts/sew-eurodrive-fault-f07/index.png[22m [2m(+329ms)[22m 
[2m18:37:25[22m   [34mΓö£ΓöÇ[39m [2m/posts/sew-eurodrive-fault-f08/index.png[22m [2m(+325ms)[22m 
[2m18:37:25[22m   [34mΓö£ΓöÇ[39m [2m/posts/siemens-828d-alarm-codes/index.png[22m [2m(+333ms)[22m 
[2m18:37:26[22m   [34mΓö£ΓöÇ[39m [2m/posts/siemens-desigo-fault-codes/index.png[22m [2m(+360ms)[22m 
[2m18:37:26[22m   [34mΓö£ΓöÇ[39m [2m/posts/siemens-circuit-breaker-fault-codes/index.png[22m [2m(+340ms)[22m 
[2m18:37:27[22m   [34mΓö£ΓöÇ[39m [2m/posts/siemens-840d-alarm-380000/index.png[22m [2m(+324ms)[22m 
[2m18:37:27[22m   [34mΓö£ΓöÇ[39m [2m/posts/siemens-g120c-fault-codes/index.png[22m [2m(+329ms)[22m 
[2m18:37:27[22m   [34mΓö£ΓöÇ[39m [2m/posts/siemens-g120x-fault-codes/index.png[22m [2m(+315ms)[22m 
[2m18:37:27[22m   [34mΓö£ΓöÇ[39m [2m/posts/siemens-fire-alarm-fault-codes/index.png[22m [2m(+370ms)[22m 
[2m18:37:28[22m   [34mΓö£ΓöÇ[39m [2m/posts/siemens-micromaster-440-fault-f002/index.png[22m [2m(+339ms)[22m 
[2m18:37:28[22m   [34mΓö£ΓöÇ[39m [2m/posts/siemens-micromaster-fault-f001/index.png[22m [2m(+324ms)[22m 
[2m18:37:29[22m   [34mΓö£ΓöÇ[39m [2m/posts/siemens-s7-cpu-fault-codes/index.png[22m [2m(+333ms)[22m 
[2m18:37:29[22m   [34mΓö£ΓöÇ[39m [2m/posts/siemens-sentron-fault-codes/index.png[22m [2m(+380ms)[22m 
[2m18:37:29[22m   [34mΓö£ΓöÇ[39m [2m/posts/siemens-sinamics-v20-f4-fault/index.png[22m [2m(+426ms)[22m 
[2m18:37:30[22m   [34mΓö£ΓöÇ[39m [2m/posts/siemens-sinamics-v20-f1-fault/index.png[22m [2m(+432ms)[22m 
[2m18:37:30[22m   [34mΓö£ΓöÇ[39m [2m/posts/siemens-sinamics-g120-fault-f00001/index.png[22m [2m(+409ms)[22m 
[2m18:37:30[22m   [34mΓö£ΓöÇ[39m [2m/posts/siemens-sinumerik-840d-alarm-25000/index.png[22m [2m(+401ms)[22m 
[2m18:37:31[22m   [34mΓö£ΓöÇ[39m [2m/posts/siemens-sinumerik-alarm-25000-drive-fault/index.png[22m [2m(+387ms)[22m 
[2m18:37:31[22m   [34mΓö£ΓöÇ[39m [2m/posts/siemens-sinumerik-alarm-25201/index.png[22m [2m(+334ms)[22m 
[2m18:37:32[22m   [34mΓö£ΓöÇ[39m [2m/posts/siemens-sinumerik-alarm-300204/index.png[22m [2m(+324ms)[22m 
[2m18:37:32[22m   [34mΓö£ΓöÇ[39m [2m/posts/siemens-sinumerik-alarm-380500/index.png[22m [2m(+329ms)[22m 
[2m18:37:32[22m   [34mΓö£ΓöÇ[39m [2m/posts/siemens-sinumerik-alarm-380600/index.png[22m [2m(+316ms)[22m 
[2m18:37:33[22m   [34mΓö£ΓöÇ[39m [2m/posts/siemens-siprotec-relay-faults/index.png[22m [2m(+329ms)[22m 
[2m18:37:33[22m   [34mΓö£ΓöÇ[39m [2m/posts/simplex-fire-alarm-fault-codes/index.png[22m [2m(+327ms)[22m 
[2m18:37:33[22m   [34mΓö£ΓöÇ[39m [2m/posts/siemens-vfd-fault-codes/index.png[22m [2m(+338ms)[22m 
[2m18:37:34[22m   [34mΓö£ΓöÇ[39m [2m/posts/sporlan-expansion-valve-fault/index.png[22m [2m(+339ms)[22m 
[2m18:37:34[22m   [34mΓö£ΓöÇ[39m [2m/posts/slant-fin-boiler-error-code-e1/index.png[22m [2m(+313ms)[22m 
[2m18:37:34[22m   [34mΓö£ΓöÇ[39m [2m/posts/sporlan-stepper-expansion-fault/index.png[22m [2m(+363ms)[22m 
[2m18:37:35[22m   [34mΓö£ΓöÇ[39m [2m/posts/spx-flow-pump-fault-codes/index.png[22m [2m(+382ms)[22m 
[2m18:37:35[22m   [34mΓö£ΓöÇ[39m [2m/posts/square-d-circuit-breaker-fault/index.png[22m [2m(+351ms)[22m 
[2m18:37:35[22m   [34mΓö£ΓöÇ[39m [2m/posts/state-water-heater-error-codes/index.png[22m [2m(+353ms)[22m 
[2m18:37:36[22m   [34mΓö£ΓöÇ[39m [2m/posts/stepper-motor-fault-codes/index.png[22m [2m(+309ms)[22m 
[2m18:37:36[22m   [34mΓö£ΓöÇ[39m [2m/posts/steris-sterilizer-fault-codes/index.png[22m [2m(+323ms)[22m 
[2m18:37:36[22m   [34mΓö£ΓöÇ[39m [2m/posts/sullair-compressor-fault-codes/index.png[22m [2m(+316ms)[22m 
[2m18:37:37[22m   [34mΓö£ΓöÇ[39m [2m/posts/sulzer-pump-fault-codes/index.png[22m [2m(+317ms)[22m 
[2m18:37:37[22m   [34mΓö£ΓöÇ[39m [2m/posts/sullivan-palatek-compressor-faults/index.png[22m [2m(+399ms)[22m 
[2m18:37:37[22m   [34mΓö£ΓöÇ[39m [2m/posts/sun-hydraulics-fault-codes/index.png[22m [2m(+380ms)[22m 
[2m18:37:38[22m   [34mΓö£ΓöÇ[39m [2m/posts/taco-comfort-solutions-fault/index.png[22m [2m(+410ms)[22m 
[2m18:37:38[22m   [34mΓö£ΓöÇ[39m [2m/posts/tempstar-furnace-e1-error-code/index.png[22m [2m(+370ms)[22m 
[2m18:37:39[22m   [34mΓö£ΓöÇ[39m [2m/posts/tempstar-furnace-e4-error-code/index.png[22m [2m(+375ms)[22m 
[2m18:37:39[22m   [34mΓö£ΓöÇ[39m [2m/posts/thyssenkrupp-elevator-fault-codes/index.png[22m [2m(+434ms)[22m 
[2m18:37:39[22m   [34mΓö£ΓöÇ[39m [2m/posts/toshiba-vfd-fault-codes/index.png[22m [2m(+382ms)[22m 
[2m18:37:40[22m   [34mΓö£ΓöÇ[39m [2m/posts/toyota-forklift-error-codes/index.png[22m [2m(+392ms)[22m 
[2m18:37:40[22m   [34mΓö£ΓöÇ[39m [2m/posts/trane-1-flash-error-code/index.png[22m [2m(+357ms)[22m 
[2m18:37:40[22m   [34mΓö£ΓöÇ[39m [2m/posts/trane-126-error-code/index.png[22m [2m(+413ms)[22m 
[2m18:37:41[22m   [34mΓö£ΓöÇ[39m [2m/posts/trane-2-flashes-error-code/index.png[22m [2m(+353ms)[22m 
[2m18:37:41[22m   [34mΓö£ΓöÇ[39m [2m/posts/trane-3-flashes-error-code/index.png[22m [2m(+335ms)[22m 
[2m18:37:42[22m   [34mΓö£ΓöÇ[39m [2m/posts/trane-3-flashes-pressure-switch/index.png[22m [2m(+393ms)[22m 
[2m18:37:42[22m   [34mΓö£ΓöÇ[39m [2m/posts/trane-4-flashes-error-code/index.png[22m [2m(+392ms)[22m 
[2m18:37:42[22m   [34mΓö£ΓöÇ[39m [2m/posts/trane-4tcc4-error-codes/index.png[22m [2m(+368ms)[22m 
[2m18:37:43[22m   [34mΓö£ΓöÇ[39m [2m/posts/trane-5-flashes-error-code/index.png[22m [2m(+434ms)[22m 
[2m18:37:43[22m   [34mΓö£ΓöÇ[39m [2m/posts/trane-6-flashes-error-code/index.png[22m [2m(+349ms)[22m 
[2m18:37:43[22m   [34mΓö£ΓöÇ[39m [2m/posts/trane-7-flashes-error-code/index.png[22m [2m(+385ms)[22m 
[2m18:37:44[22m   [34mΓö£ΓöÇ[39m [2m/posts/trane-8-flashes-error-code/index.png[22m [2m(+358ms)[22m 
[2m18:37:44[22m   [34mΓö£ΓöÇ[39m [2m/posts/trane-9-flashes-error-code/index.png[22m [2m(+398ms)[22m 
[2m18:37:45[22m   [34mΓö£ΓöÇ[39m [2m/posts/trane-centravac-fault-codes/index.png[22m [2m(+385ms)[22m 
[2m18:37:45[22m   [34mΓö£ΓöÇ[39m [2m/posts/trane-chiller-fault-codes/index.png[22m [2m(+368ms)[22m 
[2m18:37:45[22m   [34mΓö£ΓöÇ[39m [2m/posts/trane-comfort-r-error-codes-er/index.png[22m [2m(+339ms)[22m 
[2m18:37:46[22m   [34mΓö£ΓöÇ[39m [2m/posts/trane-comfortlink-ii-error-codes/index.png[22m [31m(+501ms)[39m 
[2m18:37:46[22m   [34mΓö£ΓöÇ[39m [2m/posts/trane-error-code-79/index.png[22m [2m(+396ms)[22m 
[2m18:37:47[22m   [34mΓö£ΓöÇ[39m [2m/posts/trane-furnace-error-codes/index.png[22m [2m(+384ms)[22m 
[2m18:37:47[22m   [34mΓö£ΓöÇ[39m [2m/posts/trane-heat-pump-1-flash/index.png[22m [2m(+399ms)[22m 
[2m18:37:47[22m   [34mΓö£ΓöÇ[39m [2m/posts/trane-heat-pump-error-code-e2/index.png[22m [2m(+464ms)[22m 
[2m18:37:48[22m   [34mΓö£ΓöÇ[39m [2m/posts/trane-precedent-error-codes/index.png[22m [2m(+409ms)[22m 
[2m18:37:48[22m   [34mΓö£ΓöÇ[39m [2m/posts/trane-rooftop-fault-77/index.png[22m [2m(+479ms)[22m 
[2m18:37:49[22m   [34mΓö£ΓöÇ[39m [2m/posts/trane-rooftop-unit-error-codes/index.png[22m [2m(+400ms)[22m 
[2m18:37:49[22m   [34mΓö£ΓöÇ[39m [2m/posts/trane-tam-error-codes/index.png[22m [2m(+384ms)[22m 
[2m18:37:50[22m   [34mΓö£ΓöÇ[39m [2m/posts/trane-tracer-fault-codes/index.png[22m [2m(+378ms)[22m 
[2m18:37:50[22m   [34mΓö£ΓöÇ[39m [2m/posts/trane-s8x1-error-codes/index.png[22m [2m(+434ms)[22m 
[2m18:37:50[22m   [34mΓö£ΓöÇ[39m [2m/posts/trane-variable-speed-heat-pump-codes/index.png[22m [31m(+505ms)[39m 
[2m18:37:51[22m   [34mΓö£ΓöÇ[39m [2m/posts/trane-vrf-error-codes/index.png[22m [2m(+361ms)[22m 
[2m18:37:51[22m   [34mΓö£ΓöÇ[39m [2m/posts/trane-xe80-error-codes/index.png[22m [2m(+410ms)[22m 
[2m18:37:52[22m   [34mΓö£ΓöÇ[39m [2m/posts/trane-xr13-error-codes/index.png[22m [2m(+394ms)[22m 
[2m18:37:52[22m   [34mΓö£ΓöÇ[39m [2m/posts/trane-xl20i-error-codes/index.png[22m [2m(+368ms)[22m 
[2m18:37:52[22m   [34mΓö£ΓöÇ[39m [2m/posts/trane-xr14-error-codes/index.png[22m [2m(+354ms)[22m 
[2m18:37:53[22m   [34mΓö£ΓöÇ[39m [2m/posts/trane-xr80-error-codes/index.png[22m [2m(+436ms)[22m 
[2m18:37:53[22m   [34mΓö£ΓöÇ[39m [2m/posts/trane-xr15-error-codes/index.png[22m [2m(+351ms)[22m 
[2m18:37:54[22m   [34mΓö£ΓöÇ[39m [2m/posts/trane-xr90-error-codes/index.png[22m [2m(+349ms)[22m 
[2m18:37:54[22m   [34mΓö£ΓöÇ[39m [2m/posts/trane-xr95-error-codes/index.png[22m [2m(+338ms)[22m 
[2m18:37:54[22m   [34mΓö£ΓöÇ[39m [2m/posts/trane-xv20i-heat-pump-error-codes/index.png[22m [2m(+367ms)[22m 
[2m18:37:55[22m   [34mΓö£ΓöÇ[39m [2m/posts/trane-xv80-error-codes/index.png[22m [2m(+395ms)[22m 
[2m18:37:55[22m   [34mΓö£ΓöÇ[39m [2m/posts/trane-ysc-error-codes/index.png[22m [2m(+350ms)[22m 
[2m18:37:55[22m   [34mΓö£ΓöÇ[39m [2m/posts/traulsen-refrigerator-error-code-e1/index.png[22m [2m(+408ms)[22m 
[2m18:37:56[22m   [34mΓö£ΓöÇ[39m [2m/posts/traulsen-rlt-error-codes/index.png[22m [2m(+356ms)[22m 
[2m18:37:56[22m   [34mΓö£ΓöÇ[39m [2m/posts/triangle-tube-boiler-error-e1/index.png[22m [2m(+348ms)[22m 
[2m18:37:56[22m   [34mΓö£ΓöÇ[39m [2m/posts/tripp-lite-ups-fault-codes/index.png[22m [2m(+335ms)[22m 
[2m18:37:57[22m   [34mΓö£ΓöÇ[39m [2m/posts/troubleshooting-by-symptom/index.png[22m [2m(+359ms)[22m 
[2m18:37:57[22m   [34mΓö£ΓöÇ[39m [2m/posts/true-refrigeration-e1-error-code/index.png[22m [2m(+313ms)[22m 
[2m18:37:57[22m   [34mΓö£ΓöÇ[39m [2m/posts/true-refrigeration-e2-error-code/index.png[22m [2m(+354ms)[22m 
[2m18:37:58[22m   [34mΓö£ΓöÇ[39m [2m/posts/true-refrigeration-e3-error-code/index.png[22m [2m(+382ms)[22m 
[2m18:37:58[22m   [34mΓö£ΓöÇ[39m [2m/posts/true-refrigeration-e4-error-code/index.png[22m [2m(+355ms)[22m 
[2m18:37:59[22m   [34mΓö£ΓöÇ[39m [2m/posts/true-refrigeration-error-codes/index.png[22m [2m(+390ms)[22m 
[2m18:37:59[22m   [34mΓö£ΓöÇ[39m [2m/posts/true-refrigeration-t-series-error-codes/index.png[22m [2m(+350ms)[22m 
[2m18:37:59[22m   [34mΓö£ΓöÇ[39m [2m/posts/true-refrigeration-t49-error-codes/index.png[22m [2m(+395ms)[22m 
[2m18:38:00[22m   [34mΓö£ΓöÇ[39m [2m/posts/true-t-23-error-codes/index.png[22m [2m(+386ms)[22m 
[2m18:38:00[22m   [34mΓö£ΓöÇ[39m [2m/posts/true-t-72-error-codes/index.png[22m [2m(+367ms)[22m 
[2m18:38:00[22m   [34mΓö£ΓöÇ[39m [2m/posts/turbo-air-freezer-error-code-e2/index.png[22m [2m(+393ms)[22m 
[2m18:38:01[22m   [34mΓö£ΓöÇ[39m [2m/posts/turbo-air-refrigerator-error-code-e1/index.png[22m [2m(+387ms)[22m 
[2m18:38:01[22m   [34mΓö£ΓöÇ[39m [2m/posts/turbochef-oven-fault-codes/index.png[22m [2m(+434ms)[22m 
[2m18:38:02[22m   [34mΓö£ΓöÇ[39m [2m/posts/tuttnauer-autoclave-fault-codes/index.png[22m [2m(+359ms)[22m 
[2m18:38:02[22m   [34mΓö£ΓöÇ[39m [2m/posts/tyler-refrigeration-error-code-1/index.png[22m [2m(+446ms)[22m 
[2m18:38:02[22m   [34mΓö£ΓöÇ[39m [2m/posts/utica-boiler-error-code-e1/index.png[22m [2m(+381ms)[22m 
[2m18:38:03[22m   [34mΓö£ΓöÇ[39m [2m/posts/uv-air-purifier-error-codes/index.png[22m [2m(+376ms)[22m 
[2m18:38:03[22m   [34mΓö£ΓöÇ[39m [2m/posts/vertiv-ups-fault-codes/index.png[22m [2m(+351ms)[22m 
[2m18:38:04[22m   [34mΓö£ΓöÇ[39m [2m/posts/vfd-fault-codes-oc-ov-uv-ol/index.png[22m [2m(+364ms)[22m 
[2m18:38:04[22m   [34mΓö£ΓöÇ[39m [2m/posts/vfd-fault-code-lookup/index.png[22m [2m(+373ms)[22m 
[2m18:38:04[22m   [34mΓö£ΓöÇ[39m [2m/posts/vfd-error-codes-guide/index.png[22m [2m(+334ms)[22m 
[2m18:38:05[22m   [34mΓö£ΓöÇ[39m [2m/posts/vickers-hydraulics-fault-codes/index.png[22m [2m(+364ms)[22m 
[2m18:38:05[22m   [34mΓö£ΓöÇ[39m [2m/posts/vfd-trip-reset-guide/index.png[22m [2m(+339ms)[22m 
[2m18:38:05[22m   [34mΓö£ΓöÇ[39m [2m/posts/victor-thermal-dynamics-fault-1/index.png[22m [2m(+376ms)[22m 
[2m18:38:06[22m   [34mΓö£ΓöÇ[39m [2m/posts/victory-refrigerator-error-code-e1/index.png[22m [2m(+344ms)[22m 
[2m18:38:06[22m   [34mΓö£ΓöÇ[39m [2m/posts/viessmann-boiler-fault-f4/index.png[22m [2m(+325ms)[22m 
[2m18:38:06[22m   [34mΓö£ΓöÇ[39m [2m/posts/waterfurnace-fault-code-1/index.png[22m [2m(+365ms)[22m 
[2m18:38:07[22m   [34mΓö£ΓöÇ[39m [2m/posts/vulcan-oven-error-codes/index.png[22m [2m(+341ms)[22m 
[2m18:38:07[22m   [34mΓö£ΓöÇ[39m [2m/posts/waterfurnace-series-7-error-codes/index.png[22m [2m(+386ms)[22m 
[2m18:38:07[22m   [34mΓö£ΓöÇ[39m [2m/posts/watlow-pm6-controller-error/index.png[22m [2m(+385ms)[22m 
[2m18:38:08[22m   [34mΓö£ΓöÇ[39m [2m/posts/watlow-temperature-controller-error/index.png[22m [2m(+398ms)[22m 
[2m18:38:08[22m   [34mΓö£ΓöÇ[39m [2m/posts/watts-regulator-error-codes/index.png[22m [2m(+367ms)[22m 
[2m18:38:09[22m   [34mΓö£ΓöÇ[39m [2m/posts/weil-mclain-e01-error-code/index.png[22m [2m(+379ms)[22m 
[2m18:38:09[22m   [34mΓö£ΓöÇ[39m [2m/posts/weil-mclain-e02-error-code/index.png[22m [2m(+341ms)[22m 
[2m18:38:09[22m   [34mΓö£ΓöÇ[39m [2m/posts/weil-mclain-e03-error-code/index.png[22m [2m(+346ms)[22m 
[2m18:38:10[22m   [34mΓö£ΓöÇ[39m [2m/posts/weil-mclain-e04-error-code/index.png[22m [2m(+346ms)[22m 
[2m18:38:10[22m   [34mΓö£ΓöÇ[39m [2m/posts/weil-mclain-e05-error-code/index.png[22m [2m(+308ms)[22m 
[2m18:38:10[22m   [34mΓö£ΓöÇ[39m [2m/posts/weil-mclain-e06-error-code/index.png[22m [2m(+335ms)[22m 
[2m18:38:11[22m   [34mΓö£ΓöÇ[39m [2m/posts/weil-mclain-e08-error-code/index.png[22m [2m(+403ms)[22m 
[2m18:38:11[22m   [34mΓö£ΓöÇ[39m [2m/posts/weil-mclain-e10-error-code/index.png[22m [2m(+351ms)[22m 
[2m18:38:11[22m   [34mΓö£ΓöÇ[39m [2m/posts/weil-mclain-ecg-error-codes/index.png[22m [2m(+342ms)[22m 
[2m18:38:12[22m   [34mΓö£ΓöÇ[39m [2m/posts/weil-mclain-ultra-series-codes/index.png[22m [2m(+372ms)[22m 
[2m18:38:12[22m   [34mΓö£ΓöÇ[39m [2m/posts/welbilt-ice-machine-error-codes/index.png[22m [2m(+360ms)[22m 
[2m18:38:12[22m   [34mΓö£ΓöÇ[39m [2m/posts/westinghouse-furnace-e1-error-code/index.png[22m [2m(+377ms)[22m 
[2m18:38:13[22m   [34mΓö£ΓöÇ[39m [2m/posts/wilo-pump-fault-codes/index.png[22m [2m(+378ms)[22m 
[2m18:38:13[22m   [34mΓö£ΓöÇ[39m [2m/posts/windmill-mini-split-error-codes/index.png[22m [2m(+311ms)[22m 
[2m18:38:14[22m   [34mΓö£ΓöÇ[39m [2m/posts/yale-forklift-error-codes/index.png[22m [2m(+362ms)[22m 
[2m18:38:14[22m   [34mΓö£ΓöÇ[39m [2m/posts/winterhalter-dishwasher-faults/index.png[22m [2m(+324ms)[22m 
[2m18:38:14[22m   [34mΓö£ΓöÇ[39m [2m/posts/yaskawa-a1000-fault-oc/index.png[22m [2m(+341ms)[22m 
[2m18:38:15[22m   [34mΓö£ΓöÇ[39m [2m/posts/yaskawa-ga700-fault-oc/index.png[22m [2m(+440ms)[22m 
[2m18:38:15[22m   [34mΓö£ΓöÇ[39m [2m/posts/yaskawa-ga700-fault-uv1/index.png[22m [2m(+411ms)[22m 
[2m18:38:15[22m   [34mΓö£ΓöÇ[39m [2m/posts/yaskawa-u1000-fault-codes/index.png[22m [2m(+479ms)[22m 
[2m18:38:16[22m   [34mΓö£ΓöÇ[39m [2m/posts/yaskawa-v1000-complete-guide/index.png[22m [2m(+444ms)[22m 
[2m18:38:16[22m   [34mΓö£ΓöÇ[39m [2m/posts/yaskawa-v1000-fault-oc/index.png[22m [2m(+405ms)[22m 
[2m18:38:17[22m   [34mΓö£ΓöÇ[39m [2m/posts/yaskawa-vfd-fault-bb/index.png[22m [2m(+379ms)[22m 
[2m18:38:17[22m   [34mΓö£ΓöÇ[39m [2m/posts/yaskawa-vfd-fault-cf/index.png[22m [2m(+433ms)[22m 
[2m18:38:18[22m   [34mΓö£ΓöÇ[39m [2m/posts/yaskawa-vfd-fault-gf/index.png[22m [2m(+365ms)[22m 
[2m18:38:18[22m   [34mΓö£ΓöÇ[39m [2m/posts/yaskawa-vfd-fault-codes/index.png[22m [2m(+355ms)[22m 
[2m18:38:18[22m   [34mΓö£ΓöÇ[39m [2m/posts/yaskawa-vfd-fault-lf/index.png[22m [2m(+374ms)[22m 
[2m18:38:19[22m   [34mΓö£ΓöÇ[39m [2m/posts/yaskawa-vfd-fault-er/index.png[22m [2m(+420ms)[22m 
[2m18:38:19[22m   [34mΓö£ΓöÇ[39m [2m/posts/yaskawa-vfd-fault-oc-overcurrent/index.png[22m [2m(+378ms)[22m 
[2m18:38:19[22m   [34mΓö£ΓöÇ[39m [2m/posts/yaskawa-vfd-fault-oh/index.png[22m [2m(+346ms)[22m 
[2m18:38:20[22m   [34mΓö£ΓöÇ[39m [2m/posts/yaskawa-vfd-fault-ov/index.png[22m [2m(+337ms)[22m 
[2m18:38:20[22m   [34mΓö£ΓöÇ[39m [2m/posts/yaskawa-vfd-fault-pf/index.png[22m [2m(+345ms)[22m 
[2m18:38:20[22m   [34mΓö£ΓöÇ[39m [2m/posts/yaskawa-vfd-fault-sc/index.png[22m [2m(+380ms)[22m 
[2m18:38:21[22m   [34mΓö£ΓöÇ[39m [2m/posts/yaskawa-vfd-fault-uv1/index.png[22m [2m(+321ms)[22m 
[2m18:38:21[22m   [34mΓö£ΓöÇ[39m [2m/posts/york-2-flashes-error-code/index.png[22m [2m(+338ms)[22m 
[2m18:38:22[22m   [34mΓö£ΓöÇ[39m [2m/posts/york-4-flashes-error-code/index.png[22m [2m(+361ms)[22m 
[2m18:38:22[22m   [34mΓö£ΓöÇ[39m [2m/posts/york-3-flashes-error-code/index.png[22m [2m(+361ms)[22m 
[2m18:38:22[22m   [34mΓö£ΓöÇ[39m [2m/posts/york-5-flashes-error-code/index.png[22m [2m(+364ms)[22m 
[2m18:38:23[22m   [34mΓö£ΓöÇ[39m [2m/posts/york-6-flashes-pressure-switch-fault/index.png[22m [2m(+395ms)[22m 
[2m18:38:23[22m   [34mΓö£ΓöÇ[39m [2m/posts/york-7-flashes-error-code/index.png[22m [31m(+557ms)[39m 
[2m18:38:24[22m   [34mΓö£ΓöÇ[39m [2m/posts/york-8-flashes-error-code/index.png[22m [2m(+467ms)[22m 
[2m18:38:24[22m   [34mΓö£ΓöÇ[39m [2m/posts/york-affiniti-error-codes/index.png[22m [31m(+533ms)[39m 
[2m18:38:25[22m   [34mΓö£ΓöÇ[39m [2m/posts/york-chiller-fault-codes/index.png[22m [2m(+377ms)[22m 
[2m18:38:25[22m   [34mΓö£ΓöÇ[39m [2m/posts/york-furnace-e2-error-code/index.png[22m [2m(+374ms)[22m 
[2m18:38:25[22m   [34mΓö£ΓöÇ[39m [2m/posts/york-furnace-error-code-e3/index.png[22m [2m(+396ms)[22m 
[2m18:38:26[22m   [34mΓö£ΓöÇ[39m [2m/posts/york-furnace-error-code-e4/index.png[22m [2m(+452ms)[22m 
[2m18:38:26[22m   [34mΓö£ΓöÇ[39m [2m/posts/york-furnace-error-codes/index.png[22m [2m(+385ms)[22m 
[2m18:38:27[22m   [34mΓö£ΓöÇ[39m [2m/posts/york-furnace-error-code-e5/index.png[22m [2m(+338ms)[22m 
[2m18:38:27[22m   [34mΓö£ΓöÇ[39m [2m/posts/york-mini-split-error-code-e1/index.png[22m [2m(+403ms)[22m 
[2m18:38:27[22m   [34mΓö£ΓöÇ[39m [2m/posts/york-rooftop-unit-error-codes/index.png[22m [2m(+368ms)[22m 
[2m18:38:28[22m   [34mΓö£ΓöÇ[39m [2m/posts/york-tg9-furnace-error-codes/index.png[22m [2m(+355ms)[22m 
[2m18:38:28[22m   [34mΓö£ΓöÇ[39m [2m/posts/york-ycd-error-codes/index.png[22m [2m(+339ms)[22m 
[2m18:38:28[22m   [34mΓö£ΓöÇ[39m [2m/posts/york-yg2c-error-codes/index.png[22m [2m(+345ms)[22m 
[2m18:38:29[22m   [34mΓö£ΓöÇ[39m [2m/posts/york-ysc-error-codes/index.png[22m [2m(+343ms)[22m 
[2m18:38:29[22m   [34mΓööΓöÇ[39m [2m/posts/ysi-meter-error-codes/index.png[22m [2m(+332ms)[22m 
[2m18:38:29[22m [32mΓû╢[39m src/pages/posts/[...page].astro
[2m18:38:29[22m   [34mΓö£ΓöÇ[39m [2m/posts/index.html[22m [2m(+15ms)[22m 
[2m18:38:29[22m   [34mΓö£ΓöÇ[39m [2m/posts/2/index.html[22m [2m(+8ms)[22m 
[2m18:38:29[22m   [34mΓö£ΓöÇ[39m [2m/posts/3/index.html[22m [2m(+7ms)[22m 
[2m18:38:29[22m   [34mΓö£ΓöÇ[39m [2m/posts/4/index.html[22m [2m(+6ms)[22m 
[2m18:38:29[22m   [34mΓö£ΓöÇ[39m [2m/posts/5/index.html[22m [2m(+7ms)[22m 
[2m18:38:29[22m   [34mΓö£ΓöÇ[39m [2m/posts/6/index.html[22m [2m(+6ms)[22m 
[2m18:38:29[22m   [34mΓö£ΓöÇ[39m [2m/posts/7/index.html[22m [2m(+6ms)[22m 
[2m18:38:29[22m   [34mΓö£ΓöÇ[39m [2m/posts/8/index.html[22m [2m(+5ms)[22m 
[2m18:38:29[22m   [34mΓö£ΓöÇ[39m [2m/posts/9/index.html[22m [2m(+5ms)[22m 
[2m18:38:29[22m   [34mΓö£ΓöÇ[39m [2m/posts/10/index.html[22m [2m(+8ms)[22m 
[2m18:38:29[22m   [34mΓö£ΓöÇ[39m [2m/posts/11/index.html[22m [2m(+5ms)[22m 
[2m18:38:29[22m   [34mΓö£ΓöÇ[39m [2m/posts/12/index.html[22m [2m(+5ms)[22m 
[2m18:38:30[22m   [34mΓö£ΓöÇ[39m [2m/posts/13/index.html[22m [2m(+8ms)[22m 
[2m18:38:30[22m   [34mΓö£ΓöÇ[39m [2m/posts/14/index.html[22m [2m(+9ms)[22m 
[2m18:38:30[22m   [34mΓö£ΓöÇ[39m [2m/posts/15/index.html[22m [2m(+6ms)[22m 
[2m18:38:30[22m   [34mΓö£ΓöÇ[39m [2m/posts/16/index.html[22m [2m(+5ms)[22m 
[2m18:38:30[22m   [34mΓö£ΓöÇ[39m [2m/posts/17/index.html[22m [2m(+5ms)[22m 
[2m18:38:30[22m   [34mΓö£ΓöÇ[39m [2m/posts/18/index.html[22m [2m(+4ms)[22m 
[2m18:38:30[22m   [34mΓö£ΓöÇ[39m [2m/posts/19/index.html[22m [2m(+4ms)[22m 
[2m18:38:30[22m   [34mΓö£ΓöÇ[39m [2m/posts/20/index.html[22m [2m(+4ms)[22m 
[2m18:38:30[22m   [34mΓö£ΓöÇ[39m [2m/posts/21/index.html[22m [2m(+4ms)[22m 
[2m18:38:30[22m   [34mΓö£ΓöÇ[39m [2m/posts/22/index.html[22m [2m(+4ms)[22m 
[2m18:38:30[22m   [34mΓö£ΓöÇ[39m [2m/posts/23/index.html[22m [2m(+6ms)[22m 
[2m18:38:30[22m   [34mΓö£ΓöÇ[39m [2m/posts/24/index.html[22m [2m(+5ms)[22m 
[2m18:38:30[22m   [34mΓö£ΓöÇ[39m [2m/posts/25/index.html[22m [2m(+4ms)[22m 
[2m18:38:30[22m   [34mΓö£ΓöÇ[39m [2m/posts/26/index.html[22m [2m(+6ms)[22m 
[2m18:38:30[22m   [34mΓö£ΓöÇ[39m [2m/posts/27/index.html[22m [2m(+6ms)[22m 
[2m18:38:30[22m   [34mΓö£ΓöÇ[39m [2m/posts/28/index.html[22m [2m(+5ms)[22m 
[2m18:38:30[22m   [34mΓö£ΓöÇ[39m [2m/posts/29/index.html[22m [2m(+5ms)[22m 
[2m18:38:30[22m   [34mΓö£ΓöÇ[39m [2m/posts/30/index.html[22m [2m(+4ms)[22m 
[2m18:38:30[22m   [34mΓö£ΓöÇ[39m [2m/posts/31/index.html[22m [2m(+6ms)[22m 
[2m18:38:30[22m   [34mΓö£ΓöÇ[39m [2m/posts/32/index.html[22m [2m(+5ms)[22m 
[2m18:38:30[22m   [34mΓö£ΓöÇ[39m [2m/posts/33/index.html[22m [2m(+7ms)[22m 
[2m18:38:30[22m   [34mΓö£ΓöÇ[39m [2m/posts/34/index.html[22m [2m(+5ms)[22m 
[2m18:38:30[22m   [34mΓö£ΓöÇ[39m [2m/posts/35/index.html[22m [2m(+5ms)[22m 
[2m18:38:30[22m   [34mΓö£ΓöÇ[39m [2m/posts/36/index.html[22m [2m(+4ms)[22m 
[2m18:38:30[22m   [34mΓö£ΓöÇ[39m [2m/posts/37/index.html[22m [2m(+5ms)[22m 
[2m18:38:30[22m   [34mΓö£ΓöÇ[39m [2m/posts/38/index.html[22m [2m(+4ms)[22m 
[2m18:38:30[22m   [34mΓö£ΓöÇ[39m [2m/posts/39/index.html[22m [2m(+20ms)[22m 
[2m18:38:30[22m   [34mΓö£ΓöÇ[39m [2m/posts/40/index.html[22m [2m(+9ms)[22m 
[2m18:38:30[22m   [34mΓö£ΓöÇ[39m [2m/posts/41/index.html[22m [2m(+5ms)[22m 
[2m18:38:30[22m   [34mΓö£ΓöÇ[39m [2m/posts/42/index.html[22m [2m(+7ms)[22m 
[2m18:38:30[22m   [34mΓö£ΓöÇ[39m [2m/posts/43/index.html[22m [2m(+5ms)[22m 
[2m18:38:30[22m   [34mΓö£ΓöÇ[39m [2m/posts/44/index.html[22m [2m(+5ms)[22m 
[2m18:38:30[22m   [34mΓö£ΓöÇ[39m [2m/posts/45/index.html[22m [2m(+6ms)[22m 
[2m18:38:30[22m   [34mΓö£ΓöÇ[39m [2m/posts/46/index.html[22m [2m(+6ms)[22m 
[2m18:38:30[22m   [34mΓö£ΓöÇ[39m [2m/posts/47/index.html[22m [2m(+5ms)[22m 
[2m18:38:30[22m   [34mΓö£ΓöÇ[39m [2m/posts/48/index.html[22m [2m(+6ms)[22m 
[2m18:38:30[22m   [34mΓö£ΓöÇ[39m [2m/posts/49/index.html[22m [2m(+4ms)[22m 
[2m18:38:30[22m   [34mΓö£ΓöÇ[39m [2m/posts/50/index.html[22m [2m(+5ms)[22m 
[2m18:38:30[22m   [34mΓö£ΓöÇ[39m [2m/posts/51/index.html[22m [2m(+6ms)[22m 
[2m18:38:30[22m   [34mΓö£ΓöÇ[39m [2m/posts/52/index.html[22m [2m(+5ms)[22m 
[2m18:38:30[22m   [34mΓö£ΓöÇ[39m [2m/posts/53/index.html[22m [2m(+5ms)[22m 
[2m18:38:30[22m   [34mΓö£ΓöÇ[39m [2m/posts/54/index.html[22m [2m(+6ms)[22m 
[2m18:38:30[22m   [34mΓö£ΓöÇ[39m [2m/posts/55/index.html[22m [2m(+6ms)[22m 
[2m18:38:30[22m   [34mΓö£ΓöÇ[39m [2m/posts/56/index.html[22m [2m(+6ms)[22m 
[2m18:38:30[22m   [34mΓö£ΓöÇ[39m [2m/posts/57/index.html[22m [2m(+6ms)[22m 
[2m18:38:30[22m   [34mΓö£ΓöÇ[39m [2m/posts/58/index.html[22m [2m(+6ms)[22m 
[2m18:38:30[22m   [34mΓö£ΓöÇ[39m [2m/posts/59/index.html[22m [2m(+6ms)[22m 
[2m18:38:30[22m   [34mΓö£ΓöÇ[39m [2m/posts/60/index.html[22m [2m(+6ms)[22m 
[2m18:38:30[22m   [34mΓö£ΓöÇ[39m [2m/posts/61/index.html[22m [2m(+6ms)[22m 
[2m18:38:30[22m   [34mΓö£ΓöÇ[39m [2m/posts/62/index.html[22m [2m(+5ms)[22m 
[2m18:38:30[22m   [34mΓö£ΓöÇ[39m [2m/posts/63/index.html[22m [2m(+4ms)[22m 
[2m18:38:30[22m   [34mΓö£ΓöÇ[39m [2m/posts/64/index.html[22m [2m(+5ms)[22m 
[2m18:38:30[22m   [34mΓö£ΓöÇ[39m [2m/posts/65/index.html[22m [2m(+4ms)[22m 
[2m18:38:30[22m   [34mΓö£ΓöÇ[39m [2m/posts/66/index.html[22m [2m(+4ms)[22m 
[2m18:38:30[22m   [34mΓö£ΓöÇ[39m [2m/posts/67/index.html[22m [2m(+4ms)[22m 
[2m18:38:30[22m   [34mΓö£ΓöÇ[39m [2m/posts/68/index.html[22m [2m(+4ms)[22m 
[2m18:38:30[22m   [34mΓö£ΓöÇ[39m [2m/posts/69/index.html[22m [2m(+5ms)[22m 
[2m18:38:30[22m   [34mΓö£ΓöÇ[39m [2m/posts/70/index.html[22m [2m(+5ms)[22m 
[2m18:38:30[22m   [34mΓö£ΓöÇ[39m [2m/posts/71/index.html[22m [2m(+5ms)[22m 
[2m18:38:30[22m   [34mΓö£ΓöÇ[39m [2m/posts/72/index.html[22m [2m(+6ms)[22m 
[2m18:38:30[22m   [34mΓö£ΓöÇ[39m [2m/posts/73/index.html[22m [2m(+5ms)[22m 
[2m18:38:30[22m   [34mΓö£ΓöÇ[39m [2m/posts/74/index.html[22m [2m(+5ms)[22m 
[2m18:38:30[22m   [34mΓö£ΓöÇ[39m [2m/posts/75/index.html[22m [2m(+6ms)[22m 
[2m18:38:30[22m   [34mΓö£ΓöÇ[39m [2m/posts/76/index.html[22m [2m(+8ms)[22m 
[2m18:38:30[22m   [34mΓö£ΓöÇ[39m [2m/posts/77/index.html[22m [2m(+6ms)[22m 
[2m18:38:30[22m   [34mΓö£ΓöÇ[39m [2m/posts/78/index.html[22m [2m(+5ms)[22m 
[2m18:38:30[22m   [34mΓö£ΓöÇ[39m [2m/posts/79/index.html[22m [2m(+5ms)[22m 
[2m18:38:30[22m   [34mΓö£ΓöÇ[39m [2m/posts/80/index.html[22m [2m(+5ms)[22m 
[2m18:38:30[22m   [34mΓö£ΓöÇ[39m [2m/posts/81/index.html[22m [2m(+5ms)[22m 
[2m18:38:30[22m   [34mΓö£ΓöÇ[39m [2m/posts/82/index.html[22m [2m(+5ms)[22m 
[2m18:38:30[22m   [34mΓö£ΓöÇ[39m [2m/posts/83/index.html[22m [2m(+5ms)[22m 
[2m18:38:30[22m   [34mΓö£ΓöÇ[39m [2m/posts/84/index.html[22m [2m(+5ms)[22m 
[2m18:38:30[22m   [34mΓö£ΓöÇ[39m [2m/posts/85/index.html[22m [2m(+5ms)[22m 
[2m18:38:30[22m   [34mΓö£ΓöÇ[39m [2m/posts/86/index.html[22m [2m(+5ms)[22m 
[2m18:38:30[22m   [34mΓö£ΓöÇ[39m [2m/posts/87/index.html[22m [2m(+5ms)[22m 
[2m18:38:30[22m   [34mΓö£ΓöÇ[39m [2m/posts/88/index.html[22m [2m(+5ms)[22m 
[2m18:38:30[22m   [34mΓö£ΓöÇ[39m [2m/posts/89/index.html[22m [2m(+5ms)[22m 
[2m18:38:30[22m   [34mΓö£ΓöÇ[39m [2m/posts/90/index.html[22m [2m(+4ms)[22m 
[2m18:38:30[22m   [34mΓö£ΓöÇ[39m [2m/posts/91/index.html[22m [2m(+4ms)[22m 
[2m18:38:30[22m   [34mΓö£ΓöÇ[39m [2m/posts/92/index.html[22m [2m(+4ms)[22m 
[2m18:38:30[22m   [34mΓö£ΓöÇ[39m [2m/posts/93/index.html[22m [2m(+4ms)[22m 
[2m18:38:30[22m   [34mΓö£ΓöÇ[39m [2m/posts/94/index.html[22m [2m(+4ms)[22m 
[2m18:38:30[22m   [34mΓö£ΓöÇ[39m [2m/posts/95/index.html[22m [2m(+4ms)[22m 
[2m18:38:30[22m   [34mΓö£ΓöÇ[39m [2m/posts/96/index.html[22m [2m(+4ms)[22m 
[2m18:38:30[22m   [34mΓö£ΓöÇ[39m [2m/posts/97/index.html[22m [2m(+4ms)[22m 
[2m18:38:30[22m   [34mΓö£ΓöÇ[39m [2m/posts/98/index.html[22m [2m(+4ms)[22m 
[2m18:38:30[22m   [34mΓö£ΓöÇ[39m [2m/posts/99/index.html[22m [2m(+4ms)[22m 
[2m18:38:30[22m   [34mΓö£ΓöÇ[39m [2m/posts/100/index.html[22m [2m(+4ms)[22m 
[2m18:38:30[22m   [34mΓö£ΓöÇ[39m [2m/posts/101/index.html[22m [2m(+5ms)[22m 
[2m18:38:30[22m   [34mΓö£ΓöÇ[39m [2m/posts/102/index.html[22m [2m(+5ms)[22m 
[2m18:38:30[22m   [34mΓö£ΓöÇ[39m [2m/posts/103/index.html[22m [2m(+5ms)[22m 
[2m18:38:30[22m   [34mΓö£ΓöÇ[39m [2m/posts/104/index.html[22m [2m(+5ms)[22m 
[2m18:38:30[22m   [34mΓö£ΓöÇ[39m [2m/posts/105/index.html[22m [2m(+4ms)[22m 
[2m18:38:30[22m   [34mΓö£ΓöÇ[39m [2m/posts/106/index.html[22m [2m(+4ms)[22m 
[2m18:38:30[22m   [34mΓö£ΓöÇ[39m [2m/posts/107/index.html[22m [2m(+4ms)[22m 
[2m18:38:30[22m   [34mΓö£ΓöÇ[39m [2m/posts/108/index.html[22m [2m(+4ms)[22m 
[2m18:38:30[22m   [34mΓö£ΓöÇ[39m [2m/posts/109/index.html[22m [2m(+4ms)[22m 
[2m18:38:30[22m   [34mΓö£ΓöÇ[39m [2m/posts/110/index.html[22m [2m(+4ms)[22m 
[2m18:38:30[22m   [34mΓö£ΓöÇ[39m [2m/posts/111/index.html[22m [2m(+5ms)[22m 
[2m18:38:30[22m   [34mΓö£ΓöÇ[39m [2m/posts/112/index.html[22m [2m(+4ms)[22m 
[2m18:38:30[22m   [34mΓö£ΓöÇ[39m [2m/posts/113/index.html[22m [2m(+4ms)[22m 
[2m18:38:30[22m   [34mΓö£ΓöÇ[39m [2m/posts/114/index.html[22m [2m(+4ms)[22m 
[2m18:38:30[22m   [34mΓö£ΓöÇ[39m [2m/posts/115/index.html[22m [2m(+4ms)[22m 
[2m18:38:30[22m   [34mΓö£ΓöÇ[39m [2m/posts/116/index.html[22m [2m(+4ms)[22m 
[2m18:38:30[22m   [34mΓö£ΓöÇ[39m [2m/posts/117/index.html[22m [2m(+6ms)[22m 
[2m18:38:30[22m   [34mΓö£ΓöÇ[39m [2m/posts/118/index.html[22m [2m(+4ms)[22m 
[2m18:38:30[22m   [34mΓö£ΓöÇ[39m [2m/posts/119/index.html[22m [2m(+4ms)[22m 
[2m18:38:30[22m   [34mΓö£ΓöÇ[39m [2m/posts/120/index.html[22m [2m(+4ms)[22m 
[2m18:38:30[22m   [34mΓö£ΓöÇ[39m [2m/posts/121/index.html[22m [2m(+5ms)[22m 
[2m18:38:30[22m   [34mΓö£ΓöÇ[39m [2m/posts/122/index.html[22m [2m(+4ms)[22m 
[2m18:38:30[22m   [34mΓö£ΓöÇ[39m [2m/posts/123/index.html[22m [2m(+4ms)[22m 
[2m18:38:30[22m   [34mΓö£ΓöÇ[39m [2m/posts/124/index.html[22m [2m(+6ms)[22m 
[2m18:38:30[22m   [34mΓö£ΓöÇ[39m [2m/posts/125/index.html[22m [2m(+4ms)[22m 
[2m18:38:30[22m   [34mΓö£ΓöÇ[39m [2m/posts/126/index.html[22m [2m(+4ms)[22m 
[2m18:38:30[22m   [34mΓö£ΓöÇ[39m [2m/posts/127/index.html[22m [2m(+4ms)[22m 
[2m18:38:30[22m   [34mΓö£ΓöÇ[39m [2m/posts/128/index.html[22m [2m(+7ms)[22m 
[2m18:38:30[22m   [34mΓö£ΓöÇ[39m [2m/posts/129/index.html[22m [2m(+4ms)[22m 
[2m18:38:30[22m   [34mΓö£ΓöÇ[39m [2m/posts/130/index.html[22m [2m(+6ms)[22m 
[2m18:38:30[22m   [34mΓö£ΓöÇ[39m [2m/posts/131/index.html[22m [2m(+6ms)[22m 
[2m18:38:30[22m   [34mΓö£ΓöÇ[39m [2m/posts/132/index.html[22m [2m(+6ms)[22m 
[2m18:38:30[22m   [34mΓö£ΓöÇ[39m [2m/posts/133/index.html[22m [2m(+4ms)[22m 
[2m18:38:30[22m   [34mΓö£ΓöÇ[39m [2m/posts/134/index.html[22m [2m(+4ms)[22m 
[2m18:38:30[22m   [34mΓö£ΓöÇ[39m [2m/posts/135/index.html[22m [2m(+4ms)[22m 
[2m18:38:30[22m   [34mΓö£ΓöÇ[39m [2m/posts/136/index.html[22m [2m(+5ms)[22m 
[2m18:38:30[22m   [34mΓö£ΓöÇ[39m [2m/posts/137/index.html[22m [2m(+4ms)[22m 
[2m18:38:30[22m   [34mΓö£ΓöÇ[39m [2m/posts/138/index.html[22m [2m(+22ms)[22m 
[2m18:38:30[22m   [34mΓö£ΓöÇ[39m [2m/posts/139/index.html[22m [2m(+7ms)[22m 
[2m18:38:30[22m   [34mΓö£ΓöÇ[39m [2m/posts/140/index.html[22m [2m(+4ms)[22m 
[2m18:38:30[22m   [34mΓö£ΓöÇ[39m [2m/posts/141/index.html[22m [2m(+4ms)[22m 
[2m18:38:30[22m   [34mΓö£ΓöÇ[39m [2m/posts/142/index.html[22m [2m(+4ms)[22m 
[2m18:38:30[22m   [34mΓö£ΓöÇ[39m [2m/posts/143/index.html[22m [2m(+4ms)[22m 
[2m18:38:30[22m   [34mΓö£ΓöÇ[39m [2m/posts/144/index.html[22m [2m(+4ms)[22m 
[2m18:38:30[22m   [34mΓö£ΓöÇ[39m [2m/posts/145/index.html[22m [2m(+4ms)[22m 
[2m18:38:30[22m   [34mΓö£ΓöÇ[39m [2m/posts/146/index.html[22m [2m(+4ms)[22m 
[2m18:38:30[22m   [34mΓö£ΓöÇ[39m [2m/posts/147/index.html[22m [2m(+5ms)[22m 
[2m18:38:30[22m   [34mΓö£ΓöÇ[39m [2m/posts/148/index.html[22m [2m(+5ms)[22m 
[2m18:38:30[22m   [34mΓö£ΓöÇ[39m [2m/posts/149/index.html[22m [2m(+5ms)[22m 
[2m18:38:30[22m   [34mΓö£ΓöÇ[39m [2m/posts/150/index.html[22m [2m(+5ms)[22m 
[2m18:38:30[22m   [34mΓö£ΓöÇ[39m [2m/posts/151/index.html[22m [2m(+5ms)[22m 
[2m18:38:30[22m   [34mΓö£ΓöÇ[39m [2m/posts/152/index.html[22m [2m(+5ms)[22m 
[2m18:38:30[22m   [34mΓö£ΓöÇ[39m [2m/posts/153/index.html[22m [2m(+5ms)[22m 
[2m18:38:30[22m   [34mΓö£ΓöÇ[39m [2m/posts/154/index.html[22m [2m(+5ms)[22m 
[2m18:38:30[22m   [34mΓö£ΓöÇ[39m [2m/posts/155/index.html[22m [2m(+5ms)[22m 
[2m18:38:30[22m   [34mΓö£ΓöÇ[39m [2m/posts/156/index.html[22m [2m(+4ms)[22m 
[2m18:38:30[22m   [34mΓö£ΓöÇ[39m [2m/posts/157/index.html[22m [2m(+5ms)[22m 
[2m18:38:30[22m   [34mΓö£ΓöÇ[39m [2m/posts/158/index.html[22m [2m(+5ms)[22m 
[2m18:38:30[22m   [34mΓö£ΓöÇ[39m [2m/posts/159/index.html[22m [2m(+4ms)[22m 
[2m18:38:30[22m   [34mΓö£ΓöÇ[39m [2m/posts/160/index.html[22m [2m(+5ms)[22m 
[2m18:38:30[22m   [34mΓö£ΓöÇ[39m [2m/posts/161/index.html[22m [2m(+5ms)[22m 
[2m18:38:30[22m   [34mΓö£ΓöÇ[39m [2m/posts/162/index.html[22m [2m(+4ms)[22m 
[2m18:38:30[22m   [34mΓö£ΓöÇ[39m [2m/posts/163/index.html[22m [2m(+4ms)[22m 
[2m18:38:30[22m   [34mΓö£ΓöÇ[39m [2m/posts/164/index.html[22m [2m(+4ms)[22m 
[2m18:38:30[22m   [34mΓö£ΓöÇ[39m [2m/posts/165/index.html[22m [2m(+4ms)[22m 
[2m18:38:30[22m   [34mΓö£ΓöÇ[39m [2m/posts/166/index.html[22m [2m(+4ms)[22m 
[2m18:38:30[22m   [34mΓö£ΓöÇ[39m [2m/posts/167/index.html[22m [2m(+3ms)[22m 
[2m18:38:30[22m   [34mΓö£ΓöÇ[39m [2m/posts/168/index.html[22m [2m(+3ms)[22m 
[2m18:38:30[22m   [34mΓö£ΓöÇ[39m [2m/posts/169/index.html[22m [2m(+3ms)[22m 
[2m18:38:30[22m   [34mΓö£ΓöÇ[39m [2m/posts/170/index.html[22m [2m(+4ms)[22m 
[2m18:38:30[22m   [34mΓö£ΓöÇ[39m [2m/posts/171/index.html[22m [2m(+5ms)[22m 
[2m18:38:30[22m   [34mΓö£ΓöÇ[39m [2m/posts/172/index.html[22m [2m(+4ms)[22m 
[2m18:38:30[22m   [34mΓö£ΓöÇ[39m [2m/posts/173/index.html[22m [2m(+4ms)[22m 
[2m18:38:30[22m   [34mΓö£ΓöÇ[39m [2m/posts/174/index.html[22m [2m(+10ms)[22m 
[2m18:38:30[22m   [34mΓö£ΓöÇ[39m [2m/posts/175/index.html[22m [2m(+5ms)[22m 
[2m18:38:30[22m   [34mΓö£ΓöÇ[39m [2m/posts/176/index.html[22m [2m(+6ms)[22m 
[2m18:38:30[22m   [34mΓö£ΓöÇ[39m [2m/posts/177/index.html[22m [2m(+5ms)[22m 
[2m18:38:30[22m   [34mΓö£ΓöÇ[39m [2m/posts/178/index.html[22m [2m(+6ms)[22m 
[2m18:38:30[22m   [34mΓö£ΓöÇ[39m [2m/posts/179/index.html[22m [2m(+5ms)[22m 
[2m18:38:30[22m   [34mΓö£ΓöÇ[39m [2m/posts/180/index.html[22m [2m(+5ms)[22m 
[2m18:38:30[22m   [34mΓö£ΓöÇ[39m [2m/posts/181/index.html[22m [2m(+5ms)[22m 
[2m18:38:30[22m   [34mΓö£ΓöÇ[39m [2m/posts/182/index.html[22m [2m(+5ms)[22m 
[2m18:38:30[22m   [34mΓö£ΓöÇ[39m [2m/posts/183/index.html[22m [2m(+5ms)[22m 
[2m18:38:30[22m   [34mΓö£ΓöÇ[39m [2m/posts/184/index.html[22m [2m(+4ms)[22m 
[2m18:38:30[22m   [34mΓö£ΓöÇ[39m [2m/posts/185/index.html[22m [2m(+5ms)[22m 
[2m18:38:30[22m   [34mΓö£ΓöÇ[39m [2m/posts/186/index.html[22m [2m(+4ms)[22m 
[2m18:38:30[22m   [34mΓö£ΓöÇ[39m [2m/posts/187/index.html[22m [2m(+4ms)[22m 
[2m18:38:30[22m   [34mΓö£ΓöÇ[39m [2m/posts/188/index.html[22m [2m(+4ms)[22m 
[2m18:38:30[22m   [34mΓö£ΓöÇ[39m [2m/posts/189/index.html[22m [2m(+4ms)[22m 
[2m18:38:30[22m   [34mΓö£ΓöÇ[39m [2m/posts/190/index.html[22m [2m(+4ms)[22m 
[2m18:38:30[22m   [34mΓö£ΓöÇ[39m [2m/posts/191/index.html[22m [2m(+4ms)[22m 
[2m18:38:30[22m   [34mΓö£ΓöÇ[39m [2m/posts/192/index.html[22m [2m(+4ms)[22m 
[2m18:38:30[22m   [34mΓö£ΓöÇ[39m [2m/posts/193/index.html[22m [2m(+5ms)[22m 
[2m18:38:30[22m   [34mΓö£ΓöÇ[39m [2m/posts/194/index.html[22m [2m(+5ms)[22m 
[2m18:38:30[22m   [34mΓö£ΓöÇ[39m [2m/posts/195/index.html[22m [2m(+6ms)[22m 
[2m18:38:30[22m   [34mΓö£ΓöÇ[39m [2m/posts/196/index.html[22m [2m(+4ms)[22m 
[2m18:38:30[22m   [34mΓö£ΓöÇ[39m [2m/posts/197/index.html[22m [2m(+3ms)[22m 
[2m18:38:30[22m   [34mΓö£ΓöÇ[39m [2m/posts/198/index.html[22m [2m(+5ms)[22m 
[2m18:38:30[22m   [34mΓö£ΓöÇ[39m [2m/posts/199/index.html[22m [2m(+6ms)[22m 
[2m18:38:30[22m   [34mΓö£ΓöÇ[39m [2m/posts/200/index.html[22m [2m(+3ms)[22m 
[2m18:38:30[22m   [34mΓö£ΓöÇ[39m [2m/posts/201/index.html[22m [2m(+4ms)[22m 
[2m18:38:30[22m   [34mΓö£ΓöÇ[39m [2m/posts/202/index.html[22m [2m(+5ms)[22m 
[2m18:38:30[22m   [34mΓö£ΓöÇ[39m [2m/posts/203/index.html[22m [2m(+5ms)[22m 
[2m18:38:30[22m   [34mΓö£ΓöÇ[39m [2m/posts/204/index.html[22m [2m(+5ms)[22m 
[2m18:38:30[22m   [34mΓö£ΓöÇ[39m [2m/posts/205/index.html[22m [2m(+5ms)[22m 
[2m18:38:30[22m   [34mΓö£ΓöÇ[39m [2m/posts/206/index.html[22m [2m(+4ms)[22m 
[2m18:38:30[22m   [34mΓö£ΓöÇ[39m [2m/posts/207/index.html[22m [2m(+4ms)[22m 
[2m18:38:30[22m   [34mΓö£ΓöÇ[39m [2m/posts/208/index.html[22m [2m(+5ms)[22m 
[2m18:38:30[22m   [34mΓö£ΓöÇ[39m [2m/posts/209/index.html[22m [2m(+6ms)[22m 
[2m18:38:30[22m   [34mΓö£ΓöÇ[39m [2m/posts/210/index.html[22m [2m(+5ms)[22m 
[2m18:38:30[22m   [34mΓö£ΓöÇ[39m [2m/posts/211/index.html[22m [2m(+4ms)[22m 
[2m18:38:31[22m   [34mΓö£ΓöÇ[39m [2m/posts/212/index.html[22m [2m(+4ms)[22m 
[2m18:38:31[22m   [34mΓö£ΓöÇ[39m [2m/posts/213/index.html[22m [2m(+3ms)[22m 
[2m18:38:31[22m   [34mΓö£ΓöÇ[39m [2m/posts/214/index.html[22m [2m(+5ms)[22m 
[2m18:38:31[22m   [34mΓö£ΓöÇ[39m [2m/posts/215/index.html[22m [2m(+5ms)[22m 
[2m18:38:31[22m   [34mΓö£ΓöÇ[39m [2m/posts/216/index.html[22m [2m(+5ms)[22m 
[2m18:38:31[22m   [34mΓö£ΓöÇ[39m [2m/posts/217/index.html[22m [2m(+5ms)[22m 
[2m18:38:31[22m   [34mΓö£ΓöÇ[39m [2m/posts/218/index.html[22m [2m(+5ms)[22m 
[2m18:38:31[22m   [34mΓö£ΓöÇ[39m [2m/posts/219/index.html[22m [2m(+4ms)[22m 
[2m18:38:31[22m   [34mΓö£ΓöÇ[39m [2m/posts/220/index.html[22m [2m(+4ms)[22m 
[2m18:38:31[22m   [34mΓö£ΓöÇ[39m [2m/posts/221/index.html[22m [2m(+3ms)[22m 
[2m18:38:31[22m   [34mΓö£ΓöÇ[39m [2m/posts/222/index.html[22m [2m(+4ms)[22m 
[2m18:38:31[22m   [34mΓö£ΓöÇ[39m [2m/posts/223/index.html[22m [2m(+6ms)[22m 
[2m18:38:31[22m   [34mΓö£ΓöÇ[39m [2m/posts/224/index.html[22m [2m(+4ms)[22m 
[2m18:38:31[22m   [34mΓö£ΓöÇ[39m [2m/posts/225/index.html[22m [2m(+4ms)[22m 
[2m18:38:31[22m   [34mΓö£ΓöÇ[39m [2m/posts/226/index.html[22m [2m(+5ms)[22m 
[2m18:38:31[22m   [34mΓö£ΓöÇ[39m [2m/posts/227/index.html[22m [2m(+6ms)[22m 
[2m18:38:31[22m   [34mΓööΓöÇ[39m [2m/posts/228/index.html[22m [2m(+3ms)[22m 
[2m18:38:31[22m [32mΓû╢[39m src/pages/posts/[...slug]/index.astro
[2m18:38:31[22m   [34mΓö£ΓöÇ[39m [2m/posts/abb-acs310-fault-3130/index.html[22m [2m(+28ms)[22m 
[2m18:38:31[22m   [34mΓö£ΓöÇ[39m [2m/posts/abb-acs-drives-plc-fault/index.html[22m [2m(+18ms)[22m 
[2m18:38:31[22m   [34mΓö£ΓöÇ[39m [2m/posts/abb-acs150-fault-codes/index.html[22m [2m(+45ms)[22m 
[2m18:38:31[22m   [34mΓö£ΓöÇ[39m [2m/posts/abb-acs355-fault-2330/index.html[22m [2m(+108ms)[22m 
[2m18:38:31[22m   [34mΓö£ΓöÇ[39m [2m/posts/abb-acs355-fault-3130/index.html[22m [2m(+19ms)[22m 
[2m18:38:31[22m   [34mΓö£ΓöÇ[39m [2m/posts/abb-acs550-af10-heatsink/index.html[22m [2m(+25ms)[22m 
[2m18:38:31[22m   [34mΓö£ΓöÇ[39m [2m/posts/abb-acs550-complete-guide/index.html[22m [2m(+22ms)[22m 
[2m18:38:31[22m   [34mΓö£ΓöÇ[39m [2m/posts/abb-acs550-f0001-overcurrent/index.html[22m [2m(+16ms)[22m 
[2m18:38:31[22m   [34mΓö£ΓöÇ[39m [2m/posts/abb-acs580-fault-3130/index.html[22m [2m(+21ms)[22m 
[2m18:38:31[22m   [34mΓö£ΓöÇ[39m [2m/posts/abb-acs880-complete-guide/index.html[22m [2m(+17ms)[22m 
[2m18:38:31[22m   [34mΓö£ΓöÇ[39m [2m/posts/abb-acs880-fault-2310-overcurrent/index.html[22m [2m(+16ms)[22m 
[2m18:38:31[22m   [34mΓö£ΓöÇ[39m [2m/posts/abb-circuit-breaker-fault-codes/index.html[22m [2m(+29ms)[22m 
[2m18:38:31[22m   [34mΓö£ΓöÇ[39m [2m/posts/abb-vfd-fault-0001-overcurrent/index.html[22m [2m(+17ms)[22m 
[2m18:38:31[22m   [34mΓö£ΓöÇ[39m [2m/posts/abb-acs880-fault-3210/index.html[22m [2m(+15ms)[22m 
[2m18:38:31[22m   [34mΓö£ΓöÇ[39m [2m/posts/abb-acs880-fault-3130/index.html[22m [2m(+192ms)[22m 
[2m18:38:31[22m   [34mΓö£ΓöÇ[39m [2m/posts/abb-vfd-fault-2201-overcurrent/index.html[22m [2m(+31ms)[22m 
[2m18:38:31[22m   [34mΓö£ΓöÇ[39m [2m/posts/abb-vfd-fault-2310/index.html[22m [2m(+22ms)[22m 
[2m18:38:31[22m   [34mΓö£ΓöÇ[39m [2m/posts/abb-vfd-fault-3130/index.html[22m [2m(+29ms)[22m 
[2m18:38:31[22m   [34mΓö£ΓöÇ[39m [2m/posts/abb-vfd-fault-3210/index.html[22m [2m(+19ms)[22m 
[2m18:38:31[22m   [34mΓö£ΓöÇ[39m [2m/posts/abb-vfd-fault-3300/index.html[22m [2m(+16ms)[22m 
[2m18:38:31[22m   [34mΓö£ΓöÇ[39m [2m/posts/abb-vfd-fault-4110/index.html[22m [2m(+31ms)[22m 
[2m18:38:31[22m   [34mΓö£ΓöÇ[39m [2m/posts/abb-vfd-fault-5010/index.html[22m [2m(+24ms)[22m 
[2m18:38:31[22m   [34mΓö£ΓöÇ[39m [2m/posts/abb-vfd-fault-9300/index.html[22m [2m(+20ms)[22m 
[2m18:38:31[22m   [34mΓö£ΓöÇ[39m [2m/posts/abb-vfd-fault-7121/index.html[22m [2m(+30ms)[22m 
[2m18:38:31[22m   [34mΓö£ΓöÇ[39m [2m/posts/abb-vfd-fault-codes/index.html[22m [2m(+26ms)[22m 
[2m18:38:31[22m   [34mΓö£ΓöÇ[39m [2m/posts/ac-not-cooling-error-code/index.html[22m [2m(+19ms)[22m 
[2m18:38:31[22m   [34mΓö£ΓöÇ[39m [2m/posts/air-compressor-fault-codes/index.html[22m [2m(+26ms)[22m 
[2m18:38:32[22m   [34mΓö£ΓöÇ[39m [2m/posts/airease-furnace-e1-error-code/index.html[22m [2m(+16ms)[22m 
[2m18:38:32[22m   [34mΓö£ΓöÇ[39m [2m/posts/alco-controls-fault-codes/index.html[22m [2m(+16ms)[22m 
[2m18:38:32[22m   [34mΓö£ΓöÇ[39m [2m/posts/allen-bradley-micrologix-fault/index.html[22m [2m(+20ms)[22m 
[2m18:38:32[22m   [34mΓö£ΓöÇ[39m [2m/posts/allen-bradley-powerflex-40-complete-guide/index.html[22m [2m(+15ms)[22m 
[2m18:38:32[22m   [34mΓö£ΓöÇ[39m [2m/posts/allen-bradley-powerflex-40-f2-fault/index.html[22m [2m(+24ms)[22m 
[2m18:38:32[22m   [34mΓö£ΓöÇ[39m [2m/posts/allen-bradley-powerflex-40-f7-fault/index.html[22m [2m(+28ms)[22m 
[2m18:38:32[22m   [34mΓö£ΓöÇ[39m [2m/posts/allen-bradley-powerflex-40-f3/index.html[22m [2m(+16ms)[22m 
[2m18:38:32[22m   [34mΓö£ΓöÇ[39m [2m/posts/allen-bradley-powerflex-523-fault-f7/index.html[22m [2m(+16ms)[22m 
[2m18:38:32[22m   [34mΓö£ΓöÇ[39m [2m/posts/allen-bradley-powerflex-525-f7-fault/index.html[22m [2m(+19ms)[22m 
[2m18:38:32[22m   [34mΓö£ΓöÇ[39m [2m/posts/allen-bradley-powerflex-70-faults/index.html[22m [2m(+27ms)[22m 
[2m18:38:32[22m   [34mΓö£ΓöÇ[39m [2m/posts/allen-bradley-powerflex-700-fault-7/index.html[22m [2m(+24ms)[22m 
[2m18:38:32[22m   [34mΓö£ΓöÇ[39m [2m/posts/allen-bradley-powerflex-753-f12-fault/index.html[22m [2m(+24ms)[22m 
[2m18:38:32[22m   [34mΓö£ΓöÇ[39m [2m/posts/allen-bradley-powerflex-753-f35-fault/index.html[22m [2m(+16ms)[22m 
[2m18:38:32[22m   [34mΓö£ΓöÇ[39m [2m/posts/allen-bradley-powerflex-755-fault-7/index.html[22m [2m(+16ms)[22m 
[2m18:38:32[22m   [34mΓö£ΓöÇ[39m [2m/posts/allen-bradley-powerflex-fault-7-motor-stalled/index.html[22m [2m(+21ms)[22m 
[2m18:38:32[22m   [34mΓö£ΓöÇ[39m [2m/posts/allen-bradley-powerflex-fault-codes/index.html[22m [2m(+23ms)[22m 
[2m18:38:32[22m   [34mΓö£ΓöÇ[39m [2m/posts/allen-bradley-powerflex-fault-f002/index.html[22m [2m(+22ms)[22m 
[2m18:38:32[22m   [34mΓö£ΓöÇ[39m [2m/posts/allen-bradley-powerflex-fault-f012/index.html[22m [2m(+27ms)[22m 
[2m18:38:32[22m   [34mΓö£ΓöÇ[39m [2m/posts/allen-bradley-powerflex-fault-f004/index.html[22m [2m(+25ms)[22m 
[2m18:38:32[22m   [34mΓö£ΓöÇ[39m [2m/posts/allen-bradley-powerflex-fault-f025/index.html[22m [2m(+17ms)[22m 
[2m18:38:32[22m   [34mΓö£ΓöÇ[39m [2m/posts/allen-bradley-powerflex-fault-f063/index.html[22m [2m(+20ms)[22m 
[2m18:38:32[22m   [34mΓö£ΓöÇ[39m [2m/posts/allen-bradley-powerflex-fault-f111/index.html[22m [2m(+16ms)[22m 
[2m18:38:32[22m   [34mΓö£ΓöÇ[39m [2m/posts/alto-shaam-oven-error-codes/index.html[22m [2m(+24ms)[22m 
[2m18:38:32[22m   [34mΓö£ΓöÇ[39m [2m/posts/amana-furnace-3-flash-error-code/index.html[22m [2m(+22ms)[22m 
[2m18:38:32[22m   [34mΓö£ΓöÇ[39m [2m/posts/american-standard-furnace-3-flash/index.html[22m [2m(+16ms)[22m 
[2m18:38:32[22m   [34mΓö£ΓöÇ[39m [2m/posts/amana-asx-error-codes/index.html[22m [2m(+16ms)[22m 
[2m18:38:32[22m   [34mΓö£ΓöÇ[39m [2m/posts/american-water-heater-error-codes/index.html[22m [2m(+20ms)[22m 
[2m18:38:32[22m   [34mΓö£ΓöÇ[39m [2m/posts/amsco-sterilizer-fault-codes/index.html[22m [2m(+15ms)[22m 
[2m18:38:32[22m   [34mΓö£ΓöÇ[39m [2m/posts/ao-smith-error-code-e1/index.html[22m [2m(+15ms)[22m 
[2m18:38:32[22m   [34mΓö£ΓöÇ[39m [2m/posts/ao-smith-water-heater-error-codes/index.html[22m [2m(+19ms)[22m 
[2m18:38:32[22m   [34mΓö£ΓöÇ[39m [2m/posts/apc-smart-ups-error-codes/index.html[22m [2m(+16ms)[22m 
[2m18:38:32[22m   [34mΓö£ΓöÇ[39m [2m/posts/apc-ups-error-codes/index.html[22m [2m(+21ms)[22m 
[2m18:38:32[22m   [34mΓö£ΓöÇ[39m [2m/posts/aprilaire-68-fault-codes/index.html[22m [2m(+29ms)[22m 
[2m18:38:32[22m   [34mΓö£ΓöÇ[39m [2m/posts/armstrong-air-handler-e1/index.html[22m [2m(+26ms)[22m 
[2m18:38:32[22m   [34mΓö£ΓöÇ[39m [2m/posts/aprilaire-700-error-codes/index.html[22m [2m(+15ms)[22m 
[2m18:38:32[22m   [34mΓö£ΓöÇ[39m [2m/posts/aprilaire-dehumidifier-error-codes/index.html[22m [2m(+31ms)[22m 
[2m18:38:32[22m   [34mΓö£ΓöÇ[39m [2m/posts/armstrong-furnace-e4-error-code/index.html[22m [2m(+17ms)[22m 
[2m18:38:32[22m   [34mΓö£ΓöÇ[39m [2m/posts/atlas-copco-compressor-fault-codes/index.html[22m [2m(+17ms)[22m 
[2m18:38:32[22m   [34mΓö£ΓöÇ[39m [2m/posts/armstrong-pump-fault-codes/index.html[22m [2m(+24ms)[22m 
[2m18:38:32[22m   [34mΓö£ΓöÇ[39m [2m/posts/ats-transfer-switch-fault-codes/index.html[22m [2m(+26ms)[22m 
[2m18:38:32[22m   [34mΓö£ΓöÇ[39m [2m/posts/automated-logic-fault-codes/index.html[22m [2m(+16ms)[22m 
[2m18:38:32[22m   [34mΓö£ΓöÇ[39m [2m/posts/bacnet-error-codes/index.html[22m [2m(+27ms)[22m 
[2m18:38:32[22m   [34mΓö£ΓöÇ[39m [2m/posts/baldor-vfd-fault-codes/index.html[22m [2m(+19ms)[22m 
[2m18:38:32[22m   [34mΓö£ΓöÇ[39m [2m/posts/baltimore-aircoil-fault-codes/index.html[22m [2m(+20ms)[22m 
[2m18:38:32[22m   [34mΓö£ΓöÇ[39m [2m/posts/basler-relay-fault-codes/index.html[22m [2m(+23ms)[22m 
[2m18:38:32[22m   [34mΓö£ΓöÇ[39m [2m/posts/bell-gossett-pump-fault-codes/index.html[22m [2m(+16ms)[22m 
[2m18:38:32[22m   [34mΓö£ΓöÇ[39m [2m/posts/beverage-air-mt27-error-codes/index.html[22m [2m(+19ms)[22m 
[2m18:38:32[22m   [34mΓö£ΓöÇ[39m [2m/posts/beverage-air-refrigerator-error-code-e1/index.html[22m [2m(+25ms)[22m 
[2m18:38:32[22m   [34mΓö£ΓöÇ[39m [2m/posts/boge-compressor-error-codes/index.html[22m [2m(+16ms)[22m 
[2m18:38:33[22m   [34mΓö£ΓöÇ[39m [2m/posts/boiler-lockout-error-codes/index.html[22m [2m(+16ms)[22m 
[2m18:38:33[22m   [34mΓö£ΓöÇ[39m [2m/posts/bohn-refrigeration-error-codes/index.html[22m [2m(+19ms)[22m 
[2m18:38:33[22m   [34mΓö£ΓöÇ[39m [2m/posts/bosch-dishwasher-e-codes/index.html[22m [2m(+15ms)[22m 
[2m18:38:33[22m   [34mΓö£ΓöÇ[39m [2m/posts/bosch-heat-pump-e1-error-code/index.html[22m [2m(+16ms)[22m 
[2m18:38:33[22m   [34mΓö£ΓöÇ[39m [2m/posts/bosch-rexroth-hydraulic-fault/index.html[22m [2m(+20ms)[22m 
[2m18:38:33[22m   [34mΓö£ΓöÇ[39m [2m/posts/bradford-white-error-code-7/index.html[22m [2m(+15ms)[22m 
[2m18:38:33[22m   [34mΓö£ΓöÇ[39m [2m/posts/bradford-white-water-heater-error-codes/index.html[22m [2m(+16ms)[22m 
[2m18:38:33[22m   [34mΓö£ΓöÇ[39m [2m/posts/briggs-stratton-generator-error/index.html[22m [2m(+20ms)[22m 
[2m18:38:33[22m   [34mΓö£ΓöÇ[39m [2m/posts/bryant-furnace-31-error-code/index.html[22m [2m(+16ms)[22m 
[2m18:38:33[22m   [34mΓö£ΓöÇ[39m [2m/posts/bryant-furnace-13-error-code/index.html[22m [2m(+16ms)[22m 
[2m18:38:33[22m   [34mΓö£ΓöÇ[39m [2m/posts/bryant-furnace-33-error-code/index.html[22m [2m(+19ms)[22m 
[2m18:38:33[22m   [34mΓö£ΓöÇ[39m [2m/posts/buderus-boiler-fault-code-a1/index.html[22m [2m(+19ms)[22m 
[2m18:38:33[22m   [34mΓö£ΓöÇ[39m [2m/posts/burnham-alpine-error-codes/index.html[22m [2m(+15ms)[22m 
[2m18:38:33[22m   [34mΓö£ΓöÇ[39m [2m/posts/burnham-boiler-e1-lockout-code/index.html[22m [2m(+20ms)[22m 
[2m18:38:33[22m   [34mΓö£ΓöÇ[39m [2m/posts/burnham-boiler-e3-error-code/index.html[22m [2m(+16ms)[22m 
[2m18:38:33[22m   [34mΓö£ΓöÇ[39m [2m/posts/burnham-boiler-e2-error-code/index.html[22m [2m(+16ms)[22m 
[2m18:38:33[22m   [34mΓö£ΓöÇ[39m [2m/posts/burnham-boiler-e4-error-code/index.html[22m [2m(+19ms)[22m 
[2m18:38:33[22m   [34mΓö£ΓöÇ[39m [2m/posts/burnham-boiler-e5-error-code/index.html[22m [2m(+21ms)[22m 
[2m18:38:33[22m   [34mΓö£ΓöÇ[39m [2m/posts/burnham-series-2-error-codes/index.html[22m [2m(+22ms)[22m 
[2m18:38:33[22m   [34mΓö£ΓöÇ[39m [2m/posts/caleffi-error-codes/index.html[22m [2m(+26ms)[22m 
[2m18:38:33[22m   [34mΓö£ΓöÇ[39m [2m/posts/carel-ir33-fault-codes/index.html[22m [2m(+19ms)[22m 
[2m18:38:33[22m   [34mΓö£ΓöÇ[39m [2m/posts/carrier-11-error-code/index.html[22m [2m(+16ms)[22m 
[2m18:38:33[22m   [34mΓö£ΓöÇ[39m [2m/posts/carrier-12-error-code/index.html[22m [2m(+21ms)[22m 
[2m18:38:33[22m   [34mΓö£ΓöÇ[39m [2m/posts/carrier-13-error-code/index.html[22m [2m(+16ms)[22m 
[2m18:38:33[22m   [34mΓö£ΓöÇ[39m [2m/posts/carrier-13-soft-lockout/index.html[22m [2m(+16ms)[22m 
[2m18:38:33[22m   [34mΓö£ΓöÇ[39m [2m/posts/carrier-14-error-code/index.html[22m [2m(+21ms)[22m 
[2m18:38:33[22m   [34mΓö£ΓöÇ[39m [2m/posts/carrier-21-error-code/index.html[22m [2m(+15ms)[22m 
[2m18:38:33[22m   [34mΓö£ΓöÇ[39m [2m/posts/carrier-22-error-code/index.html[22m [2m(+16ms)[22m 
[2m18:38:33[22m   [34mΓö£ΓöÇ[39m [2m/posts/carrier-23-error-code/index.html[22m [2m(+19ms)[22m 
[2m18:38:33[22m   [34mΓö£ΓöÇ[39m [2m/posts/carrier-24-error-code/index.html[22m [2m(+24ms)[22m 
[2m18:38:33[22m   [34mΓö£ΓöÇ[39m [2m/posts/carrier-24-soft-lockout/index.html[22m [2m(+18ms)[22m 
[2m18:38:33[22m   [34mΓö£ΓöÇ[39m [2m/posts/carrier-24acc-error-codes/index.html[22m [2m(+27ms)[22m 
[2m18:38:33[22m   [34mΓö£ΓöÇ[39m [2m/posts/carrier-25-error-code/index.html[22m [2m(+18ms)[22m 
[2m18:38:33[22m   [34mΓö£ΓöÇ[39m [2m/posts/carrier-31-error-code/index.html[22m [2m(+16ms)[22m 
[2m18:38:33[22m   [34mΓö£ΓöÇ[39m [2m/posts/carrier-32-error-code/index.html[22m [2m(+19ms)[22m 
[2m18:38:33[22m   [34mΓö£ΓöÇ[39m [2m/posts/carrier-33-error-code/index.html[22m [2m(+15ms)[22m 
[2m18:38:33[22m   [34mΓö£ΓöÇ[39m [2m/posts/carrier-34-error-code/index.html[22m [2m(+16ms)[22m 
[2m18:38:33[22m   [34mΓö£ΓöÇ[39m [2m/posts/carrier-40maq-error-codes/index.html[22m [2m(+20ms)[22m 
[2m18:38:33[22m   [34mΓö£ΓöÇ[39m [2m/posts/carrier-41-error-code/index.html[22m [2m(+15ms)[22m 
[2m18:38:33[22m   [34mΓö£ΓöÇ[39m [2m/posts/carrier-42-error-code/index.html[22m [2m(+15ms)[22m 
[2m18:38:33[22m   [34mΓö£ΓöÇ[39m [2m/posts/carrier-43-error-code/index.html[22m [2m(+28ms)[22m 
[2m18:38:33[22m   [34mΓö£ΓöÇ[39m [2m/posts/carrier-44-error-code/index.html[22m [2m(+25ms)[22m 
[2m18:38:33[22m   [34mΓö£ΓöÇ[39m [2m/posts/carrier-45-error-code/index.html[22m [2m(+26ms)[22m 
[2m18:38:33[22m   [34mΓö£ΓöÇ[39m [2m/posts/carrier-46-error-code/index.html[22m [2m(+21ms)[22m 
[2m18:38:33[22m   [34mΓö£ΓöÇ[39m [2m/posts/carrier-48-error-code/index.html[22m [2m(+24ms)[22m 
[2m18:38:33[22m   [34mΓö£ΓöÇ[39m [2m/posts/carrier-48xlc-error-codes/index.html[22m [2m(+25ms)[22m 
[2m18:38:33[22m   [34mΓö£ΓöÇ[39m [2m/posts/carrier-51-error-code/index.html[22m [2m(+30ms)[22m 
[2m18:38:33[22m   [34mΓö£ΓöÇ[39m [2m/posts/carrier-52-error-code/index.html[22m [2m(+16ms)[22m 
[2m18:38:33[22m   [34mΓö£ΓöÇ[39m [2m/posts/carrier-54-error-code/index.html[22m [2m(+23ms)[22m 
[2m18:38:33[22m   [34mΓö£ΓöÇ[39m [2m/posts/carrier-56-error-code/index.html[22m [2m(+27ms)[22m 
[2m18:38:33[22m   [34mΓö£ΓöÇ[39m [2m/posts/carrier-58-error-code/index.html[22m [2m(+23ms)[22m 
[2m18:38:34[22m   [34mΓö£ΓöÇ[39m [2m/posts/carrier-58cva-error-codes/index.html[22m [2m(+17ms)[22m 
[2m18:38:34[22m   [34mΓö£ΓöÇ[39m [2m/posts/carrier-58mvb-error-codes/index.html[22m [2m(+19ms)[22m 
[2m18:38:34[22m   [34mΓö£ΓöÇ[39m [2m/posts/carrier-58ux-error-codes/index.html[22m [2m(+16ms)[22m 
[2m18:38:34[22m   [34mΓö£ΓöÇ[39m [2m/posts/carrier-61-error-code/index.html[22m [2m(+18ms)[22m 
[2m18:38:34[22m   [34mΓö£ΓöÇ[39m [2m/posts/carrier-65-error-code/index.html[22m [2m(+24ms)[22m 
[2m18:38:34[22m   [34mΓö£ΓöÇ[39m [2m/posts/carrier-66-error-code/index.html[22m [2m(+16ms)[22m 
[2m18:38:34[22m   [34mΓö£ΓöÇ[39m [2m/posts/carrier-aquasnap-fault-codes/index.html[22m [2m(+16ms)[22m 
[2m18:38:34[22m   [34mΓö£ΓöÇ[39m [2m/posts/carrier-commercial-chiller-fault/index.html[22m [2m(+19ms)[22m 
[2m18:38:34[22m   [34mΓö£ΓöÇ[39m [2m/posts/carrier-error-code-e3/index.html[22m [2m(+16ms)[22m 
[2m18:38:34[22m   [34mΓö£ΓöÇ[39m [2m/posts/carrier-furnace-error-code-e1/index.html[22m [2m(+17ms)[22m 
[2m18:38:34[22m   [34mΓö£ΓöÇ[39m [2m/posts/carrier-furnace-error-codes/index.html[22m [2m(+22ms)[22m 
[2m18:38:34[22m   [34mΓö£ΓöÇ[39m [2m/posts/carrier-geothermal-error-codes/index.html[22m [2m(+16ms)[22m 
[2m18:38:34[22m   [34mΓö£ΓöÇ[39m [2m/posts/carrier-greenspeed-heat-pump-codes/index.html[22m [2m(+15ms)[22m 
[2m18:38:34[22m   [34mΓö£ΓöÇ[39m [2m/posts/carrier-heat-pump-e1-error-code/index.html[22m [2m(+19ms)[22m 
[2m18:38:34[22m   [34mΓö£ΓöÇ[39m [2m/posts/carrier-heat-pump-e4-error-code/index.html[22m [2m(+16ms)[22m 
[2m18:38:34[22m   [34mΓö£ΓöÇ[39m [2m/posts/carrier-heat-pump-e5-error-code/index.html[22m [2m(+22ms)[22m 
[2m18:38:34[22m   [34mΓö£ΓöÇ[39m [2m/posts/carrier-heat-pump-e6-error-code/index.html[22m [2m(+18ms)[22m 
[2m18:38:34[22m   [34mΓö£ΓöÇ[39m [2m/posts/carrier-infinity-24acc6-error-codes/index.html[22m [2m(+22ms)[22m 
[2m18:38:34[22m   [34mΓö£ΓöÇ[39m [2m/posts/carrier-infinity-system-error-codes/index.html[22m [2m(+22ms)[22m 
[2m18:38:34[22m   [34mΓö£ΓöÇ[39m [2m/posts/carrier-infinity-zoning-error/index.html[22m [2m(+18ms)[22m 
[2m18:38:34[22m   [34mΓö£ΓöÇ[39m [2m/posts/carrier-rooftop-unit-error-codes/index.html[22m [2m(+17ms)[22m 
[2m18:38:34[22m   [34mΓö£ΓöÇ[39m [2m/posts/carrier-vrf-error-codes/index.html[22m [2m(+16ms)[22m 
[2m18:38:34[22m   [34mΓö£ΓöÇ[39m [2m/posts/carrier-weatheramaker-error-codes/index.html[22m [2m(+29ms)[22m 
[2m18:38:34[22m   [34mΓö£ΓöÇ[39m [2m/posts/carrier-xc21-error-codes/index.html[22m [2m(+24ms)[22m 
[2m18:38:34[22m   [34mΓö£ΓöÇ[39m [2m/posts/carrier-zone-controller-error-codes/index.html[22m [2m(+16ms)[22m 
[2m18:38:34[22m   [34mΓö£ΓöÇ[39m [2m/posts/chicago-pneumatic-compressor-faults/index.html[22m [2m(+19ms)[22m 
[2m18:38:34[22m   [34mΓö£ΓöÇ[39m [2m/posts/chigo-mini-split-e1-error-code/index.html[22m [2m(+16ms)[22m 
[2m18:38:34[22m   [34mΓö£ΓöÇ[39m [2m/posts/climatemaster-error-code-e1/index.html[22m [2m(+19ms)[22m 
[2m18:38:34[22m   [34mΓö£ΓöÇ[39m [2m/posts/climatemaster-trilogy-error-codes/index.html[22m [2m(+19ms)[22m 
[2m18:38:34[22m   [34mΓö£ΓöÇ[39m [2m/posts/cnc-alarm-reset-guide/index.html[22m [2m(+15ms)[22m 
[2m18:38:34[22m   [34mΓö£ΓöÇ[39m [2m/posts/cnc-error-codes-guide/index.html[22m [2m(+16ms)[22m 
[2m18:38:34[22m   [34mΓö£ΓöÇ[39m [2m/posts/coleman-evcon-furnace-error-codes/index.html[22m [2m(+20ms)[22m 
[2m18:38:34[22m   [34mΓö£ΓöÇ[39m [2m/posts/coleman-furnace-4-flashes/index.html[22m [2m(+16ms)[22m 
[2m18:38:34[22m   [34mΓö£ΓöÇ[39m [2m/posts/combi-oven-error-codes/index.html[22m [2m(+17ms)[22m 
[2m18:38:34[22m   [34mΓö£ΓöÇ[39m [2m/posts/coleman-furnace-e2-error-code/index.html[22m [2m(+19ms)[22m 
[2m18:38:34[22m   [34mΓö£ΓöÇ[39m [2m/posts/comfortmaker-furnace-e4-error-code/index.html[22m [2m(+15ms)[22m 
[2m18:38:34[22m   [34mΓö£ΓöÇ[39m [2m/posts/comfortmaker-furnace-e1-error-code/index.html[22m [2m(+15ms)[22m 
[2m18:38:34[22m   [34mΓö£ΓöÇ[39m [2m/posts/compair-compressor-fault-codes/index.html[22m [2m(+26ms)[22m 
[2m18:38:34[22m   [34mΓö£ΓöÇ[39m [2m/posts/continental-refrigerator-error-code-e1/index.html[22m [2m(+19ms)[22m 
[2m18:38:34[22m   [34mΓö£ΓöÇ[39m [2m/posts/cooper-hunter-mini-split-error-code-e3/index.html[22m [2m(+17ms)[22m 
[2m18:38:34[22m   [34mΓö£ΓöÇ[39m [2m/posts/crown-boiler-error-code-e1/index.html[22m [2m(+19ms)[22m 
[2m18:38:34[22m   [34mΓö£ΓöÇ[39m [2m/posts/copeland-compressor-error-code-1/index.html[22m [2m(+26ms)[22m 
[2m18:38:34[22m   [34mΓö£ΓöÇ[39m [2m/posts/crown-forklift-fault-codes/index.html[22m [2m(+16ms)[22m 
[2m18:38:34[22m   [34mΓö£ΓöÇ[39m [2m/posts/cummins-onan-fault-codes/index.html[22m [2m(+20ms)[22m 
[2m18:38:34[22m   [34mΓö£ΓöÇ[39m [2m/posts/cutler-hammer-fault-codes/index.html[22m [2m(+16ms)[22m 
[2m18:38:34[22m   [34mΓö£ΓöÇ[39m [2m/posts/cyberpower-ups-error-codes/index.html[22m [2m(+15ms)[22m 
[2m18:38:34[22m   [34mΓö£ΓöÇ[39m [2m/posts/daikin-a3-error-code/index.html[22m [2m(+19ms)[22m 
[2m18:38:34[22m   [34mΓö£ΓöÇ[39m [2m/posts/daikin-applied-fault-codes/index.html[22m [2m(+16ms)[22m 
[2m18:38:34[22m   [34mΓö£ΓöÇ[39m [2m/posts/daikin-c4-error-code/index.html[22m [2m(+16ms)[22m 
[2m18:38:34[22m   [34mΓö£ΓöÇ[39m [2m/posts/daikin-c9-error-code/index.html[22m [2m(+19ms)[22m 
[2m18:38:34[22m   [34mΓö£ΓöÇ[39m [2m/posts/daikin-e1-error-code/index.html[22m [2m(+17ms)[22m 
[2m18:38:34[22m   [34mΓö£ΓöÇ[39m [2m/posts/daikin-e3-error-code/index.html[22m [2m(+16ms)[22m 
[2m18:38:34[22m   [34mΓö£ΓöÇ[39m [2m/posts/daikin-e7-error-code/index.html[22m [2m(+30ms)[22m 
[2m18:38:34[22m   [34mΓö£ΓöÇ[39m [2m/posts/daikin-e9-error-code/index.html[22m [2m(+25ms)[22m 
[2m18:38:35[22m   [34mΓö£ΓöÇ[39m [2m/posts/daikin-f3-error-code/index.html[22m [2m(+24ms)[22m 
[2m18:38:35[22m   [34mΓö£ΓöÇ[39m [2m/posts/daikin-f9-error-code/index.html[22m [2m(+21ms)[22m 
[2m18:38:35[22m   [34mΓö£ΓöÇ[39m [2m/posts/daikin-l5-error-code/index.html[22m [2m(+16ms)[22m 
[2m18:38:35[22m   [34mΓö£ΓöÇ[39m [2m/posts/daikin-mini-split-error-codes/index.html[22m [2m(+15ms)[22m 
[2m18:38:35[22m   [34mΓö£ΓöÇ[39m [2m/posts/daikin-r32-error-code-u4/index.html[22m [2m(+19ms)[22m 
[2m18:38:35[22m   [34mΓö£ΓöÇ[39m [2m/posts/daikin-rxyq-error-codes/index.html[22m [2m(+15ms)[22m 
[2m18:38:35[22m   [34mΓö£ΓöÇ[39m [2m/posts/daikin-u2-error-code/index.html[22m [2m(+15ms)[22m 
[2m18:38:35[22m   [34mΓö£ΓöÇ[39m [2m/posts/daikin-u4-error-code/index.html[22m [2m(+19ms)[22m 
[2m18:38:35[22m   [34mΓö£ΓöÇ[39m [2m/posts/daikin-u9-error-code/index.html[22m [2m(+15ms)[22m 
[2m18:38:35[22m   [34mΓö£ΓöÇ[39m [2m/posts/daikin-vrv-e7-error-code/index.html[22m [2m(+15ms)[22m 
[2m18:38:35[22m   [34mΓö£ΓöÇ[39m [2m/posts/daikin-vrv-error-codes/index.html[22m [2m(+18ms)[22m 
[2m18:38:35[22m   [34mΓö£ΓöÇ[39m [2m/posts/daikin-vrv-rxq-error-codes/index.html[22m [2m(+15ms)[22m 
[2m18:38:35[22m   [34mΓö£ΓöÇ[39m [2m/posts/daikin-vrv-vrf-u4-error-code/index.html[22m [2m(+16ms)[22m 
[2m18:38:35[22m   [34mΓö£ΓöÇ[39m [2m/posts/danfoss-akc-controller-fault/index.html[22m [2m(+21ms)[22m 
[2m18:38:35[22m   [34mΓö£ΓöÇ[39m [2m/posts/danfoss-fc102-fault-codes/index.html[22m [2m(+16ms)[22m 
[2m18:38:35[22m   [34mΓö£ΓöÇ[39m [2m/posts/danfoss-fc301-fault-al-14/index.html[22m [2m(+16ms)[22m 
[2m18:38:35[22m   [34mΓö£ΓöÇ[39m [2m/posts/danfoss-fc302-complete-guide/index.html[22m [2m(+18ms)[22m 
[2m18:38:35[22m   [34mΓö£ΓöÇ[39m [2m/posts/danfoss-fc302-fault-al-29/index.html[22m [2m(+18ms)[22m 
[2m18:38:35[22m   [34mΓö£ΓöÇ[39m [2m/posts/danfoss-rx-controller-fault/index.html[22m [2m(+16ms)[22m 
[2m18:38:35[22m   [34mΓö£ΓöÇ[39m [2m/posts/danfoss-vfd-fault-codes/index.html[22m [2m(+19ms)[22m 
[2m18:38:35[22m   [34mΓö£ΓöÇ[39m [2m/posts/danfoss-vfd-fault-al-14/index.html[22m [2m(+16ms)[22m 
[2m18:38:35[22m   [34mΓö£ΓöÇ[39m [2m/posts/danfoss-vfd-fault-ocl/index.html[22m [2m(+17ms)[22m 
[2m18:38:35[22m   [34mΓö£ΓöÇ[39m [2m/posts/danfoss-vfd-fault-e-trip/index.html[22m [2m(+22ms)[22m 
[2m18:38:35[22m   [34mΓö£ΓöÇ[39m [2m/posts/danfoss-vfd-fault-ol/index.html[22m [2m(+26ms)[22m 
[2m18:38:35[22m   [34mΓö£ΓöÇ[39m [2m/posts/danfoss-vfd-fault-ul/index.html[22m [2m(+15ms)[22m 
[2m18:38:35[22m   [34mΓö£ΓöÇ[39m [2m/posts/danfoss-vfd-fault-w30/index.html[22m [2m(+30ms)[22m 
[2m18:38:35[22m   [34mΓö£ΓöÇ[39m [2m/posts/danfoss-vlt-2900-faults/index.html[22m [2m(+26ms)[22m 
[2m18:38:35[22m   [34mΓö£ΓöÇ[39m [2m/posts/delfield-refrigerator-error-code-e1/index.html[22m [2m(+24ms)[22m 
[2m18:38:35[22m   [34mΓö£ΓöÇ[39m [2m/posts/dixell-xr60c-p1-error-code/index.html[22m [2m(+29ms)[22m 
[2m18:38:35[22m   [34mΓö£ΓöÇ[39m [2m/posts/dmg-mori-dmf-error-codes/index.html[22m [2m(+26ms)[22m 
[2m18:38:35[22m   [34mΓö£ΓöÇ[39m [2m/posts/dmg-mori-fault-codes/index.html[22m [2m(+16ms)[22m 
[2m18:38:35[22m   [34mΓö£ΓöÇ[39m [2m/posts/doosan-cnc-fault-codes/index.html[22m [2m(+27ms)[22m 
[2m18:38:35[22m   [34mΓö£ΓöÇ[39m [2m/posts/eaton-circuit-breaker-fault-codes/index.html[22m [2m(+15ms)[22m 
[2m18:38:35[22m   [34mΓö£ΓöÇ[39m [2m/posts/ducane-furnace-e1-error-code/index.html[22m [2m(+15ms)[22m 
[2m18:38:35[22m   [34mΓö£ΓöÇ[39m [2m/posts/eaton-power-meter-fault-codes/index.html[22m [2m(+22ms)[22m 
[2m18:38:35[22m   [34mΓö£ΓöÇ[39m [2m/posts/eaton-ups-fault-codes/index.html[22m [2m(+15ms)[22m 
[2m18:38:35[22m   [34mΓö£ΓöÇ[39m [2m/posts/eaton-vfd-fault-codes/index.html[22m [2m(+15ms)[22m 
[2m18:38:35[22m   [34mΓö£ΓöÇ[39m [2m/posts/ecm-blower-motor-error-codes/index.html[22m [2m(+20ms)[22m 
[2m18:38:35[22m   [34mΓö£ΓöÇ[39m [2m/posts/ecobee-thermostat-e1-error/index.html[22m [2m(+16ms)[22m 
[2m18:38:35[22m   [34mΓö£ΓöÇ[39m [2m/posts/electrical-panel-trip-reset/index.html[22m [2m(+24ms)[22m 
[2m18:38:35[22m   [34mΓö£ΓöÇ[39m [2m/posts/edwards-fire-alarm-fault-codes/index.html[22m [2m(+29ms)[22m 
[2m18:38:35[22m   [34mΓö£ΓöÇ[39m [2m/posts/elgi-compressor-fault-codes/index.html[22m [2m(+15ms)[22m 
[2m18:38:35[22m   [34mΓö£ΓöÇ[39m [2m/posts/ecolab-dishwasher-fault-codes/index.html[22m [2m(+16ms)[22m 
[2m18:38:35[22m   [34mΓö£ΓöÇ[39m [2m/posts/emerson-alco-controls-eev-fault/index.html[22m [2m(+19ms)[22m 
[2m18:38:35[22m   [34mΓö£ΓöÇ[39m [2m/posts/emerson-control-techniques-fault/index.html[22m [2m(+15ms)[22m 
[2m18:38:35[22m   [34mΓö£ΓöÇ[39m [2m/posts/emerson-e2-controller-error-codes/index.html[22m [2m(+15ms)[22m 
[2m18:38:35[22m   [34mΓö£ΓöÇ[39m [2m/posts/emerson-fisher-positioner-fault/index.html[22m [2m(+34ms)[22m 
[2m18:38:35[22m   [34mΓö£ΓöÇ[39m [2m/posts/emerson-thermostat-e1-error/index.html[22m [2m(+26ms)[22m 
[2m18:38:35[22m   [34mΓö£ΓöÇ[39m [2m/posts/error-code-meaning-guide/index.html[22m [2m(+15ms)[22m 
[2m18:38:35[22m   [34mΓö£ΓöÇ[39m [2m/posts/esab-welder-fault-code-f01/index.html[22m [2m(+28ms)[22m 
[2m18:38:35[22m   [34mΓö£ΓöÇ[39m [2m/posts/esab-rebel-error-codes/index.html[22m [2m(+16ms)[22m 
[2m18:38:36[22m   [34mΓö£ΓöÇ[39m [2m/posts/esab-welder-fault-code-f02/index.html[22m [2m(+16ms)[22m 
[2m18:38:36[22m   [34mΓö£ΓöÇ[39m [2m/posts/evapco-cooling-tower-faults/index.html[22m [2m(+19ms)[22m 
[2m18:38:36[22m   [34mΓö£ΓöÇ[39m [2m/posts/fanuc-0i-md-alarm-codes/index.html[22m [2m(+16ms)[22m 
[2m18:38:36[22m   [34mΓö£ΓöÇ[39m [2m/posts/fanuc-30i-alarm-codes/index.html[22m [2m(+17ms)[22m 
[2m18:38:36[22m   [34mΓö£ΓöÇ[39m [2m/posts/fanuc-alarm-1-overtravel/index.html[22m [2m(+20ms)[22m 
[2m18:38:36[22m   [34mΓö£ΓöÇ[39m [2m/posts/fanuc-alarm-10-servo-alarm/index.html[22m [2m(+16ms)[22m 
[2m18:38:36[22m   [34mΓö£ΓöÇ[39m [2m/posts/fanuc-alarm-2-overtravel/index.html[22m [2m(+16ms)[22m 
[2m18:38:36[22m   [34mΓö£ΓöÇ[39m [2m/posts/fanuc-alarm-3-overtravel/index.html[22m [2m(+20ms)[22m 
[2m18:38:36[22m   [34mΓö£ΓöÇ[39m [2m/posts/fanuc-alarm-300/index.html[22m [2m(+18ms)[22m 
[2m18:38:36[22m   [34mΓö£ΓöÇ[39m [2m/posts/fanuc-alarm-360/index.html[22m [2m(+20ms)[22m 
[2m18:38:36[22m   [34mΓö£ΓöÇ[39m [2m/posts/fanuc-alarm-400/index.html[22m [2m(+19ms)[22m 
[2m18:38:36[22m   [34mΓö£ΓöÇ[39m [2m/posts/fanuc-alarm-401/index.html[22m [2m(+15ms)[22m 
[2m18:38:36[22m   [34mΓö£ΓöÇ[39m [2m/posts/fanuc-alarm-409/index.html[22m [2m(+17ms)[22m 
[2m18:38:36[22m   [34mΓö£ΓöÇ[39m [2m/posts/fanuc-alarm-4-overtravel/index.html[22m [2m(+20ms)[22m 
[2m18:38:36[22m   [34mΓö£ΓöÇ[39m [2m/posts/fanuc-alarm-411/index.html[22m [2m(+16ms)[22m 
[2m18:38:36[22m   [34mΓö£ΓöÇ[39m [2m/posts/fanuc-alarm-414/index.html[22m [2m(+17ms)[22m 
[2m18:38:36[22m   [34mΓö£ΓöÇ[39m [2m/posts/fanuc-alarm-424/index.html[22m [2m(+29ms)[22m 
[2m18:38:36[22m   [34mΓö£ΓöÇ[39m [2m/posts/fanuc-alarm-435/index.html[22m [2m(+17ms)[22m 
[2m18:38:36[22m   [34mΓö£ΓöÇ[39m [2m/posts/fanuc-alarm-436/index.html[22m [2m(+16ms)[22m 
[2m18:38:36[22m   [34mΓö£ΓöÇ[39m [2m/posts/fanuc-alarm-460-spindle/index.html[22m [2m(+19ms)[22m 
[2m18:38:36[22m   [34mΓö£ΓöÇ[39m [2m/posts/fanuc-alarm-437/index.html[22m [2m(+26ms)[22m 
[2m18:38:36[22m   [34mΓö£ΓöÇ[39m [2m/posts/fanuc-alarm-460/index.html[22m [2m(+16ms)[22m 
[2m18:38:36[22m   [34mΓö£ΓöÇ[39m [2m/posts/fanuc-alarm-5-overtravel/index.html[22m [2m(+19ms)[22m 
[2m18:38:36[22m   [34mΓö£ΓöÇ[39m [2m/posts/fanuc-alarm-500/index.html[22m [2m(+16ms)[22m 
[2m18:38:36[22m   [34mΓö£ΓöÇ[39m [2m/posts/fanuc-alarm-6-overtravel/index.html[22m [2m(+22ms)[22m 
[2m18:38:36[22m   [34mΓö£ΓöÇ[39m [2m/posts/fanuc-alarm-600/index.html[22m [2m(+30ms)[22m 
[2m18:38:36[22m   [34mΓö£ΓöÇ[39m [2m/posts/fanuc-alarm-700-spindle/index.html[22m [2m(+23ms)[22m 
[2m18:38:36[22m   [34mΓö£ΓöÇ[39m [2m/posts/fanuc-alarm-700/index.html[22m [2m(+24ms)[22m 
[2m18:38:36[22m   [34mΓö£ΓöÇ[39m [2m/posts/fanuc-alarm-750/index.html[22m [2m(+20ms)[22m 
[2m18:38:36[22m   [34mΓö£ΓöÇ[39m [2m/posts/fanuc-alarm-800/index.html[22m [2m(+16ms)[22m 
[2m18:38:36[22m   [34mΓö£ΓöÇ[39m [2m/posts/fanuc-alarm-codes/index.html[22m [2m(+16ms)[22m 
[2m18:38:36[22m   [34mΓö£ΓöÇ[39m [2m/posts/fanuc-alarm-90-axis-error/index.html[22m [2m(+21ms)[22m 
[2m18:38:36[22m   [34mΓö£ΓöÇ[39m [2m/posts/fanuc-m-series-alarm-codes/index.html[22m [2m(+15ms)[22m 
[2m18:38:36[22m   [34mΓö£ΓöÇ[39m [2m/posts/fanuc-ot-alarm-soft/index.html[22m [2m(+16ms)[22m 
[2m18:38:36[22m   [34mΓö£ΓöÇ[39m [2m/posts/fanuc-ps-alarm-program-error/index.html[22m [2m(+30ms)[22m 
[2m18:38:36[22m   [34mΓö£ΓöÇ[39m [2m/posts/festo-fault-codes/index.html[22m [2m(+15ms)[22m 
[2m18:38:36[22m   [34mΓö£ΓöÇ[39m [2m/posts/flir-t620-error-codes/index.html[22m [2m(+16ms)[22m 
[2m18:38:36[22m   [34mΓö£ΓöÇ[39m [2m/posts/flir-thermal-camera-error-codes/index.html[22m [2m(+18ms)[22m 
[2m18:38:36[22m   [34mΓö£ΓöÇ[39m [2m/posts/flowserve-pump-fault-codes/index.html[22m [2m(+16ms)[22m 
[2m18:38:36[22m   [34mΓö£ΓöÇ[39m [2m/posts/florida-heat-pump-error-codes/index.html[22m [2m(+18ms)[22m 
[2m18:38:36[22m   [34mΓö£ΓöÇ[39m [2m/posts/fluke-289-error-codes/index.html[22m [2m(+21ms)[22m 
[2m18:38:36[22m   [34mΓö£ΓöÇ[39m [2m/posts/fluke-789-processmeter-error/index.html[22m [2m(+17ms)[22m 
[2m18:38:36[22m   [34mΓö£ΓöÇ[39m [2m/posts/fluke-multimeter-error-codes/index.html[22m [2m(+15ms)[22m 
[2m18:38:36[22m   [34mΓö£ΓöÇ[39m [2m/posts/fluke-power-quality-analyzer-errors/index.html[22m [2m(+20ms)[22m 
[2m18:38:36[22m   [34mΓö£ΓöÇ[39m [2m/posts/follett-horizon-elite-error-codes/index.html[22m [2m(+16ms)[22m 
[2m18:38:36[22m   [34mΓö£ΓöÇ[39m [2m/posts/follett-ice-machine-error-code-e1/index.html[22m [2m(+16ms)[22m 
[2m18:38:36[22m   [34mΓö£ΓöÇ[39m [2m/posts/follett-ice-machine-error-code-e2/index.html[22m [2m(+20ms)[22m 
[2m18:38:36[22m   [34mΓö£ΓöÇ[39m [2m/posts/follett-ice-machine-error-code-e3/index.html[22m [2m(+15ms)[22m 
[2m18:38:36[22m   [34mΓö£ΓöÇ[39m [2m/posts/fs-elliott-compressor-faults/index.html[22m [2m(+16ms)[22m 
[2m18:38:36[22m   [34mΓö£ΓöÇ[39m [2m/posts/fuji-vfd-fault-codes/index.html[22m [2m(+24ms)[22m 
[2m18:38:36[22m   [34mΓö£ΓöÇ[39m [2m/posts/frigidaire-mini-split-e1-error-code/index.html[22m [2m(+20ms)[22m 
[2m18:38:36[22m   [34mΓö£ΓöÇ[39m [2m/posts/fujimak-dishwasher-fault-codes/index.html[22m [2m(+25ms)[22m 
[2m18:38:36[22m   [34mΓö£ΓöÇ[39m [2m/posts/fujitsu-mini-split-error-code-e1/index.html[22m [2m(+20ms)[22m 
[2m18:38:37[22m   [34mΓö£ΓöÇ[39m [2m/posts/fujitsu-mini-split-error-code-e3/index.html[22m [2m(+17ms)[22m 
[2m18:38:37[22m   [34mΓö£ΓöÇ[39m [2m/posts/fujitsu-mini-split-error-code-e7/index.html[22m [2m(+17ms)[22m 
[2m18:38:37[22m   [34mΓö£ΓöÇ[39m [2m/posts/fujitsu-mini-split-error-code-e9/index.html[22m [2m(+20ms)[22m 
[2m18:38:37[22m   [34mΓö£ΓöÇ[39m [2m/posts/fujitsu-mini-split-error-codes/index.html[22m [2m(+23ms)[22m 
[2m18:38:37[22m   [34mΓö£ΓöÇ[39m [2m/posts/furnace-error-code-lookup/index.html[22m [2m(+22ms)[22m 
[2m18:38:37[22m   [34mΓö£ΓöÇ[39m [2m/posts/gardner-denver-compressor-faults/index.html[22m [2m(+18ms)[22m 
[2m18:38:37[22m   [34mΓö£ΓöÇ[39m [2m/posts/furnace-flashing-red-light/index.html[22m [2m(+15ms)[22m 
[2m18:38:37[22m   [34mΓö£ΓöÇ[39m [2m/posts/garland-oven-error-codes/index.html[22m [2m(+15ms)[22m 
[2m18:38:37[22m   [34mΓö£ΓöÇ[39m [2m/posts/ge-circuit-breaker-fault-codes/index.html[22m [2m(+19ms)[22m 
[2m18:38:37[22m   [34mΓö£ΓöÇ[39m [2m/posts/ge-multilin-relay-fault/index.html[22m [2m(+18ms)[22m 
[2m18:38:37[22m   [34mΓö£ΓöÇ[39m [2m/posts/generac-generator-error-codes/index.html[22m [2m(+17ms)[22m 
[2m18:38:37[22m   [34mΓö£ΓöÇ[39m [2m/posts/getinge-sterilizer-error-codes/index.html[22m [2m(+22ms)[22m 
[2m18:38:37[22m   [34mΓö£ΓöÇ[39m [2m/posts/goodman-1-flash-error-code/index.html[22m [2m(+18ms)[22m 
[2m18:38:37[22m   [34mΓö£ΓöÇ[39m [2m/posts/gibson-furnace-e1-error-code/index.html[22m [2m(+24ms)[22m 
[2m18:38:37[22m   [34mΓö£ΓöÇ[39m [2m/posts/goodman-2-flash-error-code/index.html[22m [2m(+29ms)[22m 
[2m18:38:37[22m   [34mΓö£ΓöÇ[39m [2m/posts/goodman-3-flash-error-code/index.html[22m [2m(+20ms)[22m 
[2m18:38:37[22m   [34mΓö£ΓöÇ[39m [2m/posts/goodman-5-flash-error-code/index.html[22m [2m(+20ms)[22m 
[2m18:38:37[22m   [34mΓö£ΓöÇ[39m [2m/posts/goodman-4-flash-error-code/index.html[22m [2m(+30ms)[22m 
[2m18:38:37[22m   [34mΓö£ΓöÇ[39m [2m/posts/goodman-6-flash-error-code/index.html[22m [2m(+26ms)[22m 
[2m18:38:37[22m   [34mΓö£ΓöÇ[39m [2m/posts/goodman-7-flash-error-code/index.html[22m [2m(+27ms)[22m 
[2m18:38:37[22m   [34mΓö£ΓöÇ[39m [2m/posts/goodman-8-flash-error-code/index.html[22m [2m(+32ms)[22m 
[2m18:38:37[22m   [34mΓö£ΓöÇ[39m [2m/posts/goodman-9-flash-error-code/index.html[22m [2m(+18ms)[22m 
[2m18:38:37[22m   [34mΓö£ΓöÇ[39m [2m/posts/goodman-amana-furnace-3-flash/index.html[22m [2m(+19ms)[22m 
[2m18:38:37[22m   [34mΓö£ΓöÇ[39m [2m/posts/goodman-communicating-error-codes/index.html[22m [2m(+27ms)[22m 
[2m18:38:37[22m   [34mΓö£ΓöÇ[39m [2m/posts/goodman-furnace-5-flash-error-code/index.html[22m [2m(+19ms)[22m 
[2m18:38:37[22m   [34mΓö£ΓöÇ[39m [2m/posts/goodman-furnace-e2-error-code/index.html[22m [2m(+18ms)[22m 
[2m18:38:37[22m   [34mΓö£ΓöÇ[39m [2m/posts/goodman-furnace-e3-error-code/index.html[22m [2m(+19ms)[22m 
[2m18:38:37[22m   [34mΓö£ΓöÇ[39m [2m/posts/goodman-furnace-e1-error-code/index.html[22m [2m(+15ms)[22m 
[2m18:38:37[22m   [34mΓö£ΓöÇ[39m [2m/posts/goodman-furnace-ee2-error-code/index.html[22m [2m(+16ms)[22m 
[2m18:38:37[22m   [34mΓö£ΓöÇ[39m [2m/posts/goodman-furnace-ef-error-code/index.html[22m [2m(+20ms)[22m 
[2m18:38:37[22m   [34mΓö£ΓöÇ[39m [2m/posts/goodman-furnace-error-codes/index.html[22m [2m(+16ms)[22m 
[2m18:38:37[22m   [34mΓö£ΓöÇ[39m [2m/posts/goodman-gms80-error-codes/index.html[22m [2m(+15ms)[22m 
[2m18:38:37[22m   [34mΓö£ΓöÇ[39m [2m/posts/goodman-gms96-error-codes/index.html[22m [2m(+20ms)[22m 
[2m18:38:37[22m   [34mΓö£ΓöÇ[39m [2m/posts/goodman-gmss96-error-codes/index.html[22m [2m(+25ms)[22m 
[2m18:38:37[22m   [34mΓö£ΓöÇ[39m [2m/posts/goodman-gph-error-codes/index.html[22m [2m(+15ms)[22m 
[2m18:38:37[22m   [34mΓö£ΓöÇ[39m [2m/posts/goodman-gszc18-error-codes/index.html[22m [2m(+34ms)[22m 
[2m18:38:37[22m   [34mΓö£ΓöÇ[39m [2m/posts/goodman-heat-pump-error-code-e1/index.html[22m [2m(+18ms)[22m 
[2m18:38:37[22m   [34mΓö£ΓöÇ[39m [2m/posts/goodman-gsx13-error-codes/index.html[22m [2m(+17ms)[22m 
[2m18:38:37[22m   [34mΓö£ΓöÇ[39m [2m/posts/gree-mini-split-error-code-e1/index.html[22m [2m(+30ms)[22m 
[2m18:38:37[22m   [34mΓö£ΓöÇ[39m [2m/posts/gree-mini-split-error-code-e3/index.html[22m [2m(+26ms)[22m 
[2m18:38:37[22m   [34mΓö£ΓöÇ[39m [2m/posts/grundfos-pump-fault-codes/index.html[22m [2m(+23ms)[22m 
[2m18:38:37[22m   [34mΓö£ΓöÇ[39m [2m/posts/gree-mini-split-error-code-e6/index.html[22m [2m(+22ms)[22m 
[2m18:38:37[22m   [34mΓö£ΓöÇ[39m [2m/posts/haas-alarm-101-emergency-stop/index.html[22m [2m(+15ms)[22m 
[2m18:38:37[22m   [34mΓö£ΓöÇ[39m [2m/posts/haas-alarm-102/index.html[22m [2m(+21ms)[22m 
[2m18:38:37[22m   [34mΓö£ΓöÇ[39m [2m/posts/haas-alarm-103/index.html[22m [2m(+19ms)[22m 
[2m18:38:37[22m   [34mΓö£ΓöÇ[39m [2m/posts/haas-alarm-105/index.html[22m [2m(+15ms)[22m 
[2m18:38:37[22m   [34mΓö£ΓöÇ[39m [2m/posts/haas-alarm-104-feed-hold/index.html[22m [2m(+15ms)[22m 
[2m18:38:37[22m   [34mΓö£ΓöÇ[39m [2m/posts/haas-alarm-106/index.html[22m [2m(+20ms)[22m 
[2m18:38:38[22m   [34mΓö£ΓöÇ[39m [2m/posts/haas-alarm-107/index.html[22m [2m(+17ms)[22m 
[2m18:38:38[22m   [34mΓö£ΓöÇ[39m [2m/posts/haas-alarm-108/index.html[22m [2m(+17ms)[22m 
[2m18:38:38[22m   [34mΓö£ΓöÇ[39m [2m/posts/haas-alarm-110/index.html[22m [2m(+20ms)[22m 
[2m18:38:38[22m   [34mΓö£ΓöÇ[39m [2m/posts/haas-alarm-111/index.html[22m [2m(+16ms)[22m 
[2m18:38:38[22m   [34mΓö£ΓöÇ[39m [2m/posts/haas-alarm-112/index.html[22m [2m(+16ms)[22m 
[2m18:38:38[22m   [34mΓö£ΓöÇ[39m [2m/posts/haas-alarm-114/index.html[22m [2m(+30ms)[22m 
[2m18:38:38[22m   [34mΓö£ΓöÇ[39m [2m/posts/haas-alarm-113/index.html[22m [2m(+16ms)[22m 
[2m18:38:38[22m   [34mΓö£ΓöÇ[39m [2m/posts/haas-alarm-116/index.html[22m [2m(+16ms)[22m 
[2m18:38:38[22m   [34mΓö£ΓöÇ[39m [2m/posts/haas-alarm-115-spindle-overload/index.html[22m [2m(+20ms)[22m 
[2m18:38:38[22m   [34mΓö£ΓöÇ[39m [2m/posts/haas-alarm-117/index.html[22m [2m(+16ms)[22m 
[2m18:38:38[22m   [34mΓö£ΓöÇ[39m [2m/posts/haas-alarm-118/index.html[22m [2m(+16ms)[22m 
[2m18:38:38[22m   [34mΓö£ΓöÇ[39m [2m/posts/haas-alarm-119/index.html[22m [2m(+19ms)[22m 
[2m18:38:38[22m   [34mΓö£ΓöÇ[39m [2m/posts/haas-alarm-121/index.html[22m [2m(+20ms)[22m 
[2m18:38:38[22m   [34mΓö£ΓöÇ[39m [2m/posts/haas-alarm-120-atc-fault/index.html[22m [2m(+15ms)[22m 
[2m18:38:38[22m   [34mΓö£ΓöÇ[39m [2m/posts/haas-alarm-122/index.html[22m [2m(+18ms)[22m 
[2m18:38:38[22m   [34mΓö£ΓöÇ[39m [2m/posts/haas-alarm-123/index.html[22m [2m(+16ms)[22m 
[2m18:38:38[22m   [34mΓö£ΓöÇ[39m [2m/posts/haas-alarm-124/index.html[22m [2m(+15ms)[22m 
[2m18:38:38[22m   [34mΓö£ΓöÇ[39m [2m/posts/haas-alarm-126/index.html[22m [2m(+18ms)[22m 
[2m18:38:38[22m   [34mΓö£ΓöÇ[39m [2m/posts/haas-alarm-125-carousel-fault/index.html[22m [2m(+18ms)[22m 
[2m18:38:38[22m   [34mΓö£ΓöÇ[39m [2m/posts/haas-alarm-127/index.html[22m [2m(+17ms)[22m 
[2m18:38:38[22m   [34mΓö£ΓöÇ[39m [2m/posts/haas-alarm-128/index.html[22m [2m(+20ms)[22m 
[2m18:38:38[22m   [34mΓö£ΓöÇ[39m [2m/posts/haas-alarm-129/index.html[22m [2m(+16ms)[22m 
[2m18:38:38[22m   [34mΓö£ΓöÇ[39m [2m/posts/haas-alarm-130/index.html[22m [2m(+15ms)[22m 
[2m18:38:38[22m   [34mΓö£ΓöÇ[39m [2m/posts/haas-alarm-codes/index.html[22m [2m(+20ms)[22m 
[2m18:38:38[22m   [34mΓö£ΓöÇ[39m [2m/posts/haas-ec-400-alarm-codes/index.html[22m [2m(+17ms)[22m 
[2m18:38:38[22m   [34mΓö£ΓöÇ[39m [2m/posts/haas-alarm-134-spindle-drive/index.html[22m [2m(+16ms)[22m 
[2m18:38:38[22m   [34mΓö£ΓöÇ[39m [2m/posts/haas-next-generation-alarm-codes/index.html[22m [2m(+22ms)[22m 
[2m18:38:38[22m   [34mΓö£ΓöÇ[39m [2m/posts/haas-sl-20-lathe-alarms/index.html[22m [2m(+16ms)[22m 
[2m18:38:38[22m   [34mΓö£ΓöÇ[39m [2m/posts/haas-vf2-common-alarms/index.html[22m [2m(+15ms)[22m 
[2m18:38:38[22m   [34mΓö£ΓöÇ[39m [2m/posts/heat-pump-error-code-guide/index.html[22m [2m(+20ms)[22m 
[2m18:38:38[22m   [34mΓö£ΓöÇ[39m [2m/posts/haas-vf4-common-alarms/index.html[22m [2m(+18ms)[22m 
[2m18:38:38[22m   [34mΓö£ΓöÇ[39m [2m/posts/heatcraft-refrigeration-alarm-1-high-temperature/index.html[22m [2m(+16ms)[22m 
[2m18:38:38[22m   [34mΓö£ΓöÇ[39m [2m/posts/heatcraft-refrigeration-alarm-2/index.html[22m [2m(+19ms)[22m 
[2m18:38:38[22m   [34mΓö£ΓöÇ[39m [2m/posts/heatcraft-refrigeration-alarm-3/index.html[22m [2m(+15ms)[22m 
[2m18:38:38[22m   [34mΓö£ΓöÇ[39m [2m/posts/heatcraft-walk-in-error-codes/index.html[22m [2m(+15ms)[22m 
[2m18:38:38[22m   [34mΓö£ΓöÇ[39m [2m/posts/heatcraft-zer-series-alarm/index.html[22m [2m(+18ms)[22m 
[2m18:38:38[22m   [34mΓö£ΓöÇ[39m [2m/posts/heidenhain-error-399/index.html[22m [2m(+15ms)[22m 
[2m18:38:38[22m   [34mΓö£ΓöÇ[39m [2m/posts/heidenhain-error-code-399-servo/index.html[22m [2m(+15ms)[22m 
[2m18:38:38[22m   [34mΓö£ΓöÇ[39m [2m/posts/heidenhain-itnc-530-error-codes/index.html[22m [2m(+18ms)[22m 
[2m18:38:38[22m   [34mΓö£ΓöÇ[39m [2m/posts/heidenhain-tnc-640-error-codes/index.html[22m [2m(+15ms)[22m 
[2m18:38:38[22m   [34mΓö£ΓöÇ[39m [2m/posts/heil-furnace-e1-error-code/index.html[22m [2m(+16ms)[22m 
[2m18:38:38[22m   [34mΓö£ΓöÇ[39m [2m/posts/heil-furnace-e2-error-code/index.html[22m [2m(+28ms)[22m 
[2m18:38:38[22m   [34mΓö£ΓöÇ[39m [2m/posts/heil-furnace-e4-error-code/index.html[22m [2m(+15ms)[22m 
[2m18:38:38[22m   [34mΓö£ΓöÇ[39m [2m/posts/henny-penny-fryer-error-codes/index.html[22m [2m(+15ms)[22m 
[2m18:38:38[22m   [34mΓö£ΓöÇ[39m [2m/posts/hillphoenix-case-error-code-e1/index.html[22m [2m(+26ms)[22m 
[2m18:38:38[22m   [34mΓö£ΓöÇ[39m [2m/posts/hitachi-vfd-fault-codes/index.html[22m [2m(+15ms)[22m 
[2m18:38:38[22m   [34mΓö£ΓöÇ[39m [2m/posts/hobart-dishwasher-error-codes/index.html[22m [2m(+17ms)[22m 
[2m18:38:38[22m   [34mΓö£ΓöÇ[39m [2m/posts/honeywell-fire-alarm-fault-codes/index.html[22m [2m(+20ms)[22m 
[2m18:38:38[22m   [34mΓö£ΓöÇ[39m [2m/posts/honeywell-hm512-humidifier-error/index.html[22m [2m(+21ms)[22m 
[2m18:38:38[22m   [34mΓö£ΓöÇ[39m [2m/posts/honeywell-thermostat-e1-error-code-sensor-fault/index.html[22m [2m(+26ms)[22m 
[2m18:38:38[22m   [34mΓö£ΓöÇ[39m [2m/posts/honeywell-thermostat-e2-error/index.html[22m [2m(+20ms)[22m 
[2m18:38:38[22m   [34mΓö£ΓöÇ[39m [2m/posts/honeywell-truezone-error-codes/index.html[22m [2m(+15ms)[22m 
[2m18:38:38[22m   [34mΓö£ΓöÇ[39m [2m/posts/honeywell-vista-fault-code-fc/index.html[22m [2m(+15ms)[22m 
[2m18:38:38[22m   [34mΓö£ΓöÇ[39m [2m/posts/honeywell-webs-fault-codes/index.html[22m [2m(+27ms)[22m 
[2m18:38:38[22m   [34mΓö£ΓöÇ[39m [2m/posts/honeywell-youtube-thermostat-errors/index.html[22m [2m(+16ms)[22m 
[2m18:38:38[22m   [34mΓö£ΓöÇ[39m [2m/posts/hoshizaki-dkm-500-error-codes/index.html[22m [2m(+15ms)[22m 
[2m18:38:39[22m   [34mΓö£ΓöÇ[39m [2m/posts/hoshizaki-e1-error-code/index.html[22m [2m(+19ms)[22m 
[2m18:38:39[22m   [34mΓö£ΓöÇ[39m [2m/posts/hoshizaki-e2-error-code/index.html[22m [2m(+17ms)[22m 
[2m18:38:39[22m   [34mΓö£ΓöÇ[39m [2m/posts/hoshizaki-e3-error-code/index.html[22m [2m(+15ms)[22m 
[2m18:38:39[22m   [34mΓö£ΓöÇ[39m [2m/posts/hoshizaki-e4-error-code/index.html[22m [2m(+18ms)[22m 
[2m18:38:39[22m   [34mΓö£ΓöÇ[39m [2m/posts/hoshizaki-e5-error-code/index.html[22m [2m(+22ms)[22m 
[2m18:38:39[22m   [34mΓö£ΓöÇ[39m [2m/posts/hoshizaki-e6-error-code/index.html[22m [2m(+26ms)[22m 
[2m18:38:39[22m   [34mΓö£ΓöÇ[39m [2m/posts/hoshizaki-e7-error-code/index.html[22m [2m(+20ms)[22m 
[2m18:38:39[22m   [34mΓö£ΓöÇ[39m [2m/posts/hoshizaki-e8-error-code/index.html[22m [2m(+16ms)[22m 
[2m18:38:39[22m   [34mΓö£ΓöÇ[39m [2m/posts/hoshizaki-e9-error-code/index.html[22m [2m(+16ms)[22m 
[2m18:38:39[22m   [34mΓö£ΓöÇ[39m [2m/posts/hoshizaki-f01-error-code/index.html[22m [2m(+19ms)[22m 
[2m18:38:39[22m   [34mΓö£ΓöÇ[39m [2m/posts/hoshizaki-f1-error-code/index.html[22m [2m(+16ms)[22m 
[2m18:38:39[22m   [34mΓö£ΓöÇ[39m [2m/posts/hoshizaki-f2-error-code/index.html[22m [2m(+15ms)[22m 
[2m18:38:39[22m   [34mΓö£ΓöÇ[39m [2m/posts/hoshizaki-f450-error-codes/index.html[22m [2m(+21ms)[22m 
[2m18:38:39[22m   [34mΓö£ΓöÇ[39m [2m/posts/hoshizaki-km-1301-error-codes/index.html[22m [2m(+16ms)[22m 
[2m18:38:39[22m   [34mΓö£ΓöÇ[39m [2m/posts/hoshizaki-km-330-error-codes/index.html[22m [2m(+15ms)[22m 
[2m18:38:39[22m   [34mΓö£ΓöÇ[39m [2m/posts/hoshizaki-km-515-error-codes/index.html[22m [2m(+20ms)[22m 
[2m18:38:39[22m   [34mΓö£ΓöÇ[39m [2m/posts/hoshizaki-km-series-e1-error/index.html[22m [2m(+16ms)[22m 
[2m18:38:39[22m   [34mΓö£ΓöÇ[39m [2m/posts/hussmann-display-case-e2/index.html[22m [2m(+24ms)[22m 
[2m18:38:39[22m   [34mΓö£ΓöÇ[39m [2m/posts/hussmann-display-case-error-code-88-sensor-fault/index.html[22m [2m(+28ms)[22m 
[2m18:38:39[22m   [34mΓö£ΓöÇ[39m [2m/posts/hussmann-display-case-error-code-e1/index.html[22m [2m(+16ms)[22m 
[2m18:38:39[22m   [34mΓö£ΓöÇ[39m [2m/posts/hussmann-walk-in-error-codes/index.html[22m [2m(+17ms)[22m 
[2m18:38:39[22m   [34mΓö£ΓöÇ[39m [2m/posts/hvac-error-codes-guide/index.html[22m [2m(+21ms)[22m 
[2m18:38:39[22m   [34mΓö£ΓöÇ[39m [2m/posts/hydrotherm-boiler-error-code-e1/index.html[22m [2m(+16ms)[22m 
[2m18:38:39[22m   [34mΓö£ΓöÇ[39m [2m/posts/hydraulic-system-fault-codes/index.html[22m [2m(+15ms)[22m 
[2m18:38:39[22m   [34mΓö£ΓöÇ[39m [2m/posts/hypertherm-plasma-cutter-fault-0-30/index.html[22m [2m(+20ms)[22m 
[2m18:38:39[22m   [34mΓö£ΓöÇ[39m [2m/posts/hypertherm-plasma-cutter-fault-0-70/index.html[22m [2m(+24ms)[22m 
[2m18:38:39[22m   [34mΓö£ΓöÇ[39m [2m/posts/hyster-forklift-error-codes/index.html[22m [2m(+16ms)[22m 
[2m18:38:39[22m   [34mΓö£ΓöÇ[39m [2m/posts/hypertherm-powermax45-fault-codes/index.html[22m [2m(+24ms)[22m 
[2m18:38:39[22m   [34mΓö£ΓöÇ[39m [2m/posts/ice-machine-error-code-lookup/index.html[22m [2m(+25ms)[22m 
[2m18:38:39[22m   [34mΓö£ΓöÇ[39m [2m/posts/ice-o-matic-error-code-e1/index.html[22m [2m(+26ms)[22m 
[2m18:38:39[22m   [34mΓö£ΓöÇ[39m [2m/posts/ice-o-matic-error-code-e3/index.html[22m [2m(+19ms)[22m 
[2m18:38:39[22m   [34mΓö£ΓöÇ[39m [2m/posts/ice-o-matic-gem-0305-error-codes/index.html[22m [2m(+15ms)[22m 
[2m18:38:39[22m   [34mΓö£ΓöÇ[39m [2m/posts/ice-o-matic-gemu090-error-codes/index.html[22m [2m(+26ms)[22m 
[2m18:38:39[22m   [34mΓö£ΓöÇ[39m [2m/posts/icp-furnace-e4-error-code/index.html[22m [2m(+22ms)[22m 
[2m18:38:39[22m   [34mΓö£ΓöÇ[39m [2m/posts/industrial-control-panel-fault/index.html[22m [2m(+25ms)[22m 
[2m18:38:39[22m   [34mΓö£ΓöÇ[39m [2m/posts/industrial-error-code-database/index.html[22m [2m(+24ms)[22m 
[2m18:38:39[22m   [34mΓö£ΓöÇ[39m [2m/posts/ingersoll-rand-compressor-faults/index.html[22m [2m(+27ms)[22m 
[2m18:38:39[22m   [34mΓö£ΓöÇ[39m [2m/posts/ingersoll-rand-r-series-faults/index.html[22m [2m(+19ms)[22m 
[2m18:38:39[22m   [34mΓö£ΓöÇ[39m [2m/posts/jackson-dishwasher-error-codes/index.html[22m [2m(+22ms)[22m 
[2m18:38:39[22m   [34mΓö£ΓöÇ[39m [2m/posts/johnson-controls-metasys-fault/index.html[22m [2m(+21ms)[22m 
[2m18:38:39[22m   [34mΓö£ΓöÇ[39m [2m/posts/johnson-controls-penn-fault/index.html[22m [2m(+16ms)[22m 
[2m18:38:39[22m   [34mΓö£ΓöÇ[39m [2m/posts/johnson-controls-vfd-fault/index.html[22m [2m(+15ms)[22m 
[2m18:38:39[22m   [34mΓö£ΓöÇ[39m [2m/posts/kaeser-compressor-error-codes/index.html[22m [2m(+18ms)[22m 
[2m18:38:39[22m   [34mΓö£ΓöÇ[39m [2m/posts/kaeser-sigma-control-faults/index.html[22m [2m(+15ms)[22m 
[2m18:38:39[22m   [34mΓö£ΓöÇ[39m [2m/posts/keeprite-furnace-e1-error-code/index.html[22m [2m(+15ms)[22m 
[2m18:38:39[22m   [34mΓö£ΓöÇ[39m [2m/posts/klimaire-mini-split-e1-error-code/index.html[22m [2m(+19ms)[22m 
[2m18:38:39[22m   [34mΓö£ΓöÇ[39m [2m/posts/kb-electronics-fault-codes/index.html[22m [2m(+16ms)[22m 
[2m18:38:39[22m   [34mΓö£ΓöÇ[39m [2m/posts/kohler-generator-fault-codes/index.html[22m [2m(+24ms)[22m 
[2m18:38:39[22m   [34mΓö£ΓöÇ[39m [2m/posts/kone-elevator-fault-codes/index.html[22m [2m(+29ms)[22m 
[2m18:38:39[22m   [34mΓö£ΓöÇ[39m [2m/posts/larkin-refrigeration-error-codes/index.html[22m [2m(+17ms)[22m 
[2m18:38:39[22m   [34mΓö£ΓöÇ[39m [2m/posts/lennox-292-error-code/index.html[22m [2m(+17ms)[22m 
[2m18:38:40[22m   [34mΓö£ΓöÇ[39m [2m/posts/lennox-elite-series-furnace-codes/index.html[22m [2m(+23ms)[22m 
[2m18:38:40[22m   [34mΓö£ΓöÇ[39m [2m/posts/lennox-error-code-111/index.html[22m [2m(+27ms)[22m 
[2m18:38:40[22m   [34mΓö£ΓöÇ[39m [2m/posts/lennox-error-code-103/index.html[22m [2m(+16ms)[22m 
[2m18:38:40[22m   [34mΓö£ΓöÇ[39m [2m/posts/lennox-error-code-114/index.html[22m [2m(+20ms)[22m 
[2m18:38:40[22m   [34mΓö£ΓöÇ[39m [2m/posts/lennox-error-code-125/index.html[22m [2m(+17ms)[22m 
[2m18:38:40[22m   [34mΓö£ΓöÇ[39m [2m/posts/lennox-error-code-204/index.html[22m [2m(+16ms)[22m 
[2m18:38:40[22m   [34mΓö£ΓöÇ[39m [2m/posts/lennox-error-code-223/index.html[22m [2m(+19ms)[22m 
[2m18:38:40[22m   [34mΓö£ΓöÇ[39m [2m/posts/lennox-error-code-225/index.html[22m [2m(+15ms)[22m 
[2m18:38:40[22m   [34mΓö£ΓöÇ[39m [2m/posts/lennox-error-code-231/index.html[22m [2m(+16ms)[22m 
[2m18:38:40[22m   [34mΓö£ΓöÇ[39m [2m/posts/lennox-error-code-327/index.html[22m [2m(+19ms)[22m 
[2m18:38:40[22m   [34mΓö£ΓöÇ[39m [2m/posts/lennox-error-code-332/index.html[22m [2m(+18ms)[22m 
[2m18:38:40[22m   [34mΓö£ΓöÇ[39m [2m/posts/lennox-error-code-411/index.html[22m [2m(+16ms)[22m 
[2m18:38:40[22m   [34mΓö£ΓöÇ[39m [2m/posts/lennox-error-code-412-inducer/index.html[22m [2m(+18ms)[22m 
[2m18:38:40[22m   [34mΓö£ΓöÇ[39m [2m/posts/lennox-error-code-412/index.html[22m [2m(+16ms)[22m 
[2m18:38:40[22m   [34mΓö£ΓöÇ[39m [2m/posts/lennox-error-code-414-gas-valve-circuit-fault/index.html[22m [2m(+15ms)[22m 
[2m18:38:40[22m   [34mΓö£ΓöÇ[39m [2m/posts/lennox-error-code-414-rollout/index.html[22m [2m(+20ms)[22m 
[2m18:38:40[22m   [34mΓö£ΓöÇ[39m [2m/posts/lennox-error-code-432/index.html[22m [2m(+23ms)[22m 
[2m18:38:40[22m   [34mΓö£ΓöÇ[39m [2m/posts/lennox-error-code-434/index.html[22m [2m(+24ms)[22m 
[2m18:38:40[22m   [34mΓö£ΓöÇ[39m [2m/posts/lennox-error-code-441/index.html[22m [2m(+20ms)[22m 
[2m18:38:40[22m   [34mΓö£ΓöÇ[39m [2m/posts/lennox-error-code-540-communicating/index.html[22m [2m(+25ms)[22m 
[2m18:38:40[22m   [34mΓö£ΓöÇ[39m [2m/posts/lennox-error-code-540/index.html[22m [2m(+15ms)[22m 
[2m18:38:40[22m   [34mΓö£ΓöÇ[39m [2m/posts/lennox-g60uhv-error-codes/index.html[22m [2m(+20ms)[22m 
[2m18:38:40[22m   [34mΓö£ΓöÇ[39m [2m/posts/lennox-furnace-error-codes/index.html[22m [2m(+31ms)[22m 
[2m18:38:40[22m   [34mΓö£ΓöÇ[39m [2m/posts/lennox-harmony-iii-error-codes/index.html[22m [2m(+21ms)[22m 
[2m18:38:40[22m   [34mΓö£ΓöÇ[39m [2m/posts/lennox-iharmony-zoning-error/index.html[22m [2m(+21ms)[22m 
[2m18:38:40[22m   [34mΓö£ΓöÇ[39m [2m/posts/lennox-icomfort-error-codes/index.html[22m [2m(+17ms)[22m 
[2m18:38:40[22m   [34mΓö£ΓöÇ[39m [2m/posts/lennox-healthy-climate-error-codes/index.html[22m [2m(+20ms)[22m 
[2m18:38:40[22m   [34mΓö£ΓöÇ[39m [2m/posts/lennox-mini-split-error-code-e1/index.html[22m [2m(+19ms)[22m 
[2m18:38:40[22m   [34mΓö£ΓöÇ[39m [2m/posts/lennox-resolve-plus-error-codes/index.html[22m [2m(+24ms)[22m 
[2m18:38:40[22m   [34mΓö£ΓöÇ[39m [2m/posts/lennox-rooftop-unit-error-codes/index.html[22m [2m(+23ms)[22m 
[2m18:38:40[22m   [34mΓö£ΓöÇ[39m [2m/posts/lennox-slp98v-error-codes/index.html[22m [2m(+18ms)[22m 
[2m18:38:40[22m   [34mΓö£ΓöÇ[39m [2m/posts/lennox-xc21-error-codes/index.html[22m [2m(+15ms)[22m 
[2m18:38:40[22m   [34mΓö£ΓöÇ[39m [2m/posts/lennox-xc16-error-codes/index.html[22m [2m(+15ms)[22m 
[2m18:38:40[22m   [34mΓö£ΓöÇ[39m [2m/posts/lennox-xp21-error-codes/index.html[22m [2m(+19ms)[22m 
[2m18:38:40[22m   [34mΓö£ΓöÇ[39m [2m/posts/lenze-smd-fault-0x0001/index.html[22m [2m(+16ms)[22m 
[2m18:38:40[22m   [34mΓö£ΓöÇ[39m [2m/posts/lenze-i550-fault-lf/index.html[22m [2m(+16ms)[22m 
[2m18:38:40[22m   [34mΓö£ΓöÇ[39m [2m/posts/lenze-vfd-fault-ce/index.html[22m [2m(+20ms)[22m 
[2m18:38:40[22m   [34mΓö£ΓöÇ[39m [2m/posts/lenze-vfd-fault-lp/index.html[22m [2m(+16ms)[22m 
[2m18:38:40[22m   [34mΓö£ΓöÇ[39m [2m/posts/lg-mini-split-ch01-error-code/index.html[22m [2m(+19ms)[22m 
[2m18:38:40[22m   [34mΓö£ΓöÇ[39m [2m/posts/lg-mini-split-ch02-error-code/index.html[22m [2m(+20ms)[22m 
[2m18:38:40[22m   [34mΓö£ΓöÇ[39m [2m/posts/lg-mini-split-ch05-error-code/index.html[22m [2m(+16ms)[22m 
[2m18:38:40[22m   [34mΓö£ΓöÇ[39m [2m/posts/lg-mini-split-ch10-error-code/index.html[22m [2m(+16ms)[22m 
[2m18:38:40[22m   [34mΓö£ΓöÇ[39m [2m/posts/lg-mini-split-ch21-error-code/index.html[22m [2m(+20ms)[22m 
[2m18:38:40[22m   [34mΓö£ΓöÇ[39m [2m/posts/lg-mini-split-ch26-error-code/index.html[22m [2m(+16ms)[22m 
[2m18:38:40[22m   [34mΓö£ΓöÇ[39m [2m/posts/lg-mini-split-ch34-error-code/index.html[22m [2m(+19ms)[22m 
[2m18:38:40[22m   [34mΓö£ΓöÇ[39m [2m/posts/lg-mini-split-ch38-error-code/index.html[22m [2m(+20ms)[22m 
[2m18:38:40[22m   [34mΓö£ΓöÇ[39m [2m/posts/lg-mini-split-ch67-error-code/index.html[22m [2m(+16ms)[22m 
[2m18:38:40[22m   [34mΓö£ΓöÇ[39m [2m/posts/lg-multi-v-error-codes/index.html[22m [2m(+19ms)[22m 
[2m18:38:40[22m   [34mΓö£ΓöÇ[39m [2m/posts/lg-mini-split-error-codes/index.html[22m [2m(+25ms)[22m 
[2m18:38:40[22m   [34mΓö£ΓöÇ[39m [2m/posts/lincoln-electric-e10-error-code/index.html[22m [2m(+16ms)[22m 
[2m18:38:40[22m   [34mΓö£ΓöÇ[39m [2m/posts/lincoln-electric-e12-error-code/index.html[22m [2m(+16ms)[22m 
[2m18:38:40[22m   [34mΓö£ΓöÇ[39m [2m/posts/lincoln-electric-e13-error-code/index.html[22m [2m(+23ms)[22m 
[2m18:38:41[22m   [34mΓö£ΓöÇ[39m [2m/posts/lincoln-electric-e11-error-code/index.html[22m [2m(+16ms)[22m 
[2m18:38:41[22m   [34mΓö£ΓöÇ[39m [2m/posts/lincoln-electric-e14-error-code/index.html[22m [2m(+16ms)[22m 
[2m18:38:41[22m   [34mΓö£ΓöÇ[39m [2m/posts/lincoln-electric-power-mig-error-codes/index.html[22m [2m(+19ms)[22m 
[2m18:38:41[22m   [34mΓö£ΓöÇ[39m [2m/posts/lincoln-foodservice-oven-fault/index.html[22m [2m(+17ms)[22m 
[2m18:38:41[22m   [34mΓö£ΓöÇ[39m [2m/posts/lochinvar-boiler-error-code-e02-ignition-failure/index.html[22m [2m(+21ms)[22m 
[2m18:38:41[22m   [34mΓö£ΓöÇ[39m [2m/posts/lochinvar-boiler-error-code-e01/index.html[22m [2m(+20ms)[22m 
[2m18:38:41[22m   [34mΓö£ΓöÇ[39m [2m/posts/lochinvar-boiler-error-code-e03/index.html[22m [2m(+16ms)[22m 
[2m18:38:41[22m   [34mΓö£ΓöÇ[39m [2m/posts/lochinvar-boiler-error-code-e04/index.html[22m [2m(+25ms)[22m 
[2m18:38:41[22m   [34mΓö£ΓöÇ[39m [2m/posts/luxaire-furnace-e1-error-code/index.html[22m [2m(+25ms)[22m 
[2m18:38:41[22m   [34mΓö£ΓöÇ[39m [2m/posts/lochinvar-boiler-flame-fail/index.html[22m [2m(+22ms)[22m 
[2m18:38:41[22m   [34mΓö£ΓöÇ[39m [2m/posts/man-energy-compressor-faults/index.html[22m [2m(+26ms)[22m 
[2m18:38:41[22m   [34mΓö£ΓöÇ[39m [2m/posts/manitowoc-ice-machine-error-code-10/index.html[22m [2m(+29ms)[22m 
[2m18:38:41[22m   [34mΓö£ΓöÇ[39m [2m/posts/manitowoc-fryer-error-codes/index.html[22m [2m(+25ms)[22m 
[2m18:38:41[22m   [34mΓö£ΓöÇ[39m [2m/posts/manitowoc-ice-machine-complete-guide/index.html[22m [2m(+17ms)[22m 
[2m18:38:41[22m   [34mΓö£ΓöÇ[39m [2m/posts/manitowoc-ice-machine-error-code-2/index.html[22m [2m(+20ms)[22m 
[2m18:38:41[22m   [34mΓö£ΓöÇ[39m [2m/posts/manitowoc-ice-machine-error-code-3/index.html[22m [2m(+20ms)[22m 
[2m18:38:41[22m   [34mΓö£ΓöÇ[39m [2m/posts/manitowoc-ice-machine-error-code-4-water-curtain/index.html[22m [2m(+16ms)[22m 
[2m18:38:41[22m   [34mΓö£ΓöÇ[39m [2m/posts/manitowoc-ice-machine-error-code-5/index.html[22m [2m(+19ms)[22m 
[2m18:38:41[22m   [34mΓö£ΓöÇ[39m [2m/posts/manitowoc-ice-machine-error-code-7/index.html[22m [2m(+16ms)[22m 
[2m18:38:41[22m   [34mΓö£ΓöÇ[39m [2m/posts/manitowoc-ice-machine-error-code-6/index.html[22m [2m(+16ms)[22m 
[2m18:38:41[22m   [34mΓö£ΓöÇ[39m [2m/posts/manitowoc-ice-machine-error-code-8/index.html[22m [2m(+19ms)[22m 
[2m18:38:41[22m   [34mΓö£ΓöÇ[39m [2m/posts/manitowoc-ice-machine-error-code-9/index.html[22m [2m(+16ms)[22m 
[2m18:38:41[22m   [34mΓö£ΓöÇ[39m [2m/posts/manitowoc-ice-machine-error-code-e01/index.html[22m [2m(+16ms)[22m 
[2m18:38:41[22m   [34mΓö£ΓöÇ[39m [2m/posts/manitowoc-ice-machine-error-code-e04/index.html[22m [2m(+21ms)[22m 
[2m18:38:41[22m   [34mΓö£ΓöÇ[39m [2m/posts/manitowoc-id-0322-error-codes/index.html[22m [2m(+17ms)[22m 
[2m18:38:41[22m   [34mΓö£ΓöÇ[39m [2m/posts/manitowoc-id-0502-error-codes/index.html[22m [2m(+17ms)[22m 
[2m18:38:41[22m   [34mΓö£ΓöÇ[39m [2m/posts/manitowoc-indigo-error-codes/index.html[22m [2m(+29ms)[22m 
[2m18:38:41[22m   [34mΓö£ΓöÇ[39m [2m/posts/manitowoc-iy-0454-error-codes/index.html[22m [2m(+15ms)[22m 
[2m18:38:41[22m   [34mΓö£ΓöÇ[39m [2m/posts/manitowoc-neo-error-codes/index.html[22m [2m(+15ms)[22m 
[2m18:38:41[22m   [34mΓö£ΓöÇ[39m [2m/posts/manitowoc-iyt-0450-error-codes/index.html[22m [2m(+20ms)[22m 
[2m18:38:41[22m   [34mΓö£ΓöÇ[39m [2m/posts/master-bilt-refrigerator-error-code-1/index.html[22m [2m(+16ms)[22m 
[2m18:38:41[22m   [34mΓö£ΓöÇ[39m [2m/posts/mazak-alarm-1-servo/index.html[22m [2m(+16ms)[22m 
[2m18:38:41[22m   [34mΓö£ΓöÇ[39m [2m/posts/mazak-alarm-100-spindle/index.html[22m [2m(+20ms)[22m 
[2m18:38:41[22m   [34mΓö£ΓöÇ[39m [2m/posts/mazak-alarm-200-spindle/index.html[22m [2m(+15ms)[22m 
[2m18:38:41[22m   [34mΓö£ΓöÇ[39m [2m/posts/mazak-alarm-400-servo/index.html[22m [2m(+15ms)[22m 
[2m18:38:41[22m   [34mΓö£ΓöÇ[39m [2m/posts/mazak-alarm-50-servo/index.html[22m [2m(+20ms)[22m 
[2m18:38:41[22m   [34mΓö£ΓöÇ[39m [2m/posts/mazak-alarm-500-pc/index.html[22m [2m(+16ms)[22m 
[2m18:38:41[22m   [34mΓö£ΓöÇ[39m [2m/posts/mazak-alarm-600-atc/index.html[22m [2m(+15ms)[22m 
[2m18:38:41[22m   [34mΓö£ΓöÇ[39m [2m/posts/mazak-alarm-700-mpc/index.html[22m [2m(+19ms)[22m 
[2m18:38:41[22m   [34mΓö£ΓöÇ[39m [2m/posts/mazak-alarm-800-atc/index.html[22m [2m(+15ms)[22m 
[2m18:38:41[22m   [34mΓö£ΓöÇ[39m [2m/posts/mazak-alarm-900-magazine/index.html[22m [2m(+15ms)[22m 
[2m18:38:41[22m   [34mΓö£ΓöÇ[39m [2m/posts/mazak-alarm-codes/index.html[22m [2m(+18ms)[22m 
[2m18:38:41[22m   [34mΓö£ΓöÇ[39m [2m/posts/mazak-cnc-alarm-200-parameter/index.html[22m [2m(+17ms)[22m 
[2m18:38:41[22m   [34mΓö£ΓöÇ[39m [2m/posts/mazak-cnc-alarm-30-servo-alarm/index.html[22m [2m(+30ms)[22m 
[2m18:38:41[22m   [34mΓö£ΓöÇ[39m [2m/posts/mazak-integrex-error-codes/index.html[22m [2m(+26ms)[22m 
[2m18:38:41[22m   [34mΓö£ΓöÇ[39m [2m/posts/mazak-matrix-fault-codes/index.html[22m [2m(+17ms)[22m 
[2m18:38:41[22m   [34mΓö£ΓöÇ[39m [2m/posts/mazak-nexus-error-codes/index.html[22m [2m(+26ms)[22m 
[2m18:38:41[22m   [34mΓö£ΓöÇ[39m [2m/posts/meiko-dishwasher-fault-codes/index.html[22m [2m(+19ms)[22m 
[2m18:38:41[22m   [34mΓö£ΓöÇ[39m [2m/posts/metso-valve-fault-codes/index.html[22m [2m(+15ms)[22m 
[2m18:38:41[22m   [34mΓö£ΓöÇ[39m [2m/posts/midea-mini-split-error-code-e1/index.html[22m [2m(+18ms)[22m 
[2m18:38:41[22m   [34mΓö£ΓöÇ[39m [2m/posts/middleby-marshall-oven-fault/index.html[22m [2m(+20ms)[22m 
[2m18:38:41[22m   [34mΓö£ΓöÇ[39m [2m/posts/midea-mini-split-error-code-e3/index.html[22m [2m(+24ms)[22m 
[2m18:38:42[22m   [34mΓö£ΓöÇ[39m [2m/posts/midea-mini-split-error-code-f1/index.html[22m [2m(+17ms)[22m 
[2m18:38:42[22m   [34mΓö£ΓöÇ[39m [2m/posts/midea-u-inverter-error-codes/index.html[22m [2m(+19ms)[22m 
[2m18:38:42[22m   [34mΓö£ΓöÇ[39m [2m/posts/midmark-autoclave-fault-codes/index.html[22m [2m(+16ms)[22m 
[2m18:38:42[22m   [34mΓö£ΓöÇ[39m [2m/posts/miller-deltaweld-fault-codes/index.html[22m [2m(+20ms)[22m 
[2m18:38:42[22m   [34mΓö£ΓöÇ[39m [2m/posts/miller-dynasty-fault-code-e1/index.html[22m [2m(+20ms)[22m 
[2m18:38:42[22m   [34mΓö£ΓöÇ[39m [2m/posts/miller-welder-fault-code-a1/index.html[22m [2m(+16ms)[22m 
[2m18:38:42[22m   [34mΓö£ΓöÇ[39m [2m/posts/miller-welder-fault-code-b1/index.html[22m [2m(+17ms)[22m 
[2m18:38:42[22m   [34mΓö£ΓöÇ[39m [2m/posts/miller-welder-fault-code-h3/index.html[22m [2m(+19ms)[22m 
[2m18:38:42[22m   [34mΓö£ΓöÇ[39m [2m/posts/miller-welder-fault-code-h1/index.html[22m [2m(+17ms)[22m 
[2m18:38:42[22m   [34mΓö£ΓöÇ[39m [2m/posts/mini-split-blinking-lights/index.html[22m [2m(+16ms)[22m 
[2m18:38:42[22m   [34mΓö£ΓöÇ[39m [2m/posts/mini-split-error-code-lookup/index.html[22m [2m(+19ms)[22m 
[2m18:38:42[22m   [34mΓö£ΓöÇ[39m [2m/posts/mitsubishi-city-multi-error-codes/index.html[22m [2m(+15ms)[22m 
[2m18:38:42[22m   [34mΓö£ΓöÇ[39m [2m/posts/mitsubishi-city-multi-pex-error/index.html[22m [2m(+16ms)[22m 
[2m18:38:42[22m   [34mΓö£ΓöÇ[39m [2m/posts/mitsubishi-cnc-alarm-500/index.html[22m [2m(+20ms)[22m 
[2m18:38:42[22m   [34mΓö£ΓöÇ[39m [2m/posts/mitsubishi-cnc-alarm-y96/index.html[22m [2m(+17ms)[22m 
[2m18:38:42[22m   [34mΓö£ΓöÇ[39m [2m/posts/mitsubishi-e1-error-code/index.html[22m [2m(+25ms)[22m 
[2m18:38:42[22m   [34mΓö£ΓöÇ[39m [2m/posts/mitsubishi-e4-error-code/index.html[22m [2m(+21ms)[22m 
[2m18:38:42[22m   [34mΓö£ΓöÇ[39m [2m/posts/mitsubishi-e3-error-code/index.html[22m [2m(+19ms)[22m 
[2m18:38:42[22m   [34mΓö£ΓöÇ[39m [2m/posts/mitsubishi-e5-error-code/index.html[22m [2m(+16ms)[22m 
[2m18:38:42[22m   [34mΓö£ΓöÇ[39m [2m/posts/mitsubishi-e6-ac-error-code/index.html[22m [2m(+32ms)[22m 
[2m18:38:42[22m   [34mΓö£ΓöÇ[39m [2m/posts/mitsubishi-e6-error-code/index.html[22m [2m(+18ms)[22m 
[2m18:38:42[22m   [34mΓö£ΓöÇ[39m [2m/posts/mitsubishi-e7-error-code/index.html[22m [2m(+16ms)[22m 
[2m18:38:42[22m   [34mΓö£ΓöÇ[39m [2m/posts/mitsubishi-elevator-fault-codes/index.html[22m [2m(+20ms)[22m 
[2m18:38:42[22m   [34mΓö£ΓöÇ[39m [2m/posts/mitsubishi-fr-a800-fault-e7/index.html[22m [2m(+16ms)[22m 
[2m18:38:42[22m   [34mΓö£ΓöÇ[39m [2m/posts/mitsubishi-fr-d700-fault-codes/index.html[22m [2m(+15ms)[22m 
[2m18:38:42[22m   [34mΓö£ΓöÇ[39m [2m/posts/mitsubishi-fr-e800-fault-e6/index.html[22m [2m(+22ms)[22m 
[2m18:38:42[22m   [34mΓö£ΓöÇ[39m [2m/posts/mitsubishi-fr-series-fault-e6/index.html[22m [2m(+17ms)[22m 
[2m18:38:42[22m   [34mΓö£ΓöÇ[39m [2m/posts/mitsubishi-mini-split-error-codes/index.html[22m [2m(+15ms)[22m 
[2m18:38:42[22m   [34mΓö£ΓöÇ[39m [2m/posts/mitsubishi-mini-split-u4-error-code/index.html[22m [2m(+19ms)[22m 
[2m18:38:42[22m   [34mΓö£ΓöÇ[39m [2m/posts/mitsubishi-mini-split-e9-error-code/index.html[22m [2m(+15ms)[22m 
[2m18:38:42[22m   [34mΓö£ΓöÇ[39m [2m/posts/mitsubishi-mr-slim-error-codes/index.html[22m [2m(+15ms)[22m 
[2m18:38:42[22m   [34mΓö£ΓöÇ[39m [2m/posts/mitsubishi-p1-error-code/index.html[22m [2m(+18ms)[22m 
[2m18:38:42[22m   [34mΓö£ΓöÇ[39m [2m/posts/mitsubishi-p4-error-code/index.html[22m [2m(+16ms)[22m 
[2m18:38:42[22m   [34mΓö£ΓöÇ[39m [2m/posts/mitsubishi-p5-error-code/index.html[22m [2m(+16ms)[22m 
[2m18:38:42[22m   [34mΓö£ΓöÇ[39m [2m/posts/mitsubishi-p6-error-code/index.html[22m [2m(+22ms)[22m 
[2m18:38:42[22m   [34mΓö£ΓöÇ[39m [2m/posts/mitsubishi-p8-error-code/index.html[22m [2m(+24ms)[22m 
[2m18:38:42[22m   [34mΓö£ΓöÇ[39m [2m/posts/mitsubishi-puy-error-codes/index.html[22m [2m(+24ms)[22m 
[2m18:38:42[22m   [34mΓö£ΓöÇ[39m [2m/posts/mitsubishi-u1-error-code/index.html[22m [2m(+20ms)[22m 
[2m18:38:42[22m   [34mΓö£ΓöÇ[39m [2m/posts/mitsubishi-u2-error-code/index.html[22m [2m(+18ms)[22m 
[2m18:38:42[22m   [34mΓö£ΓöÇ[39m [2m/posts/mitsubishi-u3-error-code/index.html[22m [2m(+16ms)[22m 
[2m18:38:42[22m   [34mΓö£ΓöÇ[39m [2m/posts/mitsubishi-u6-error-code/index.html[22m [2m(+19ms)[22m 
[2m18:38:42[22m   [34mΓö£ΓöÇ[39m [2m/posts/mitsubishi-u7-error-code/index.html[22m [2m(+16ms)[22m 
[2m18:38:42[22m   [34mΓö£ΓöÇ[39m [2m/posts/mrcool-diy-error-codes/index.html[22m [2m(+21ms)[22m 
[2m18:38:42[22m   [34mΓö£ΓöÇ[39m [2m/posts/navien-error-code-e001/index.html[22m [2m(+19ms)[22m 
[2m18:38:42[22m   [34mΓö£ΓöÇ[39m [2m/posts/navien-error-code-e002/index.html[22m [2m(+25ms)[22m 
[2m18:38:42[22m   [34mΓö£ΓöÇ[39m [2m/posts/navien-error-code-e003-ignition-failure/index.html[22m [2m(+16ms)[22m 
[2m18:38:42[22m   [34mΓö£ΓöÇ[39m [2m/posts/navien-error-code-e007/index.html[22m [2m(+18ms)[22m 
[2m18:38:42[22m   [34mΓö£ΓöÇ[39m [2m/posts/navien-error-code-e004/index.html[22m [2m(+15ms)[22m 
[2m18:38:42[22m   [34mΓö£ΓöÇ[39m [2m/posts/navien-error-code-e006/index.html[22m [2m(+15ms)[22m 
[2m18:38:42[22m   [34mΓö£ΓöÇ[39m [2m/posts/navien-error-code-e010/index.html[22m [2m(+19ms)[22m 
[2m18:38:42[22m   [34mΓö£ΓöÇ[39m [2m/posts/navien-error-code-e009/index.html[22m [2m(+17ms)[22m 
[2m18:38:42[22m   [34mΓö£ΓöÇ[39m [2m/posts/navien-error-code-e013/index.html[22m [2m(+16ms)[22m 
[2m18:38:42[22m   [34mΓö£ΓöÇ[39m [2m/posts/navien-error-code-e012/index.html[22m [2m(+21ms)[22m 
[2m18:38:42[22m   [34mΓö£ΓöÇ[39m [2m/posts/navien-error-code-e016/index.html[22m [2m(+16ms)[22m 
[2m18:38:43[22m   [34mΓö£ΓöÇ[39m [2m/posts/navien-error-code-e024/index.html[22m [2m(+17ms)[22m 
[2m18:38:43[22m   [34mΓö£ΓöÇ[39m [2m/posts/navien-error-code-e030/index.html[22m [2m(+21ms)[22m 
[2m18:38:43[22m   [34mΓö£ΓöÇ[39m [2m/posts/navien-error-code-e302/index.html[22m [2m(+26ms)[22m 
[2m18:38:43[22m   [34mΓö£ΓöÇ[39m [2m/posts/navien-error-codes/index.html[22m [2m(+26ms)[22m 
[2m18:38:43[22m   [34mΓö£ΓöÇ[39m [2m/posts/navien-ncb-error-codes/index.html[22m [2m(+30ms)[22m 
[2m18:38:43[22m   [34mΓö£ΓöÇ[39m [2m/posts/navien-nfc-error-codes/index.html[22m [2m(+25ms)[22m 
[2m18:38:43[22m   [34mΓö£ΓöÇ[39m [2m/posts/navien-npe-error-codes/index.html[22m [2m(+16ms)[22m 
[2m18:38:43[22m   [34mΓö£ΓöÇ[39m [2m/posts/nest-thermostat-e1-error/index.html[22m [2m(+20ms)[22m 
[2m18:38:43[22m   [34mΓö£ΓöÇ[39m [2m/posts/nest-thermostat-e74-error/index.html[22m [2m(+28ms)[22m 
[2m18:38:43[22m   [34mΓö£ΓöÇ[39m [2m/posts/nidec-vfd-fault-codes/index.html[22m [2m(+16ms)[22m 
[2m18:38:43[22m   [34mΓö£ΓöÇ[39m [2m/posts/nordyne-furnace-e1-error-code/index.html[22m [2m(+19ms)[22m 
[2m18:38:43[22m   [34mΓö£ΓöÇ[39m [2m/posts/nordyne-furnace-e4-error-code/index.html[22m [2m(+16ms)[22m 
[2m18:38:43[22m   [34mΓö£ΓöÇ[39m [2m/posts/noritz-error-code-10/index.html[22m [2m(+16ms)[22m 
[2m18:38:43[22m   [34mΓö£ΓöÇ[39m [2m/posts/noritz-error-code-12/index.html[22m [2m(+19ms)[22m 
[2m18:38:43[22m   [34mΓö£ΓöÇ[39m [2m/posts/noritz-error-code-11/index.html[22m [2m(+15ms)[22m 
[2m18:38:43[22m   [34mΓö£ΓöÇ[39m [2m/posts/noritz-error-code-16/index.html[22m [2m(+20ms)[22m 
[2m18:38:43[22m   [34mΓö£ΓöÇ[39m [2m/posts/noritz-error-code-20/index.html[22m [2m(+26ms)[22m 
[2m18:38:43[22m   [34mΓö£ΓöÇ[39m [2m/posts/noritz-error-code-29/index.html[22m [2m(+27ms)[22m 
[2m18:38:43[22m   [34mΓö£ΓöÇ[39m [2m/posts/noritz-error-code-90/index.html[22m [2m(+17ms)[22m 
[2m18:38:43[22m   [34mΓö£ΓöÇ[39m [2m/posts/noritz-error-codes/index.html[22m [2m(+20ms)[22m 
[2m18:38:43[22m   [34mΓö£ΓöÇ[39m [2m/posts/noritz-nr111-error-codes/index.html[22m [2m(+26ms)[22m 
[2m18:38:43[22m   [34mΓö£ΓöÇ[39m [2m/posts/noritz-nrcp-error-codes/index.html[22m [2m(+15ms)[22m 
[2m18:38:43[22m   [34mΓö£ΓöÇ[39m [2m/posts/notifier-fire-alarm-fault-codes/index.html[22m [2m(+20ms)[22m 
[2m18:38:43[22m   [34mΓö£ΓöÇ[39m [2m/posts/norlake-refrigerator-error-code-e1/index.html[22m [2m(+16ms)[22m 
[2m18:38:43[22m   [34mΓö£ΓöÇ[39m [2m/posts/num-cnc-alarm-e27/index.html[22m [2m(+16ms)[22m 
[2m18:38:43[22m   [34mΓö£ΓöÇ[39m [2m/posts/num-cnc-alarm-e28/index.html[22m [2m(+31ms)[22m 
[2m18:38:43[22m   [34mΓö£ΓöÇ[39m [2m/posts/okuma-cnc-alarm-1013-servo-axis-fault/index.html[22m [2m(+15ms)[22m 
[2m18:38:43[22m   [34mΓö£ΓöÇ[39m [2m/posts/okuma-cnc-alarm-1050/index.html[22m [2m(+15ms)[22m 
[2m18:38:43[22m   [34mΓö£ΓöÇ[39m [2m/posts/okuma-cnc-alarm-1201/index.html[22m [2m(+20ms)[22m 
[2m18:38:43[22m   [34mΓö£ΓöÇ[39m [2m/posts/okuma-cnc-alarm-1400/index.html[22m [2m(+15ms)[22m 
[2m18:38:43[22m   [34mΓö£ΓöÇ[39m [2m/posts/okuma-cnc-alarm-1600/index.html[22m [2m(+15ms)[22m 
[2m18:38:43[22m   [34mΓö£ΓöÇ[39m [2m/posts/okuma-cnc-alarm-1800/index.html[22m [2m(+18ms)[22m 
[2m18:38:43[22m   [34mΓö£ΓöÇ[39m [2m/posts/okuma-cnc-alarm-2030/index.html[22m [2m(+16ms)[22m 
[2m18:38:43[22m   [34mΓö£ΓöÇ[39m [2m/posts/okuma-cnc-alarm-3000/index.html[22m [2m(+15ms)[22m 
[2m18:38:43[22m   [34mΓö£ΓöÇ[39m [2m/posts/okuma-cnc-alarm-2000/index.html[22m [2m(+21ms)[22m 
[2m18:38:43[22m   [34mΓö£ΓöÇ[39m [2m/posts/okuma-cnc-alarm-4000/index.html[22m [2m(+16ms)[22m 
[2m18:38:43[22m   [34mΓö£ΓöÇ[39m [2m/posts/okuma-lathe-common-alarms/index.html[22m [2m(+16ms)[22m 
[2m18:38:43[22m   [34mΓö£ΓöÇ[39m [2m/posts/okuma-lb-series-alarm-1013/index.html[22m [2m(+19ms)[22m 
[2m18:38:43[22m   [34mΓö£ΓöÇ[39m [2m/posts/okuma-mc-v4020-error-codes/index.html[22m [2m(+15ms)[22m 
[2m18:38:43[22m   [34mΓö£ΓöÇ[39m [2m/posts/omega-cn7500-controller-error/index.html[22m [2m(+15ms)[22m 
[2m18:38:43[22m   [34mΓö£ΓöÇ[39m [2m/posts/omron-cp1h-error-codes/index.html[22m [2m(+19ms)[22m 
[2m18:38:43[22m   [34mΓö£ΓöÇ[39m [2m/posts/omega-temperature-controller-error/index.html[22m [2m(+15ms)[22m 
[2m18:38:43[22m   [34mΓö£ΓöÇ[39m [2m/posts/omron-vfd-fault-e04/index.html[22m [2m(+16ms)[22m 
[2m18:38:43[22m   [34mΓö£ΓöÇ[39m [2m/posts/omron-vfd-fault-e07/index.html[22m [2m(+20ms)[22m 
[2m18:38:43[22m   [34mΓö£ΓöÇ[39m [2m/posts/oriental-motor-fault-codes/index.html[22m [2m(+26ms)[22m 
[2m18:38:43[22m   [34mΓö£ΓöÇ[39m [2m/posts/otis-elevator-fault-codes/index.html[22m [2m(+15ms)[22m 
[2m18:38:43[22m   [34mΓö£ΓöÇ[39m [2m/posts/panasonic-mini-split-h97-error-code/index.html[22m [2m(+18ms)[22m 
[2m18:38:43[22m   [34mΓö£ΓöÇ[39m [2m/posts/parker-ac30-vfd-fault-codes/index.html[22m [2m(+16ms)[22m 
[2m18:38:43[22m   [34mΓö£ΓöÇ[39m [2m/posts/payne-furnace-13-error-code/index.html[22m [2m(+23ms)[22m 
[2m18:38:43[22m   [34mΓö£ΓöÇ[39m [2m/posts/payne-furnace-31-error-code/index.html[22m [2m(+23ms)[22m 
[2m18:38:43[22m   [34mΓö£ΓöÇ[39m [2m/posts/payne-furnace-33-error-code/index.html[22m [2m(+16ms)[22m 
[2m18:38:43[22m   [34mΓö£ΓöÇ[39m [2m/posts/parker-hydraulics-fault-codes/index.html[22m [2m(+15ms)[22m 
[2m18:38:44[22m   [34mΓö£ΓöÇ[39m [2m/posts/peerless-boiler-error-code-1/index.html[22m [2m(+24ms)[22m 
[2m18:38:44[22m   [34mΓö£ΓöÇ[39m [2m/posts/penn-commercial-controls-fault/index.html[22m [2m(+16ms)[22m 
[2m18:38:44[22m   [34mΓö£ΓöÇ[39m [2m/posts/pioneer-mini-split-error-code-e6/index.html[22m [2m(+16ms)[22m 
[2m18:38:44[22m   [34mΓö£ΓöÇ[39m [2m/posts/pioneer-mini-split-error-code-e1/index.html[22m [2m(+20ms)[22m 
[2m18:38:44[22m   [34mΓö£ΓöÇ[39m [2m/posts/peerless-pinnacle-error-codes/index.html[22m [2m(+18ms)[22m 
[2m18:38:44[22m   [34mΓö£ΓöÇ[39m [2m/posts/pioneer-mini-split-error-code-f1/index.html[22m [2m(+16ms)[22m 
[2m18:38:44[22m   [34mΓö£ΓöÇ[39m [2m/posts/pioneer-mini-split-error-code-p0/index.html[22m [2m(+20ms)[22m 
[2m18:38:44[22m   [34mΓö£ΓöÇ[39m [2m/posts/pioneer-wys-error-codes/index.html[22m [2m(+16ms)[22m 
[2m18:38:44[22m   [34mΓö£ΓöÇ[39m [2m/posts/pitco-fryer-error-codes/index.html[22m [2m(+15ms)[22m 
[2m18:38:44[22m   [34mΓö£ΓöÇ[39m [2m/posts/plc-fault-codes-guide/index.html[22m [2m(+20ms)[22m 
[2m18:38:44[22m   [34mΓö£ΓöÇ[39m [2m/posts/quincy-compressor-fault-codes/index.html[22m [2m(+15ms)[22m 
[2m18:38:44[22m   [34mΓö£ΓöÇ[39m [2m/posts/quincy-qgs-fault-codes/index.html[22m [2m(+16ms)[22m 
[2m18:38:44[22m   [34mΓö£ΓöÇ[39m [2m/posts/raymond-forklift-fault-codes/index.html[22m [2m(+19ms)[22m 
[2m18:38:44[22m   [34mΓö£ΓöÇ[39m [2m/posts/refrigeration-alarm-guide/index.html[22m [2m(+21ms)[22m 
[2m18:38:44[22m   [34mΓö£ΓöÇ[39m [2m/posts/refrigeration-system-error-codes/index.html[22m [2m(+23ms)[22m 
[2m18:38:44[22m   [34mΓö£ΓöÇ[39m [2m/posts/reme-halo-fault-codes/index.html[22m [2m(+19ms)[22m 
[2m18:38:44[22m   [34mΓö£ΓöÇ[39m [2m/posts/rheem-classic-furnace-error-codes/index.html[22m [2m(+16ms)[22m 
[2m18:38:44[22m   [34mΓö£ΓöÇ[39m [2m/posts/rheem-error-code-e1/index.html[22m [2m(+21ms)[22m 
[2m18:38:44[22m   [34mΓö£ΓöÇ[39m [2m/posts/rheem-furnace-2-flashes/index.html[22m [2m(+24ms)[22m 
[2m18:38:44[22m   [34mΓö£ΓöÇ[39m [2m/posts/rheem-furnace-3-flashes/index.html[22m [2m(+22ms)[22m 
[2m18:38:44[22m   [34mΓö£ΓöÇ[39m [2m/posts/rheem-furnace-4-flashes/index.html[22m [2m(+24ms)[22m 
[2m18:38:44[22m   [34mΓö£ΓöÇ[39m [2m/posts/rheem-furnace-6-flashes/index.html[22m [2m(+20ms)[22m 
[2m18:38:44[22m   [34mΓö£ΓöÇ[39m [2m/posts/rheem-furnace-7-flashes/index.html[22m [2m(+25ms)[22m 
[2m18:38:44[22m   [34mΓö£ΓöÇ[39m [2m/posts/rheem-furnace-5-flashes-flame-sensor/index.html[22m [2m(+26ms)[22m 
[2m18:38:44[22m   [34mΓö£ΓöÇ[39m [2m/posts/rheem-furnace-8-flashes/index.html[22m [2m(+23ms)[22m 
[2m18:38:44[22m   [34mΓö£ΓöÇ[39m [2m/posts/rheem-furnace-9-flashes/index.html[22m [2m(+16ms)[22m 
[2m18:38:44[22m   [34mΓö£ΓöÇ[39m [2m/posts/rheem-furnace-error-code-57/index.html[22m [2m(+25ms)[22m 
[2m18:38:44[22m   [34mΓö£ΓöÇ[39m [2m/posts/rheem-furnace-error-code-7-flashes/index.html[22m [2m(+28ms)[22m 
[2m18:38:44[22m   [34mΓö£ΓöÇ[39m [2m/posts/rheem-furnace-error-codes/index.html[22m [2m(+21ms)[22m 
[2m18:38:44[22m   [34mΓö£ΓöÇ[39m [2m/posts/rheem-ra13-error-codes/index.html[22m [2m(+21ms)[22m 
[2m18:38:44[22m   [34mΓö£ΓöÇ[39m [2m/posts/rheem-rgps-error-codes/index.html[22m [2m(+19ms)[22m 
[2m18:38:44[22m   [34mΓö£ΓöÇ[39m [2m/posts/rinnai-cbu-error-codes/index.html[22m [2m(+15ms)[22m 
[2m18:38:44[22m   [34mΓö£ΓöÇ[39m [2m/posts/rheem-water-heater-error-codes/index.html[22m [2m(+17ms)[22m 
[2m18:38:44[22m   [34mΓö£ΓöÇ[39m [2m/posts/rheem-rph-error-codes/index.html[22m [2m(+115ms)[22m 
[2m18:38:44[22m   [34mΓö£ΓöÇ[39m [2m/posts/rinnai-error-code-11-ignition/index.html[22m [2m(+41ms)[22m 
[2m18:38:44[22m   [34mΓö£ΓöÇ[39m [2m/posts/rinnai-error-code-11/index.html[22m [2m(+17ms)[22m 
[2m18:38:44[22m   [34mΓö£ΓöÇ[39m [2m/posts/rinnai-error-code-12/index.html[22m [2m(+20ms)[22m 
[2m18:38:44[22m   [34mΓö£ΓöÇ[39m [2m/posts/rinnai-error-code-14/index.html[22m [2m(+16ms)[22m 
[2m18:38:44[22m   [34mΓö£ΓöÇ[39m [2m/posts/rinnai-error-code-16/index.html[22m [2m(+19ms)[22m 
[2m18:38:44[22m   [34mΓö£ΓöÇ[39m [2m/posts/rinnai-error-code-25/index.html[22m [2m(+28ms)[22m 
[2m18:38:44[22m   [34mΓö£ΓöÇ[39m [2m/posts/rinnai-error-code-31/index.html[22m [2m(+16ms)[22m 
[2m18:38:44[22m   [34mΓö£ΓöÇ[39m [2m/posts/rinnai-error-code-33/index.html[22m [2m(+16ms)[22m 
[2m18:38:44[22m   [34mΓö£ΓöÇ[39m [2m/posts/rinnai-error-code-32/index.html[22m [2m(+19ms)[22m 
[2m18:38:44[22m   [34mΓö£ΓöÇ[39m [2m/posts/rinnai-error-code-61/index.html[22m [2m(+16ms)[22m 
[2m18:38:44[22m   [34mΓö£ΓöÇ[39m [2m/posts/rinnai-error-code-52/index.html[22m [2m(+20ms)[22m 
[2m18:38:45[22m   [34mΓö£ΓöÇ[39m [2m/posts/rinnai-error-code-65/index.html[22m [2m(+31ms)[22m 
[2m18:38:45[22m   [34mΓö£ΓöÇ[39m [2m/posts/rinnai-error-codes/index.html[22m [2m(+16ms)[22m 
[2m18:38:45[22m   [34mΓö£ΓöÇ[39m [2m/posts/rinnai-i120cn-error-codes/index.html[22m [2m(+17ms)[22m 
[2m18:38:45[22m   [34mΓö£ΓöÇ[39m [2m/posts/rinnai-rur-error-codes/index.html[22m [2m(+30ms)[22m 
[2m18:38:45[22m   [34mΓö£ΓöÇ[39m [2m/posts/ruud-furnace-4-flashes/index.html[22m [2m(+26ms)[22m 
[2m18:38:45[22m   [34mΓö£ΓöÇ[39m [2m/posts/ruud-furnace-7-flashes/index.html[22m [2m(+21ms)[22m 
[2m18:38:45[22m   [34mΓö£ΓöÇ[39m [2m/posts/samsung-dvm-s-error-codes/index.html[22m [2m(+22ms)[22m 
[2m18:38:45[22m   [34mΓö£ΓöÇ[39m [2m/posts/samsung-mini-split-e3-01-error-code/index.html[22m [2m(+23ms)[22m 
[2m18:38:45[22m   [34mΓö£ΓöÇ[39m [2m/posts/samsung-mini-split-e4-01-error-code/index.html[22m [2m(+25ms)[22m 
[2m18:38:45[22m   [34mΓö£ΓöÇ[39m [2m/posts/samsung-mini-split-e1-01-error-code/index.html[22m [2m(+19ms)[22m 
[2m18:38:45[22m   [34mΓö£ΓöÇ[39m [2m/posts/samsung-mini-split-e5-01-error-code/index.html[22m [2m(+15ms)[22m 
[2m18:38:45[22m   [34mΓö£ΓöÇ[39m [2m/posts/samsung-mini-split-error-codes/index.html[22m [2m(+17ms)[22m 
[2m18:38:45[22m   [34mΓö£ΓöÇ[39m [2m/posts/schindler-elevator-fault-codes/index.html[22m [2m(+19ms)[22m 
[2m18:38:45[22m   [34mΓö£ΓöÇ[39m [2m/posts/schneider-altivar-212-fault-ocf/index.html[22m [2m(+16ms)[22m 
[2m18:38:45[22m   [34mΓö£ΓöÇ[39m [2m/posts/schneider-altivar-61-fault-obf/index.html[22m [2m(+23ms)[22m 
[2m18:38:45[22m   [34mΓö£ΓöÇ[39m [2m/posts/schneider-altivar-fault-cff/index.html[22m [2m(+27ms)[22m 
[2m18:38:45[22m   [34mΓö£ΓöÇ[39m [2m/posts/schneider-altivar-fault-obf/index.html[22m [2m(+25ms)[22m 
[2m18:38:45[22m   [34mΓö£ΓöÇ[39m [2m/posts/schneider-altivar-fault-inf/index.html[22m [2m(+16ms)[22m 
[2m18:38:45[22m   [34mΓö£ΓöÇ[39m [2m/posts/schneider-altivar-fault-ocf/index.html[22m [2m(+20ms)[22m 
[2m18:38:45[22m   [34mΓö£ΓöÇ[39m [2m/posts/schneider-altivar-fault-ulf/index.html[22m [2m(+16ms)[22m 
[2m18:38:45[22m   [34mΓö£ΓöÇ[39m [2m/posts/schneider-atv320-fault-codes/index.html[22m [2m(+16ms)[22m 
[2m18:38:45[22m   [34mΓö£ΓöÇ[39m [2m/posts/schneider-atv630-fault-codes/index.html[22m [2m(+20ms)[22m 
[2m18:38:45[22m   [34mΓö£ΓöÇ[39m [2m/posts/schneider-m340-error-codes/index.html[22m [2m(+15ms)[22m 
[2m18:38:45[22m   [34mΓö£ΓöÇ[39m [2m/posts/schweitzer-sel-relay-fault/index.html[22m [2m(+15ms)[22m 
[2m18:38:45[22m   [34mΓö£ΓöÇ[39m [2m/posts/schneider-powerpact-fault/index.html[22m [2m(+19ms)[22m 
[2m18:38:45[22m   [34mΓö£ΓöÇ[39m [2m/posts/scotsman-hid312-error-codes/index.html[22m [2m(+15ms)[22m 
[2m18:38:45[22m   [34mΓö£ΓöÇ[39m [2m/posts/scotsman-c0522-error-codes/index.html[22m [2m(+15ms)[22m 
[2m18:38:45[22m   [34mΓö£ΓöÇ[39m [2m/posts/scotsman-hid525-error-codes/index.html[22m [2m(+19ms)[22m 
[2m18:38:45[22m   [34mΓö£ΓöÇ[39m [2m/posts/scotsman-ice-machine-complete-guide/index.html[22m [2m(+22ms)[22m 
[2m18:38:45[22m   [34mΓö£ΓöÇ[39m [2m/posts/scotsman-ice-machine-error-code-1/index.html[22m [2m(+15ms)[22m 
[2m18:38:45[22m   [34mΓö£ΓöÇ[39m [2m/posts/scotsman-ice-machine-error-code-2/index.html[22m [2m(+19ms)[22m 
[2m18:38:45[22m   [34mΓö£ΓöÇ[39m [2m/posts/scotsman-ice-machine-error-code-3/index.html[22m [2m(+16ms)[22m 
[2m18:38:45[22m   [34mΓö£ΓöÇ[39m [2m/posts/scotsman-ice-machine-error-code-4/index.html[22m [2m(+21ms)[22m 
[2m18:38:45[22m   [34mΓö£ΓöÇ[39m [2m/posts/scotsman-ice-machine-error-code-5/index.html[22m [2m(+29ms)[22m 
[2m18:38:45[22m   [34mΓö£ΓöÇ[39m [2m/posts/scotsman-ice-machine-error-code-6/index.html[22m [2m(+16ms)[22m 
[2m18:38:45[22m   [34mΓö£ΓöÇ[39m [2m/posts/scotsman-ice-machine-error-code-7/index.html[22m [2m(+25ms)[22m 
[2m18:38:45[22m   [34mΓö£ΓöÇ[39m [2m/posts/scotsman-ice-machine-error-code-8/index.html[22m [2m(+20ms)[22m 
[2m18:38:45[22m   [34mΓö£ΓöÇ[39m [2m/posts/scotsman-prodigy-error-codes/index.html[22m [2m(+26ms)[22m 
[2m18:38:45[22m   [34mΓö£ΓöÇ[39m [2m/posts/sensi-thermostat-error-codes/index.html[22m [2m(+26ms)[22m 
[2m18:38:45[22m   [34mΓö£ΓöÇ[39m [2m/posts/senville-mini-split-error-code-e1/index.html[22m [2m(+20ms)[22m 
[2m18:38:45[22m   [34mΓö£ΓöÇ[39m [2m/posts/senville-mini-split-error-code-e5/index.html[22m [2m(+19ms)[22m 
[2m18:38:45[22m   [34mΓö£ΓöÇ[39m [2m/posts/senville-sena-error-codes/index.html[22m [2m(+25ms)[22m 
[2m18:38:45[22m   [34mΓö£ΓöÇ[39m [2m/posts/servo-motor-fault-codes/index.html[22m [2m(+29ms)[22m 
[2m18:38:45[22m   [34mΓö£ΓöÇ[39m [2m/posts/sew-eurodrive-fault-f07/index.html[22m [2m(+27ms)[22m 
[2m18:38:45[22m   [34mΓö£ΓöÇ[39m [2m/posts/sew-eurodrive-fault-f08/index.html[22m [2m(+29ms)[22m 
[2m18:38:45[22m   [34mΓö£ΓöÇ[39m [2m/posts/siemens-828d-alarm-codes/index.html[22m [2m(+25ms)[22m 
[2m18:38:45[22m   [34mΓö£ΓöÇ[39m [2m/posts/siemens-desigo-fault-codes/index.html[22m [2m(+17ms)[22m 
[2m18:38:45[22m   [34mΓö£ΓöÇ[39m [2m/posts/siemens-circuit-breaker-fault-codes/index.html[22m [2m(+16ms)[22m 
[2m18:38:46[22m   [34mΓö£ΓöÇ[39m [2m/posts/siemens-840d-alarm-380000/index.html[22m [2m(+19ms)[22m 
[2m18:38:46[22m   [34mΓö£ΓöÇ[39m [2m/posts/siemens-g120c-fault-codes/index.html[22m [2m(+15ms)[22m 
[2m18:38:46[22m   [34mΓö£ΓöÇ[39m [2m/posts/siemens-g120x-fault-codes/index.html[22m [2m(+15ms)[22m 
[2m18:38:46[22m   [34mΓö£ΓöÇ[39m [2m/posts/siemens-fire-alarm-fault-codes/index.html[22m [2m(+18ms)[22m 
[2m18:38:46[22m   [34mΓö£ΓöÇ[39m [2m/posts/siemens-micromaster-440-fault-f002/index.html[22m [2m(+15ms)[22m 
[2m18:38:46[22m   [34mΓö£ΓöÇ[39m [2m/posts/siemens-micromaster-fault-f001/index.html[22m [2m(+15ms)[22m 
[2m18:38:46[22m   [34mΓö£ΓöÇ[39m [2m/posts/siemens-s7-cpu-fault-codes/index.html[22m [2m(+20ms)[22m 
[2m18:38:46[22m   [34mΓö£ΓöÇ[39m [2m/posts/siemens-sentron-fault-codes/index.html[22m [2m(+22ms)[22m 
[2m18:38:46[22m   [34mΓö£ΓöÇ[39m [2m/posts/siemens-sinamics-v20-f4-fault/index.html[22m [2m(+16ms)[22m 
[2m18:38:46[22m   [34mΓö£ΓöÇ[39m [2m/posts/siemens-sinamics-v20-f1-fault/index.html[22m [2m(+20ms)[22m 
[2m18:38:46[22m   [34mΓö£ΓöÇ[39m [2m/posts/siemens-sinamics-g120-fault-f00001/index.html[22m [2m(+16ms)[22m 
[2m18:38:46[22m   [34mΓö£ΓöÇ[39m [2m/posts/siemens-sinumerik-840d-alarm-25000/index.html[22m [2m(+15ms)[22m 
[2m18:38:46[22m   [34mΓö£ΓöÇ[39m [2m/posts/siemens-sinumerik-alarm-25000-drive-fault/index.html[22m [2m(+20ms)[22m 
[2m18:38:46[22m   [34mΓö£ΓöÇ[39m [2m/posts/siemens-sinumerik-alarm-25201/index.html[22m [2m(+15ms)[22m 
[2m18:38:46[22m   [34mΓö£ΓöÇ[39m [2m/posts/siemens-sinumerik-alarm-300204/index.html[22m [2m(+16ms)[22m 
[2m18:38:46[22m   [34mΓö£ΓöÇ[39m [2m/posts/siemens-sinumerik-alarm-380500/index.html[22m [2m(+20ms)[22m 
[2m18:38:46[22m   [34mΓö£ΓöÇ[39m [2m/posts/siemens-sinumerik-alarm-380600/index.html[22m [2m(+16ms)[22m 
[2m18:38:46[22m   [34mΓö£ΓöÇ[39m [2m/posts/siemens-siprotec-relay-faults/index.html[22m [2m(+25ms)[22m 
[2m18:38:46[22m   [34mΓö£ΓöÇ[39m [2m/posts/simplex-fire-alarm-fault-codes/index.html[22m [2m(+26ms)[22m 
[2m18:38:46[22m   [34mΓö£ΓöÇ[39m [2m/posts/siemens-vfd-fault-codes/index.html[22m [2m(+24ms)[22m 
[2m18:38:46[22m   [34mΓö£ΓöÇ[39m [2m/posts/sporlan-expansion-valve-fault/index.html[22m [2m(+16ms)[22m 
[2m18:38:46[22m   [34mΓö£ΓöÇ[39m [2m/posts/slant-fin-boiler-error-code-e1/index.html[22m [2m(+20ms)[22m 
[2m18:38:46[22m   [34mΓö£ΓöÇ[39m [2m/posts/sporlan-stepper-expansion-fault/index.html[22m [2m(+16ms)[22m 
[2m18:38:46[22m   [34mΓö£ΓöÇ[39m [2m/posts/spx-flow-pump-fault-codes/index.html[22m [2m(+15ms)[22m 
[2m18:38:46[22m   [34mΓö£ΓöÇ[39m [2m/posts/square-d-circuit-breaker-fault/index.html[22m [2m(+18ms)[22m 
[2m18:38:46[22m   [34mΓö£ΓöÇ[39m [2m/posts/state-water-heater-error-codes/index.html[22m [2m(+15ms)[22m 
[2m18:38:46[22m   [34mΓö£ΓöÇ[39m [2m/posts/stepper-motor-fault-codes/index.html[22m [2m(+15ms)[22m 
[2m18:38:46[22m   [34mΓö£ΓöÇ[39m [2m/posts/steris-sterilizer-fault-codes/index.html[22m [2m(+20ms)[22m 
[2m18:38:46[22m   [34mΓö£ΓöÇ[39m [2m/posts/sullair-compressor-fault-codes/index.html[22m [2m(+19ms)[22m 
[2m18:38:46[22m   [34mΓö£ΓöÇ[39m [2m/posts/sulzer-pump-fault-codes/index.html[22m [2m(+16ms)[22m 
[2m18:38:46[22m   [34mΓö£ΓöÇ[39m [2m/posts/sullivan-palatek-compressor-faults/index.html[22m [2m(+20ms)[22m 
[2m18:38:46[22m   [34mΓö£ΓöÇ[39m [2m/posts/sun-hydraulics-fault-codes/index.html[22m [2m(+15ms)[22m 
[2m18:38:46[22m   [34mΓö£ΓöÇ[39m [2m/posts/taco-comfort-solutions-fault/index.html[22m [2m(+15ms)[22m 
[2m18:38:46[22m   [34mΓö£ΓöÇ[39m [2m/posts/tempstar-furnace-e1-error-code/index.html[22m [2m(+20ms)[22m 
[2m18:38:46[22m   [34mΓö£ΓöÇ[39m [2m/posts/tempstar-furnace-e4-error-code/index.html[22m [2m(+16ms)[22m 
[2m18:38:46[22m   [34mΓö£ΓöÇ[39m [2m/posts/thyssenkrupp-elevator-fault-codes/index.html[22m [2m(+16ms)[22m 
[2m18:38:46[22m   [34mΓö£ΓöÇ[39m [2m/posts/toshiba-vfd-fault-codes/index.html[22m [2m(+20ms)[22m 
[2m18:38:46[22m   [34mΓö£ΓöÇ[39m [2m/posts/toyota-forklift-error-codes/index.html[22m [2m(+16ms)[22m 
[2m18:38:46[22m   [34mΓö£ΓöÇ[39m [2m/posts/trane-1-flash-error-code/index.html[22m [2m(+17ms)[22m 
[2m18:38:46[22m   [34mΓö£ΓöÇ[39m [2m/posts/trane-126-error-code/index.html[22m [2m(+19ms)[22m 
[2m18:38:46[22m   [34mΓö£ΓöÇ[39m [2m/posts/trane-2-flashes-error-code/index.html[22m [2m(+16ms)[22m 
[2m18:38:46[22m   [34mΓö£ΓöÇ[39m [2m/posts/trane-3-flashes-error-code/index.html[22m [2m(+15ms)[22m 
[2m18:38:46[22m   [34mΓö£ΓöÇ[39m [2m/posts/trane-3-flashes-pressure-switch/index.html[22m [2m(+18ms)[22m 
[2m18:38:46[22m   [34mΓö£ΓöÇ[39m [2m/posts/trane-4-flashes-error-code/index.html[22m [2m(+15ms)[22m 
[2m18:38:46[22m   [34mΓö£ΓöÇ[39m [2m/posts/trane-4tcc4-error-codes/index.html[22m [2m(+15ms)[22m 
[2m18:38:46[22m   [34mΓö£ΓöÇ[39m [2m/posts/trane-5-flashes-error-code/index.html[22m [2m(+18ms)[22m 
[2m18:38:46[22m   [34mΓö£ΓöÇ[39m [2m/posts/trane-6-flashes-error-code/index.html[22m [2m(+15ms)[22m 
[2m18:38:46[22m   [34mΓö£ΓöÇ[39m [2m/posts/trane-7-flashes-error-code/index.html[22m [2m(+15ms)[22m 
[2m18:38:46[22m   [34mΓö£ΓöÇ[39m [2m/posts/trane-8-flashes-error-code/index.html[22m [2m(+19ms)[22m 
[2m18:38:46[22m   [34mΓö£ΓöÇ[39m [2m/posts/trane-9-flashes-error-code/index.html[22m [2m(+16ms)[22m 
[2m18:38:46[22m   [34mΓö£ΓöÇ[39m [2m/posts/trane-centravac-fault-codes/index.html[22m [2m(+15ms)[22m 
[2m18:38:46[22m   [34mΓö£ΓöÇ[39m [2m/posts/trane-chiller-fault-codes/index.html[22m [2m(+18ms)[22m 
[2m18:38:46[22m   [34mΓö£ΓöÇ[39m [2m/posts/trane-comfort-r-error-codes-er/index.html[22m [2m(+15ms)[22m 
[2m18:38:46[22m   [34mΓö£ΓöÇ[39m [2m/posts/trane-comfortlink-ii-error-codes/index.html[22m [2m(+24ms)[22m 
[2m18:38:46[22m   [34mΓö£ΓöÇ[39m [2m/posts/trane-error-code-79/index.html[22m [2m(+20ms)[22m 
[2m18:38:46[22m   [34mΓö£ΓöÇ[39m [2m/posts/trane-furnace-error-codes/index.html[22m [2m(+24ms)[22m 
[2m18:38:47[22m   [34mΓö£ΓöÇ[39m [2m/posts/trane-heat-pump-1-flash/index.html[22m [2m(+23ms)[22m 
[2m18:38:47[22m   [34mΓö£ΓöÇ[39m [2m/posts/trane-heat-pump-error-code-e2/index.html[22m [2m(+31ms)[22m 
[2m18:38:47[22m   [34mΓö£ΓöÇ[39m [2m/posts/trane-precedent-error-codes/index.html[22m [2m(+26ms)[22m 
[2m18:38:47[22m   [34mΓö£ΓöÇ[39m [2m/posts/trane-rooftop-fault-77/index.html[22m [2m(+25ms)[22m 
[2m18:38:47[22m   [34mΓö£ΓöÇ[39m [2m/posts/trane-rooftop-unit-error-codes/index.html[22m [2m(+32ms)[22m 
[2m18:38:47[22m   [34mΓö£ΓöÇ[39m [2m/posts/trane-tam-error-codes/index.html[22m [2m(+19ms)[22m 
[2m18:38:47[22m   [34mΓö£ΓöÇ[39m [2m/posts/trane-tracer-fault-codes/index.html[22m [2m(+21ms)[22m 
[2m18:38:47[22m   [34mΓö£ΓöÇ[39m [2m/posts/trane-s8x1-error-codes/index.html[22m [2m(+21ms)[22m 
[2m18:38:47[22m   [34mΓö£ΓöÇ[39m [2m/posts/trane-variable-speed-heat-pump-codes/index.html[22m [2m(+23ms)[22m 
[2m18:38:47[22m   [34mΓö£ΓöÇ[39m [2m/posts/trane-vrf-error-codes/index.html[22m [2m(+22ms)[22m 
[2m18:38:47[22m   [34mΓö£ΓöÇ[39m [2m/posts/trane-xe80-error-codes/index.html[22m [2m(+18ms)[22m 
[2m18:38:47[22m   [34mΓö£ΓöÇ[39m [2m/posts/trane-xr13-error-codes/index.html[22m [2m(+15ms)[22m 
[2m18:38:47[22m   [34mΓö£ΓöÇ[39m [2m/posts/trane-xl20i-error-codes/index.html[22m [2m(+15ms)[22m 
[2m18:38:47[22m   [34mΓö£ΓöÇ[39m [2m/posts/trane-xr14-error-codes/index.html[22m [2m(+25ms)[22m 
[2m18:38:47[22m   [34mΓö£ΓöÇ[39m [2m/posts/trane-xr80-error-codes/index.html[22m [2m(+15ms)[22m 
[2m18:38:47[22m   [34mΓö£ΓöÇ[39m [2m/posts/trane-xr15-error-codes/index.html[22m [2m(+22ms)[22m 
[2m18:38:47[22m   [34mΓö£ΓöÇ[39m [2m/posts/trane-xr90-error-codes/index.html[22m [2m(+24ms)[22m 
[2m18:38:47[22m   [34mΓö£ΓöÇ[39m [2m/posts/trane-xr95-error-codes/index.html[22m [2m(+22ms)[22m 
[2m18:38:47[22m   [34mΓö£ΓöÇ[39m [2m/posts/trane-xv20i-heat-pump-error-codes/index.html[22m [2m(+19ms)[22m 
[2m18:38:47[22m   [34mΓö£ΓöÇ[39m [2m/posts/trane-xv80-error-codes/index.html[22m [2m(+25ms)[22m 
[2m18:38:47[22m   [34mΓö£ΓöÇ[39m [2m/posts/trane-ysc-error-codes/index.html[22m [2m(+25ms)[22m 
[2m18:38:47[22m   [34mΓö£ΓöÇ[39m [2m/posts/traulsen-refrigerator-error-code-e1/index.html[22m [2m(+30ms)[22m 
[2m18:38:47[22m   [34mΓö£ΓöÇ[39m [2m/posts/traulsen-rlt-error-codes/index.html[22m [2m(+31ms)[22m 
[2m18:38:47[22m   [34mΓö£ΓöÇ[39m [2m/posts/triangle-tube-boiler-error-e1/index.html[22m [2m(+25ms)[22m 
[2m18:38:47[22m   [34mΓö£ΓöÇ[39m [2m/posts/tripp-lite-ups-fault-codes/index.html[22m [2m(+16ms)[22m 
[2m18:38:47[22m   [34mΓö£ΓöÇ[39m [2m/posts/troubleshooting-by-symptom/index.html[22m [2m(+29ms)[22m 
[2m18:38:47[22m   [34mΓö£ΓöÇ[39m [2m/posts/true-refrigeration-e1-error-code/index.html[22m [2m(+25ms)[22m 
[2m18:38:47[22m   [34mΓö£ΓöÇ[39m [2m/posts/true-refrigeration-e2-error-code/index.html[22m [2m(+23ms)[22m 
[2m18:38:47[22m   [34mΓö£ΓöÇ[39m [2m/posts/true-refrigeration-e3-error-code/index.html[22m [2m(+28ms)[22m 
[2m18:38:47[22m   [34mΓö£ΓöÇ[39m [2m/posts/true-refrigeration-e4-error-code/index.html[22m [2m(+23ms)[22m 
[2m18:38:47[22m   [34mΓö£ΓöÇ[39m [2m/posts/true-refrigeration-error-codes/index.html[22m [2m(+22ms)[22m 
[2m18:38:47[22m   [34mΓö£ΓöÇ[39m [2m/posts/true-refrigeration-t-series-error-codes/index.html[22m [2m(+19ms)[22m 
[2m18:38:47[22m   [34mΓö£ΓöÇ[39m [2m/posts/true-refrigeration-t49-error-codes/index.html[22m [2m(+15ms)[22m 
[2m18:38:47[22m   [34mΓö£ΓöÇ[39m [2m/posts/true-t-23-error-codes/index.html[22m [2m(+15ms)[22m 
[2m18:38:47[22m   [34mΓö£ΓöÇ[39m [2m/posts/true-t-72-error-codes/index.html[22m [2m(+26ms)[22m 
[2m18:38:47[22m   [34mΓö£ΓöÇ[39m [2m/posts/turbo-air-freezer-error-code-e2/index.html[22m [2m(+16ms)[22m 
[2m18:38:47[22m   [34mΓö£ΓöÇ[39m [2m/posts/turbo-air-refrigerator-error-code-e1/index.html[22m [2m(+16ms)[22m 
[2m18:38:47[22m   [34mΓö£ΓöÇ[39m [2m/posts/turbochef-oven-fault-codes/index.html[22m [2m(+30ms)[22m 
[2m18:38:47[22m   [34mΓö£ΓöÇ[39m [2m/posts/tuttnauer-autoclave-fault-codes/index.html[22m [2m(+15ms)[22m 
[2m18:38:47[22m   [34mΓö£ΓöÇ[39m [2m/posts/tyler-refrigeration-error-code-1/index.html[22m [2m(+15ms)[22m 
[2m18:38:47[22m   [34mΓö£ΓöÇ[39m [2m/posts/utica-boiler-error-code-e1/index.html[22m [2m(+20ms)[22m 
[2m18:38:47[22m   [34mΓö£ΓöÇ[39m [2m/posts/uv-air-purifier-error-codes/index.html[22m [2m(+23ms)[22m 
[2m18:38:47[22m   [34mΓö£ΓöÇ[39m [2m/posts/vertiv-ups-fault-codes/index.html[22m [2m(+17ms)[22m 
[2m18:38:47[22m   [34mΓö£ΓöÇ[39m [2m/posts/vfd-fault-codes-oc-ov-uv-ol/index.html[22m [2m(+21ms)[22m 
[2m18:38:47[22m   [34mΓö£ΓöÇ[39m [2m/posts/vfd-fault-code-lookup/index.html[22m [2m(+17ms)[22m 
[2m18:38:47[22m   [34mΓö£ΓöÇ[39m [2m/posts/vfd-error-codes-guide/index.html[22m [2m(+26ms)[22m 
[2m18:38:48[22m   [34mΓö£ΓöÇ[39m [2m/posts/vickers-hydraulics-fault-codes/index.html[22m [2m(+27ms)[22m 
[2m18:38:48[22m   [34mΓö£ΓöÇ[39m [2m/posts/vfd-trip-reset-guide/index.html[22m [2m(+15ms)[22m 
[2m18:38:48[22m   [34mΓö£ΓöÇ[39m [2m/posts/victor-thermal-dynamics-fault-1/index.html[22m [2m(+16ms)[22m 
[2m18:38:48[22m   [34mΓö£ΓöÇ[39m [2m/posts/victory-refrigerator-error-code-e1/index.html[22m [2m(+19ms)[22m 
[2m18:38:48[22m   [34mΓö£ΓöÇ[39m [2m/posts/viessmann-boiler-fault-f4/index.html[22m [2m(+16ms)[22m 
[2m18:38:48[22m   [34mΓö£ΓöÇ[39m [2m/posts/waterfurnace-fault-code-1/index.html[22m [2m(+16ms)[22m 
[2m18:38:48[22m   [34mΓö£ΓöÇ[39m [2m/posts/vulcan-oven-error-codes/index.html[22m [2m(+22ms)[22m 
[2m18:38:48[22m   [34mΓö£ΓöÇ[39m [2m/posts/waterfurnace-series-7-error-codes/index.html[22m [2m(+16ms)[22m 
[2m18:38:48[22m   [34mΓö£ΓöÇ[39m [2m/posts/watlow-pm6-controller-error/index.html[22m [2m(+24ms)[22m 
[2m18:38:48[22m   [34mΓö£ΓöÇ[39m [2m/posts/watlow-temperature-controller-error/index.html[22m [2m(+20ms)[22m 
[2m18:38:48[22m   [34mΓö£ΓöÇ[39m [2m/posts/watts-regulator-error-codes/index.html[22m [2m(+23ms)[22m 
[2m18:38:48[22m   [34mΓö£ΓöÇ[39m [2m/posts/weil-mclain-e01-error-code/index.html[22m [2m(+16ms)[22m 
[2m18:38:48[22m   [34mΓö£ΓöÇ[39m [2m/posts/weil-mclain-e02-error-code/index.html[22m [2m(+32ms)[22m 
[2m18:38:48[22m   [34mΓö£ΓöÇ[39m [2m/posts/weil-mclain-e03-error-code/index.html[22m [2m(+21ms)[22m 
[2m18:38:48[22m   [34mΓö£ΓöÇ[39m [2m/posts/weil-mclain-e04-error-code/index.html[22m [2m(+25ms)[22m 
[2m18:38:48[22m   [34mΓö£ΓöÇ[39m [2m/posts/weil-mclain-e05-error-code/index.html[22m [2m(+30ms)[22m 
[2m18:38:48[22m   [34mΓö£ΓöÇ[39m [2m/posts/weil-mclain-e06-error-code/index.html[22m [2m(+21ms)[22m 
[2m18:38:48[22m   [34mΓö£ΓöÇ[39m [2m/posts/weil-mclain-e08-error-code/index.html[22m [2m(+16ms)[22m 
[2m18:38:48[22m   [34mΓö£ΓöÇ[39m [2m/posts/weil-mclain-e10-error-code/index.html[22m [2m(+19ms)[22m 
[2m18:38:48[22m   [34mΓö£ΓöÇ[39m [2m/posts/weil-mclain-ecg-error-codes/index.html[22m [2m(+15ms)[22m 
[2m18:38:48[22m   [34mΓö£ΓöÇ[39m [2m/posts/weil-mclain-ultra-series-codes/index.html[22m [2m(+23ms)[22m 
[2m18:38:48[22m   [34mΓö£ΓöÇ[39m [2m/posts/welbilt-ice-machine-error-codes/index.html[22m [2m(+22ms)[22m 
[2m18:38:48[22m   [34mΓö£ΓöÇ[39m [2m/posts/westinghouse-furnace-e1-error-code/index.html[22m [2m(+16ms)[22m 
[2m18:38:48[22m   [34mΓö£ΓöÇ[39m [2m/posts/wilo-pump-fault-codes/index.html[22m [2m(+15ms)[22m 
[2m18:38:48[22m   [34mΓö£ΓöÇ[39m [2m/posts/windmill-mini-split-error-codes/index.html[22m [2m(+19ms)[22m 
[2m18:38:48[22m   [34mΓö£ΓöÇ[39m [2m/posts/yale-forklift-error-codes/index.html[22m [2m(+15ms)[22m 
[2m18:38:48[22m   [34mΓö£ΓöÇ[39m [2m/posts/winterhalter-dishwasher-faults/index.html[22m [2m(+15ms)[22m 
[2m18:38:48[22m   [34mΓö£ΓöÇ[39m [2m/posts/yaskawa-a1000-fault-oc/index.html[22m [2m(+19ms)[22m 
[2m18:38:48[22m   [34mΓö£ΓöÇ[39m [2m/posts/yaskawa-ga700-fault-oc/index.html[22m [2m(+15ms)[22m 
[2m18:38:48[22m   [34mΓö£ΓöÇ[39m [2m/posts/yaskawa-ga700-fault-uv1/index.html[22m [2m(+15ms)[22m 
[2m18:38:48[22m   [34mΓö£ΓöÇ[39m [2m/posts/yaskawa-u1000-fault-codes/index.html[22m [2m(+29ms)[22m 
[2m18:38:48[22m   [34mΓö£ΓöÇ[39m [2m/posts/yaskawa-v1000-complete-guide/index.html[22m [2m(+16ms)[22m 
[2m18:38:48[22m   [34mΓö£ΓöÇ[39m [2m/posts/yaskawa-v1000-fault-oc/index.html[22m [2m(+21ms)[22m 
[2m18:38:48[22m   [34mΓö£ΓöÇ[39m [2m/posts/yaskawa-vfd-fault-bb/index.html[22m [2m(+26ms)[22m 
[2m18:38:48[22m   [34mΓö£ΓöÇ[39m [2m/posts/yaskawa-vfd-fault-cf/index.html[22m [2m(+27ms)[22m 
[2m18:38:48[22m   [34mΓö£ΓöÇ[39m [2m/posts/yaskawa-vfd-fault-gf/index.html[22m [2m(+26ms)[22m 
[2m18:38:48[22m   [34mΓö£ΓöÇ[39m [2m/posts/yaskawa-vfd-fault-codes/index.html[22m [2m(+30ms)[22m 
[2m18:38:48[22m   [34mΓö£ΓöÇ[39m [2m/posts/yaskawa-vfd-fault-lf/index.html[22m [2m(+20ms)[22m 
[2m18:38:48[22m   [34mΓö£ΓöÇ[39m [2m/posts/yaskawa-vfd-fault-er/index.html[22m [2m(+15ms)[22m 
[2m18:38:48[22m   [34mΓö£ΓöÇ[39m [2m/posts/yaskawa-vfd-fault-oc-overcurrent/index.html[22m [2m(+21ms)[22m 
[2m18:38:48[22m   [34mΓö£ΓöÇ[39m [2m/posts/yaskawa-vfd-fault-oh/index.html[22m [2m(+15ms)[22m 
[2m18:38:48[22m   [34mΓö£ΓöÇ[39m [2m/posts/yaskawa-vfd-fault-ov/index.html[22m [2m(+15ms)[22m 
[2m18:38:48[22m   [34mΓö£ΓöÇ[39m [2m/posts/yaskawa-vfd-fault-pf/index.html[22m [2m(+20ms)[22m 
[2m18:38:48[22m   [34mΓö£ΓöÇ[39m [2m/posts/yaskawa-vfd-fault-sc/index.html[22m [2m(+16ms)[22m 
[2m18:38:48[22m   [34mΓö£ΓöÇ[39m [2m/posts/yaskawa-vfd-fault-uv1/index.html[22m [2m(+16ms)[22m 
[2m18:38:48[22m   [34mΓö£ΓöÇ[39m [2m/posts/york-2-flashes-error-code/index.html[22m [2m(+19ms)[22m 
[2m18:38:48[22m   [34mΓö£ΓöÇ[39m [2m/posts/york-4-flashes-error-code/index.html[22m [2m(+15ms)[22m 
[2m18:38:48[22m   [34mΓö£ΓöÇ[39m [2m/posts/york-3-flashes-error-code/index.html[22m [2m(+16ms)[22m 
[2m18:38:48[22m   [34mΓö£ΓöÇ[39m [2m/posts/york-5-flashes-error-code/index.html[22m [2m(+20ms)[22m 
[2m18:38:48[22m   [34mΓö£ΓöÇ[39m [2m/posts/york-6-flashes-pressure-switch-fault/index.html[22m [2m(+16ms)[22m 
[2m18:38:49[22m   [34mΓö£ΓöÇ[39m [2m/posts/york-7-flashes-error-code/index.html[22m [2m(+26ms)[22m 
[2m18:38:49[22m   [34mΓö£ΓöÇ[39m [2m/posts/york-8-flashes-error-code/index.html[22m [2m(+21ms)[22m 
[2m18:38:49[22m   [34mΓö£ΓöÇ[39m [2m/posts/york-affiniti-error-codes/index.html[22m [2m(+15ms)[22m 
[2m18:38:49[22m   [34mΓö£ΓöÇ[39m [2m/posts/york-chiller-fault-codes/index.html[22m [2m(+15ms)[22m 
[2m18:38:49[22m   [34mΓö£ΓöÇ[39m [2m/posts/york-furnace-e2-error-code/index.html[22m [2m(+20ms)[22m 
[2m18:38:49[22m   [34mΓö£ΓöÇ[39m [2m/posts/york-furnace-error-code-e3/index.html[22m [2m(+15ms)[22m 
[2m18:38:49[22m   [34mΓö£ΓöÇ[39m [2m/posts/york-furnace-error-code-e4/index.html[22m [2m(+16ms)[22m 
[2m18:38:49[22m   [34mΓö£ΓöÇ[39m [2m/posts/york-furnace-error-codes/index.html[22m [2m(+21ms)[22m 
[2m18:38:49[22m   [34mΓö£ΓöÇ[39m [2m/posts/york-furnace-error-code-e5/index.html[22m [2m(+16ms)[22m 
[2m18:38:49[22m   [34mΓö£ΓöÇ[39m [2m/posts/york-mini-split-error-code-e1/index.html[22m [2m(+25ms)[22m 
[2m18:38:49[22m   [34mΓö£ΓöÇ[39m [2m/posts/york-rooftop-unit-error-codes/index.html[22m [2m(+20ms)[22m 
[2m18:38:49[22m   [34mΓö£ΓöÇ[39m [2m/posts/york-tg9-furnace-error-codes/index.html[22m [2m(+15ms)[22m 
[2m18:38:49[22m   [34mΓö£ΓöÇ[39m [2m/posts/york-ycd-error-codes/index.html[22m [2m(+15ms)[22m 
[2m18:38:49[22m   [34mΓö£ΓöÇ[39m [2m/posts/york-yg2c-error-codes/index.html[22m [2m(+20ms)[22m 
[2m18:38:49[22m   [34mΓö£ΓöÇ[39m [2m/posts/york-ysc-error-codes/index.html[22m [2m(+15ms)[22m 
[2m18:38:49[22m   [34mΓööΓöÇ[39m [2m/posts/ysi-meter-error-codes/index.html[22m [2m(+15ms)[22m 
[2m18:38:49[22m [35m╬╗[39m src/pages/rss.xml.ts
[2m18:38:49[22m   [34mΓööΓöÇ[39m [2m/rss.xml[22m [2m(+110ms)[22m 
[2m18:38:49[22m [32mΓû╢[39m src/pages/search.astro
[2m18:38:49[22m   [34mΓööΓöÇ[39m [2m/search/index.html[22m [2m(+3ms)[22m 
[2m18:38:49[22m [32mΓû╢[39m src/pages/tags/[tag]/[...page].astro
[2m18:38:51[22m   [34mΓö£ΓöÇ[39m [2m/tags/a1000/index.html[22m [2m(+5ms)[22m 
[2m18:38:51[22m   [34mΓö£ΓöÇ[39m [2m/tags/abb/index.html[22m [2m(+6ms)[22m 
[2m18:38:51[22m   [34mΓö£ΓöÇ[39m [2m/tags/abb/2/index.html[22m [2m(+4ms)[22m 
[2m18:38:51[22m   [34mΓö£ΓöÇ[39m [2m/tags/abb/3/index.html[22m [2m(+4ms)[22m 
[2m18:38:51[22m   [34mΓö£ΓöÇ[39m [2m/tags/abb/4/index.html[22m [2m(+4ms)[22m 
[2m18:38:51[22m   [34mΓö£ΓöÇ[39m [2m/tags/abb/5/index.html[22m [2m(+4ms)[22m 
[2m18:38:51[22m   [34mΓö£ΓöÇ[39m [2m/tags/abb/6/index.html[22m [2m(+4ms)[22m 
[2m18:38:51[22m   [34mΓö£ΓöÇ[39m [2m/tags/abb/7/index.html[22m [2m(+4ms)[22m 
[2m18:38:51[22m   [34mΓö£ΓöÇ[39m [2m/tags/ac30/index.html[22m [2m(+3ms)[22m 
[2m18:38:51[22m   [34mΓö£ΓöÇ[39m [2m/tags/acs355/index.html[22m [2m(+3ms)[22m 
[2m18:38:51[22m   [34mΓö£ΓöÇ[39m [2m/tags/acs880/index.html[22m [2m(+3ms)[22m 
[2m18:38:51[22m   [34mΓö£ΓöÇ[39m [2m/tags/air-conditioner/index.html[22m [2m(+6ms)[22m 
[2m18:38:51[22m   [34mΓö£ΓöÇ[39m [2m/tags/air-conditioner/2/index.html[22m [2m(+5ms)[22m 
[2m18:38:51[22m   [34mΓö£ΓöÇ[39m [2m/tags/air-handler/index.html[22m [2m(+3ms)[22m 
[2m18:38:51[22m   [34mΓö£ΓöÇ[39m [2m/tags/air-quality/index.html[22m [2m(+4ms)[22m 
[2m18:38:51[22m   [34mΓö£ΓöÇ[39m [2m/tags/airease/index.html[22m [2m(+3ms)[22m 
[2m18:38:51[22m   [34mΓö£ΓöÇ[39m [2m/tags/akc-controller/index.html[22m [2m(+3ms)[22m 
[2m18:38:51[22m   [34mΓö£ΓöÇ[39m [2m/tags/alarm/index.html[22m [2m(+5ms)[22m 
[2m18:38:51[22m   [34mΓö£ΓöÇ[39m [2m/tags/alarm/2/index.html[22m [2m(+3ms)[22m 
[2m18:38:51[22m   [34mΓö£ΓöÇ[39m [2m/tags/alarm-129/index.html[22m [2m(+3ms)[22m 
[2m18:38:51[22m   [34mΓö£ΓöÇ[39m [2m/tags/alarm-130/index.html[22m [2m(+3ms)[22m 
[2m18:38:51[22m   [34mΓö£ΓöÇ[39m [2m/tags/alarm-460/index.html[22m [2m(+3ms)[22m 
[2m18:38:51[22m   [34mΓö£ΓöÇ[39m [2m/tags/alarm-800/index.html[22m [2m(+3ms)[22m 
[2m18:38:51[22m   [34mΓö£ΓöÇ[39m [2m/tags/alarm-code/index.html[22m [2m(+3ms)[22m 
[2m18:38:51[22m   [34mΓö£ΓöÇ[39m [2m/tags/alarm-codes/index.html[22m [2m(+3ms)[22m 
[2m18:38:51[22m   [34mΓö£ΓöÇ[39m [2m/tags/alarms/index.html[22m [2m(+2ms)[22m 
[2m18:38:51[22m   [34mΓö£ΓöÇ[39m [2m/tags/alco/index.html[22m [2m(+3ms)[22m 
[2m18:38:51[22m   [34mΓö£ΓöÇ[39m [2m/tags/alco-controls/index.html[22m [2m(+3ms)[22m 
[2m18:38:51[22m   [34mΓö£ΓöÇ[39m [2m/tags/allen-bradley/index.html[22m [2m(+4ms)[22m 
[2m18:38:51[22m   [34mΓö£ΓöÇ[39m [2m/tags/allen-bradley/2/index.html[22m [2m(+4ms)[22m 
[2m18:38:51[22m   [34mΓö£ΓöÇ[39m [2m/tags/allen-bradley/3/index.html[22m [2m(+4ms)[22m 
[2m18:38:51[22m   [34mΓö£ΓöÇ[39m [2m/tags/allen-bradley/4/index.html[22m [2m(+4ms)[22m 
[2m18:38:51[22m   [34mΓö£ΓöÇ[39m [2m/tags/allen-bradley/5/index.html[22m [2m(+5ms)[22m 
[2m18:38:51[22m   [34mΓö£ΓöÇ[39m [2m/tags/alto-shaam/index.html[22m [2m(+3ms)[22m 
[2m18:38:51[22m   [34mΓö£ΓöÇ[39m [2m/tags/amana/index.html[22m [2m(+3ms)[22m 
[2m18:38:51[22m   [34mΓö£ΓöÇ[39m [2m/tags/american-standard/index.html[22m [2m(+3ms)[22m 
[2m18:38:51[22m   [34mΓö£ΓöÇ[39m [2m/tags/american-water-heater/index.html[22m [2m(+4ms)[22m 
[2m18:38:51[22m   [34mΓö£ΓöÇ[39m [2m/tags/amsco/index.html[22m [2m(+3ms)[22m 
[2m18:38:51[22m   [34mΓö£ΓöÇ[39m [2m/tags/ao-smith/index.html[22m [2m(+4ms)[22m 
[2m18:38:51[22m   [34mΓö£ΓöÇ[39m [2m/tags/apc/index.html[22m [2m(+4ms)[22m 
[2m18:38:51[22m   [34mΓö£ΓöÇ[39m [2m/tags/aprilaire/index.html[22m [2m(+4ms)[22m 
[2m18:38:51[22m   [34mΓö£ΓöÇ[39m [2m/tags/aquasnap/index.html[22m [2m(+3ms)[22m 
[2m18:38:51[22m   [34mΓö£ΓöÇ[39m [2m/tags/armstrong/index.html[22m [2m(+3ms)[22m 
[2m18:38:51[22m   [34mΓö£ΓöÇ[39m [2m/tags/atc/index.html[22m [2m(+3ms)[22m 
[2m18:38:51[22m   [34mΓö£ΓöÇ[39m [2m/tags/atlas-copco/index.html[22m [2m(+3ms)[22m 
[2m18:38:51[22m   [34mΓö£ΓöÇ[39m [2m/tags/autoclave/index.html[22m [2m(+4ms)[22m 
[2m18:38:51[22m   [34mΓö£ΓöÇ[39m [2m/tags/automated-logic/index.html[22m [2m(+3ms)[22m 
[2m18:38:51[22m   [34mΓö£ΓöÇ[39m [2m/tags/automation/index.html[22m [2m(+3ms)[22m 
[2m18:38:51[22m   [34mΓö£ΓöÇ[39m [2m/tags/bacnet/index.html[22m [2m(+3ms)[22m 
[2m18:38:51[22m   [34mΓö£ΓöÇ[39m [2m/tags/baldor/index.html[22m [2m(+4ms)[22m 
[2m18:38:51[22m   [34mΓö£ΓöÇ[39m [2m/tags/baltimore-aircoil/index.html[22m [2m(+3ms)[22m 
[2m18:38:51[22m   [34mΓö£ΓöÇ[39m [2m/tags/basler/index.html[22m [2m(+3ms)[22m 
[2m18:38:51[22m   [34mΓö£ΓöÇ[39m [2m/tags/battery/index.html[22m [2m(+3ms)[22m 
[2m18:38:51[22m   [34mΓö£ΓöÇ[39m [2m/tags/bell-gossett/index.html[22m [2m(+3ms)[22m 
[2m18:38:51[22m   [34mΓö£ΓöÇ[39m [2m/tags/beverage-air/index.html[22m [2m(+3ms)[22m 
[2m18:38:51[22m   [34mΓö£ΓöÇ[39m [2m/tags/blower/index.html[22m [2m(+3ms)[22m 
[2m18:38:51[22m   [34mΓö£ΓöÇ[39m [2m/tags/blower-motor/index.html[22m [2m(+3ms)[22m 
[2m18:38:51[22m   [34mΓö£ΓöÇ[39m [2m/tags/bms/index.html[22m [2m(+4ms)[22m 
[2m18:38:51[22m   [34mΓö£ΓöÇ[39m [2m/tags/bms/2/index.html[22m [2m(+3ms)[22m 
[2m18:38:51[22m   [34mΓö£ΓöÇ[39m [2m/tags/boge/index.html[22m [2m(+3ms)[22m 
[2m18:38:51[22m   [34mΓö£ΓöÇ[39m [2m/tags/bohn/index.html[22m [2m(+3ms)[22m 
[2m18:38:51[22m   [34mΓö£ΓöÇ[39m [2m/tags/boiler/index.html[22m [2m(+3ms)[22m 
[2m18:38:51[22m   [34mΓö£ΓöÇ[39m [2m/tags/boiler/2/index.html[22m [2m(+4ms)[22m 
[2m18:38:51[22m   [34mΓö£ΓöÇ[39m [2m/tags/boiler/3/index.html[22m [2m(+4ms)[22m 
[2m18:38:51[22m   [34mΓö£ΓöÇ[39m [2m/tags/boiler/4/index.html[22m [2m(+3ms)[22m 
[2m18:38:51[22m   [34mΓö£ΓöÇ[39m [2m/tags/boiler/5/index.html[22m [2m(+9ms)[22m 
[2m18:38:51[22m   [34mΓö£ΓöÇ[39m [2m/tags/boiler/6/index.html[22m [2m(+4ms)[22m 
[2m18:38:51[22m   [34mΓö£ΓöÇ[39m [2m/tags/boiler/7/index.html[22m [2m(+5ms)[22m 
[2m18:38:51[22m   [34mΓö£ΓöÇ[39m [2m/tags/boiler/8/index.html[22m [2m(+4ms)[22m 
[2m18:38:51[22m   [34mΓö£ΓöÇ[39m [2m/tags/boiler/9/index.html[22m [2m(+4ms)[22m 
[2m18:38:51[22m   [34mΓö£ΓöÇ[39m [2m/tags/boiler/10/index.html[22m [2m(+4ms)[22m 
[2m18:38:51[22m   [34mΓö£ΓöÇ[39m [2m/tags/boiler/11/index.html[22m [2m(+4ms)[22m 
[2m18:38:51[22m   [34mΓö£ΓöÇ[39m [2m/tags/boiler/12/index.html[22m [2m(+4ms)[22m 
[2m18:38:51[22m   [34mΓö£ΓöÇ[39m [2m/tags/boiler/13/index.html[22m [2m(+4ms)[22m 
[2m18:38:51[22m   [34mΓö£ΓöÇ[39m [2m/tags/boiler/14/index.html[22m [2m(+4ms)[22m 
[2m18:38:51[22m   [34mΓö£ΓöÇ[39m [2m/tags/boiler/15/index.html[22m [2m(+4ms)[22m 
[2m18:38:51[22m   [34mΓö£ΓöÇ[39m [2m/tags/boiler/16/index.html[22m [2m(+6ms)[22m 
[2m18:38:51[22m   [34mΓö£ΓöÇ[39m [2m/tags/boiler/17/index.html[22m [2m(+3ms)[22m 
[2m18:38:51[22m   [34mΓö£ΓöÇ[39m [2m/tags/bosch/index.html[22m [2m(+3ms)[22m 
[2m18:38:51[22m   [34mΓö£ΓöÇ[39m [2m/tags/bosch-rexroth/index.html[22m [2m(+3ms)[22m 
[2m18:38:51[22m   [34mΓö£ΓöÇ[39m [2m/tags/bradford-white/index.html[22m [2m(+5ms)[22m 
[2m18:38:51[22m   [34mΓö£ΓöÇ[39m [2m/tags/brake-resistor/index.html[22m [2m(+3ms)[22m 
[2m18:38:51[22m   [34mΓö£ΓöÇ[39m [2m/tags/briggs-stratton/index.html[22m [2m(+3ms)[22m 
[2m18:38:51[22m   [34mΓö£ΓöÇ[39m [2m/tags/bryant/index.html[22m [2m(+4ms)[22m 
[2m18:38:51[22m   [34mΓö£ΓöÇ[39m [2m/tags/buderus/index.html[22m [2m(+3ms)[22m 
[2m18:38:51[22m   [34mΓö£ΓöÇ[39m [2m/tags/building-automation/index.html[22m [2m(+4ms)[22m 
[2m18:38:51[22m   [34mΓö£ΓöÇ[39m [2m/tags/building-automation/2/index.html[22m [2m(+3ms)[22m 
[2m18:38:51[22m   [34mΓö£ΓöÇ[39m [2m/tags/building-management/index.html[22m [2m(+4ms)[22m 
[2m18:38:51[22m   [34mΓö£ΓöÇ[39m [2m/tags/building-management/2/index.html[22m [2m(+3ms)[22m 
[2m18:38:51[22m   [34mΓö£ΓöÇ[39m [2m/tags/burnham/index.html[22m [2m(+4ms)[22m 
[2m18:38:51[22m   [34mΓö£ΓöÇ[39m [2m/tags/burnham/2/index.html[22m [2m(+5ms)[22m 
[2m18:38:51[22m   [34mΓö£ΓöÇ[39m [2m/tags/caleffi/index.html[22m [2m(+3ms)[22m 
[2m18:38:51[22m   [34mΓö£ΓöÇ[39m [2m/tags/carel/index.html[22m [2m(+3ms)[22m 
[2m18:38:51[22m   [34mΓö£ΓöÇ[39m [2m/tags/carousel/index.html[22m [2m(+3ms)[22m 
[2m18:38:51[22m   [34mΓö£ΓöÇ[39m [2m/tags/carrier/index.html[22m [2m(+4ms)[22m 
[2m18:38:51[22m   [34mΓö£ΓöÇ[39m [2m/tags/carrier/2/index.html[22m [2m(+4ms)[22m 
[2m18:38:51[22m   [34mΓö£ΓöÇ[39m [2m/tags/carrier/3/index.html[22m [2m(+4ms)[22m 
[2m18:38:51[22m   [34mΓö£ΓöÇ[39m [2m/tags/carrier/4/index.html[22m [2m(+4ms)[22m 
[2m18:38:51[22m   [34mΓö£ΓöÇ[39m [2m/tags/carrier/5/index.html[22m [2m(+4ms)[22m 
[2m18:38:51[22m   [34mΓö£ΓöÇ[39m [2m/tags/carrier/6/index.html[22m [2m(+4ms)[22m 
[2m18:38:51[22m   [34mΓö£ΓöÇ[39m [2m/tags/carrier/7/index.html[22m [2m(+5ms)[22m 
[2m18:38:51[22m   [34mΓö£ΓöÇ[39m [2m/tags/carrier/8/index.html[22m [2m(+4ms)[22m 
[2m18:38:51[22m   [34mΓö£ΓöÇ[39m [2m/tags/carrier/9/index.html[22m [2m(+4ms)[22m 
[2m18:38:51[22m   [34mΓö£ΓöÇ[39m [2m/tags/carrier/10/index.html[22m [2m(+4ms)[22m 
[2m18:38:51[22m   [34mΓö£ΓöÇ[39m [2m/tags/carrier/11/index.html[22m [2m(+4ms)[22m 
[2m18:38:52[22m   [34mΓö£ΓöÇ[39m [2m/tags/carrier/12/index.html[22m [2m(+4ms)[22m 
[2m18:38:52[22m   [34mΓö£ΓöÇ[39m [2m/tags/carrier/13/index.html[22m [2m(+5ms)[22m 
[2m18:38:52[22m   [34mΓö£ΓöÇ[39m [2m/tags/carrier/14/index.html[22m [2m(+4ms)[22m 
[2m18:38:52[22m   [34mΓö£ΓöÇ[39m [2m/tags/celos/index.html[22m [2m(+5ms)[22m 
[2m18:38:52[22m   [34mΓö£ΓöÇ[39m [2m/tags/centravac/index.html[22m [2m(+4ms)[22m 
[2m18:38:52[22m   [34mΓö£ΓöÇ[39m [2m/tags/centrifugal/index.html[22m [2m(+6ms)[22m 
[2m18:38:52[22m   [34mΓö£ΓöÇ[39m [2m/tags/cerberus/index.html[22m [2m(+3ms)[22m 
[2m18:38:52[22m   [34mΓö£ΓöÇ[39m [2m/tags/chicago-pneumatic/index.html[22m [2m(+3ms)[22m 
[2m18:38:52[22m   [34mΓö£ΓöÇ[39m [2m/tags/chigo/index.html[22m [2m(+3ms)[22m 
[2m18:38:52[22m   [34mΓö£ΓöÇ[39m [2m/tags/chiller/index.html[22m [2m(+4ms)[22m 
[2m18:38:52[22m   [34mΓö£ΓöÇ[39m [2m/tags/circuit-breaker/index.html[22m [2m(+4ms)[22m 
[2m18:38:52[22m   [34mΓö£ΓöÇ[39m [2m/tags/circuit-breaker/2/index.html[22m [2m(+3ms)[22m 
[2m18:38:52[22m   [34mΓö£ΓöÇ[39m [2m/tags/climatemaster/index.html[22m [2m(+4ms)[22m 
[2m18:38:52[22m   [34mΓö£ΓöÇ[39m [2m/tags/cnc/index.html[22m [2m(+4ms)[22m 
[2m18:38:52[22m   [34mΓö£ΓöÇ[39m [2m/tags/cnc/2/index.html[22m [2m(+4ms)[22m 
[2m18:38:52[22m   [34mΓö£ΓöÇ[39m [2m/tags/cnc/3/index.html[22m [2m(+4ms)[22m 
[2m18:38:52[22m   [34mΓö£ΓöÇ[39m [2m/tags/cnc/4/index.html[22m [2m(+4ms)[22m 
[2m18:38:52[22m   [34mΓö£ΓöÇ[39m [2m/tags/cnc/5/index.html[22m [2m(+4ms)[22m 
[2m18:38:52[22m   [34mΓö£ΓöÇ[39m [2m/tags/cnc/6/index.html[22m [2m(+4ms)[22m 
[2m18:38:52[22m   [34mΓö£ΓöÇ[39m [2m/tags/cnc/7/index.html[22m [2m(+5ms)[22m 
[2m18:38:52[22m   [34mΓö£ΓöÇ[39m [2m/tags/cnc/8/index.html[22m [2m(+4ms)[22m 
[2m18:38:52[22m   [34mΓö£ΓöÇ[39m [2m/tags/cnc/9/index.html[22m [2m(+4ms)[22m 
[2m18:38:52[22m   [34mΓö£ΓöÇ[39m [2m/tags/cnc/10/index.html[22m [2m(+4ms)[22m 
[2m18:38:52[22m   [34mΓö£ΓöÇ[39m [2m/tags/cnc/11/index.html[22m [2m(+4ms)[22m 
[2m18:38:52[22m   [34mΓö£ΓöÇ[39m [2m/tags/cnc/12/index.html[22m [2m(+4ms)[22m 
[2m18:38:52[22m   [34mΓö£ΓöÇ[39m [2m/tags/cnc/13/index.html[22m [2m(+4ms)[22m 
[2m18:38:52[22m   [34mΓö£ΓöÇ[39m [2m/tags/cnc/14/index.html[22m [2m(+4ms)[22m 
[2m18:38:52[22m   [34mΓö£ΓöÇ[39m [2m/tags/cnc/15/index.html[22m [2m(+4ms)[22m 
[2m18:38:52[22m   [34mΓö£ΓöÇ[39m [2m/tags/cnc/16/index.html[22m [2m(+4ms)[22m 
[2m18:38:52[22m   [34mΓö£ΓöÇ[39m [2m/tags/cnc/17/index.html[22m [2m(+4ms)[22m 
[2m18:38:52[22m   [34mΓö£ΓöÇ[39m [2m/tags/cnc/18/index.html[22m [2m(+3ms)[22m 
[2m18:38:52[22m   [34mΓö£ΓöÇ[39m [2m/tags/cnc/19/index.html[22m [2m(+4ms)[22m 
[2m18:38:52[22m   [34mΓö£ΓöÇ[39m [2m/tags/cnc/20/index.html[22m [2m(+3ms)[22m 
[2m18:38:52[22m   [34mΓö£ΓöÇ[39m [2m/tags/cnc/21/index.html[22m [2m(+4ms)[22m 
[2m18:38:52[22m   [34mΓö£ΓöÇ[39m [2m/tags/cnc/22/index.html[22m [2m(+4ms)[22m 
[2m18:38:52[22m   [34mΓö£ΓöÇ[39m [2m/tags/cnc/23/index.html[22m [2m(+4ms)[22m 
[2m18:38:52[22m   [34mΓö£ΓöÇ[39m [2m/tags/cnc/24/index.html[22m [2m(+4ms)[22m 
[2m18:38:52[22m   [34mΓö£ΓöÇ[39m [2m/tags/cnc/25/index.html[22m [2m(+4ms)[22m 
[2m18:38:52[22m   [34mΓö£ΓöÇ[39m [2m/tags/cnc/26/index.html[22m [2m(+4ms)[22m 
[2m18:38:52[22m   [34mΓö£ΓöÇ[39m [2m/tags/cnc/27/index.html[22m [2m(+5ms)[22m 
[2m18:38:52[22m   [34mΓö£ΓöÇ[39m [2m/tags/cnc/28/index.html[22m [2m(+7ms)[22m 
[2m18:38:52[22m   [34mΓö£ΓöÇ[39m [2m/tags/cnc/29/index.html[22m [2m(+4ms)[22m 
[2m18:38:52[22m   [34mΓö£ΓöÇ[39m [2m/tags/cnc/30/index.html[22m [2m(+4ms)[22m 
[2m18:38:52[22m   [34mΓö£ΓöÇ[39m [2m/tags/coleman/index.html[22m [2m(+4ms)[22m 
[2m18:38:52[22m   [34mΓö£ΓöÇ[39m [2m/tags/comfortmaker/index.html[22m [2m(+4ms)[22m 
[2m18:38:52[22m   [34mΓö£ΓöÇ[39m [2m/tags/commercial/index.html[22m [2m(+4ms)[22m 
[2m18:38:52[22m   [34mΓö£ΓöÇ[39m [2m/tags/commercial/2/index.html[22m [2m(+5ms)[22m 
[2m18:38:52[22m   [34mΓö£ΓöÇ[39m [2m/tags/commercial/3/index.html[22m [2m(+3ms)[22m 
[2m18:38:52[22m   [34mΓö£ΓöÇ[39m [2m/tags/commercial-hvac/index.html[22m [2m(+4ms)[22m 
[2m18:38:52[22m   [34mΓö£ΓöÇ[39m [2m/tags/commercial-hvac/2/index.html[22m [2m(+4ms)[22m 
[2m18:38:52[22m   [34mΓö£ΓöÇ[39m [2m/tags/commercial-hvac/3/index.html[22m [2m(+4ms)[22m 
[2m18:38:52[22m   [34mΓö£ΓöÇ[39m [2m/tags/commercial-hvac/4/index.html[22m [2m(+4ms)[22m 
[2m18:38:52[22m   [34mΓö£ΓöÇ[39m [2m/tags/commercial-hvac/5/index.html[22m [2m(+4ms)[22m 
[2m18:38:52[22m   [34mΓö£ΓöÇ[39m [2m/tags/commercial-kitchen/index.html[22m [2m(+6ms)[22m 
[2m18:38:52[22m   [34mΓö£ΓöÇ[39m [2m/tags/commercial-kitchen/2/index.html[22m [2m(+4ms)[22m 
[2m18:38:52[22m   [34mΓö£ΓöÇ[39m [2m/tags/commercial-refrigeration/index.html[22m [2m(+5ms)[22m 
[2m18:38:52[22m   [34mΓö£ΓöÇ[39m [2m/tags/commercial-refrigeration/2/index.html[22m [2m(+4ms)[22m 
[2m18:38:52[22m   [34mΓö£ΓöÇ[39m [2m/tags/communicating/index.html[22m [2m(+3ms)[22m 
[2m18:38:52[22m   [34mΓö£ΓöÇ[39m [2m/tags/communicating-system/index.html[22m [2m(+3ms)[22m 
[2m18:38:52[22m   [34mΓö£ΓöÇ[39m [2m/tags/communication/index.html[22m [2m(+4ms)[22m 
[2m18:38:52[22m   [34mΓö£ΓöÇ[39m [2m/tags/compair/index.html[22m [2m(+3ms)[22m 
[2m18:38:52[22m   [34mΓö£ΓöÇ[39m [2m/tags/compressor/index.html[22m [2m(+4ms)[22m 
[2m18:38:52[22m   [34mΓö£ΓöÇ[39m [2m/tags/compressor/2/index.html[22m [2m(+4ms)[22m 
[2m18:38:52[22m   [34mΓö£ΓöÇ[39m [2m/tags/compressor/3/index.html[22m [2m(+4ms)[22m 
[2m18:38:52[22m   [34mΓö£ΓöÇ[39m [2m/tags/compressor/4/index.html[22m [2m(+4ms)[22m 
[2m18:38:52[22m   [34mΓö£ΓöÇ[39m [2m/tags/compressor/5/index.html[22m [2m(+3ms)[22m 
[2m18:38:52[22m   [34mΓö£ΓöÇ[39m [2m/tags/compressors/index.html[22m [2m(+3ms)[22m 
[2m18:38:52[22m   [34mΓö£ΓöÇ[39m [2m/tags/condensate/index.html[22m [2m(+3ms)[22m 
[2m18:38:52[22m   [34mΓö£ΓöÇ[39m [2m/tags/continental/index.html[22m [2m(+3ms)[22m 
[2m18:38:52[22m   [34mΓö£ΓöÇ[39m [2m/tags/control/index.html[22m [2m(+21ms)[22m 
[2m18:38:52[22m   [34mΓö£ΓöÇ[39m [2m/tags/control-techniques/index.html[22m [2m(+5ms)[22m 
[2m18:38:52[22m   [34mΓö£ΓöÇ[39m [2m/tags/controller/index.html[22m [2m(+6ms)[22m 
[2m18:38:52[22m   [34mΓö£ΓöÇ[39m [2m/tags/controller/2/index.html[22m [2m(+3ms)[22m 
[2m18:38:52[22m   [34mΓö£ΓöÇ[39m [2m/tags/cooling-tower/index.html[22m [2m(+4ms)[22m 
[2m18:38:52[22m   [34mΓö£ΓöÇ[39m [2m/tags/cooper-hunter/index.html[22m [2m(+4ms)[22m 
[2m18:38:52[22m   [34mΓö£ΓöÇ[39m [2m/tags/copeland/index.html[22m [2m(+5ms)[22m 
[2m18:38:52[22m   [34mΓö£ΓöÇ[39m [2m/tags/cp1h/index.html[22m [2m(+3ms)[22m 
[2m18:38:52[22m   [34mΓö£ΓöÇ[39m [2m/tags/crown/index.html[22m [2m(+4ms)[22m 
[2m18:38:52[22m   [34mΓö£ΓöÇ[39m [2m/tags/crown-boiler/index.html[22m [2m(+4ms)[22m 
[2m18:38:52[22m   [34mΓö£ΓöÇ[39m [2m/tags/cummins/index.html[22m [2m(+4ms)[22m 
[2m18:38:52[22m   [34mΓö£ΓöÇ[39m [2m/tags/cutler-hammer/index.html[22m [2m(+3ms)[22m 
[2m18:38:52[22m   [34mΓö£ΓöÇ[39m [2m/tags/cyberpower/index.html[22m [2m(+3ms)[22m 
[2m18:38:52[22m   [34mΓö£ΓöÇ[39m [2m/tags/daikin/index.html[22m [2m(+5ms)[22m 
[2m18:38:52[22m   [34mΓö£ΓöÇ[39m [2m/tags/daikin/2/index.html[22m [2m(+5ms)[22m 
[2m18:38:52[22m   [34mΓö£ΓöÇ[39m [2m/tags/daikin/3/index.html[22m [2m(+6ms)[22m 
[2m18:38:52[22m   [34mΓö£ΓöÇ[39m [2m/tags/daikin/4/index.html[22m [2m(+5ms)[22m 
[2m18:38:52[22m   [34mΓö£ΓöÇ[39m [2m/tags/daikin/5/index.html[22m [2m(+5ms)[22m 
[2m18:38:52[22m   [34mΓö£ΓöÇ[39m [2m/tags/daikin-applied/index.html[22m [2m(+5ms)[22m 
[2m18:38:52[22m   [34mΓö£ΓöÇ[39m [2m/tags/danfoss/index.html[22m [2m(+5ms)[22m 
[2m18:38:52[22m   [34mΓö£ΓöÇ[39m [2m/tags/danfoss/2/index.html[22m [2m(+6ms)[22m 
[2m18:38:52[22m   [34mΓö£ΓöÇ[39m [2m/tags/danfoss/3/index.html[22m [2m(+5ms)[22m 
[2m18:38:52[22m   [34mΓö£ΓöÇ[39m [2m/tags/danfoss/4/index.html[22m [2m(+3ms)[22m 
[2m18:38:52[22m   [34mΓö£ΓöÇ[39m [2m/tags/dc-drive/index.html[22m [2m(+3ms)[22m 
[2m18:38:52[22m   [34mΓö£ΓöÇ[39m [2m/tags/dehumidifier/index.html[22m [2m(+3ms)[22m 
[2m18:38:52[22m   [34mΓö£ΓöÇ[39m [2m/tags/delfield/index.html[22m [2m(+3ms)[22m 
[2m18:38:52[22m   [34mΓö£ΓöÇ[39m [2m/tags/desigo/index.html[22m [2m(+3ms)[22m 
[2m18:38:52[22m   [34mΓö£ΓöÇ[39m [2m/tags/display-case/index.html[22m [2m(+2ms)[22m 
[2m18:38:52[22m   [34mΓö£ΓöÇ[39m [2m/tags/dixell/index.html[22m [2m(+3ms)[22m 
[2m18:38:52[22m   [34mΓö£ΓöÇ[39m [2m/tags/dmg-mori/index.html[22m [2m(+3ms)[22m 
[2m18:38:52[22m   [34mΓö£ΓöÇ[39m [2m/tags/doosan/index.html[22m [2m(+3ms)[22m 
[2m18:38:52[22m   [34mΓö£ΓöÇ[39m [2m/tags/drain/index.html[22m [2m(+3ms)[22m 
[2m18:38:52[22m   [34mΓö£ΓöÇ[39m [2m/tags/ducane/index.html[22m [2m(+3ms)[22m 
[2m18:38:52[22m   [34mΓö£ΓöÇ[39m [2m/tags/e2-controller/index.html[22m [2m(+3ms)[22m 
[2m18:38:52[22m   [34mΓö£ΓöÇ[39m [2m/tags/eaton/index.html[22m [2m(+6ms)[22m 
[2m18:38:52[22m   [34mΓö£ΓöÇ[39m [2m/tags/eaton/2/index.html[22m [2m(+4ms)[22m 
[2m18:38:52[22m   [34mΓö£ΓöÇ[39m [2m/tags/ecm-motor/index.html[22m [2m(+3ms)[22m 
[2m18:38:52[22m   [34mΓö£ΓöÇ[39m [2m/tags/ecobee/index.html[22m [2m(+3ms)[22m 
[2m18:38:52[22m   [34mΓö£ΓöÇ[39m [2m/tags/ecolab/index.html[22m [2m(+3ms)[22m 
[2m18:38:52[22m   [34mΓö£ΓöÇ[39m [2m/tags/edwards-est/index.html[22m [2m(+3ms)[22m 
[2m18:38:52[22m   [34mΓö£ΓöÇ[39m [2m/tags/eev/index.html[22m [2m(+3ms)[22m 
[2m18:38:52[22m   [34mΓö£ΓöÇ[39m [2m/tags/electrical/index.html[22m [2m(+4ms)[22m 
[2m18:38:52[22m   [34mΓö£ΓöÇ[39m [2m/tags/electrical/2/index.html[22m [2m(+4ms)[22m 
[2m18:38:52[22m   [34mΓö£ΓöÇ[39m [2m/tags/electrical/3/index.html[22m [2m(+4ms)[22m 
[2m18:38:52[22m   [34mΓö£ΓöÇ[39m [2m/tags/electrical/4/index.html[22m [2m(+4ms)[22m 
[2m18:38:52[22m   [34mΓö£ΓöÇ[39m [2m/tags/electrical/5/index.html[22m [2m(+4ms)[22m 
[2m18:38:52[22m   [34mΓö£ΓöÇ[39m [2m/tags/elevator/index.html[22m [2m(+4ms)[22m 
[2m18:38:52[22m   [34mΓö£ΓöÇ[39m [2m/tags/elevator/2/index.html[22m [2m(+3ms)[22m 
[2m18:38:52[22m   [34mΓö£ΓöÇ[39m [2m/tags/elgi/index.html[22m [2m(+3ms)[22m 
[2m18:38:52[22m   [34mΓö£ΓöÇ[39m [2m/tags/emerson/index.html[22m [2m(+4ms)[22m 
[2m18:38:52[22m   [34mΓö£ΓöÇ[39m [2m/tags/emerson/2/index.html[22m [2m(+4ms)[22m 
[2m18:38:52[22m   [34mΓö£ΓöÇ[39m [2m/tags/encoder/index.html[22m [2m(+3ms)[22m 
[2m18:38:52[22m   [34mΓö£ΓöÇ[39m [2m/tags/error-code/index.html[22m [2m(+4ms)[22m 
[2m18:38:52[22m   [34mΓö£ΓöÇ[39m [2m/tags/error-code/2/index.html[22m [2m(+4ms)[22m 
[2m18:38:52[22m   [34mΓö£ΓöÇ[39m [2m/tags/error-code/3/index.html[22m [2m(+4ms)[22m 
[2m18:38:52[22m   [34mΓö£ΓöÇ[39m [2m/tags/error-code/4/index.html[22m [2m(+4ms)[22m 
[2m18:38:52[22m   [34mΓö£ΓöÇ[39m [2m/tags/error-code/5/index.html[22m [2m(+3ms)[22m 
[2m18:38:52[22m   [34mΓö£ΓöÇ[39m [2m/tags/error-code/6/index.html[22m [2m(+5ms)[22m 
[2m18:38:52[22m   [34mΓö£ΓöÇ[39m [2m/tags/error-code/7/index.html[22m [2m(+4ms)[22m 
[2m18:38:52[22m   [34mΓö£ΓöÇ[39m [2m/tags/error-code/8/index.html[22m [2m(+3ms)[22m 
[2m18:38:52[22m   [34mΓö£ΓöÇ[39m [2m/tags/error-code/9/index.html[22m [2m(+4ms)[22m 
[2m18:38:52[22m   [34mΓö£ΓöÇ[39m [2m/tags/error-codes/index.html[22m [2m(+3ms)[22m 
[2m18:38:52[22m   [34mΓö£ΓöÇ[39m [2m/tags/esab/index.html[22m [2m(+4ms)[22m 
[2m18:38:52[22m   [34mΓö£ΓöÇ[39m [2m/tags/evapco/index.html[22m [2m(+3ms)[22m 
[2m18:38:52[22m   [34mΓö£ΓöÇ[39m [2m/tags/expansion-valve/index.html[22m [2m(+4ms)[22m 
[2m18:38:52[22m   [34mΓö£ΓöÇ[39m [2m/tags/fabrication/index.html[22m [2m(+3ms)[22m 
[2m18:38:52[22m   [34mΓö£ΓöÇ[39m [2m/tags/fan-control/index.html[22m [2m(+4ms)[22m 
[2m18:38:52[22m   [34mΓö£ΓöÇ[39m [2m/tags/fan-motor/index.html[22m [2m(+3ms)[22m 
[2m18:38:52[22m   [34mΓö£ΓöÇ[39m [2m/tags/fanuc/index.html[22m [2m(+4ms)[22m 
[2m18:38:52[22m   [34mΓö£ΓöÇ[39m [2m/tags/fanuc/2/index.html[22m [2m(+4ms)[22m 
[2m18:38:52[22m   [34mΓö£ΓöÇ[39m [2m/tags/fanuc/3/index.html[22m [2m(+4ms)[22m 
[2m18:38:52[22m   [34mΓö£ΓöÇ[39m [2m/tags/fanuc/4/index.html[22m [2m(+5ms)[22m 
[2m18:38:52[22m   [34mΓö£ΓöÇ[39m [2m/tags/fanuc/5/index.html[22m [2m(+6ms)[22m 
[2m18:38:52[22m   [34mΓö£ΓöÇ[39m [2m/tags/fanuc/6/index.html[22m [2m(+5ms)[22m 
[2m18:38:52[22m   [34mΓö£ΓöÇ[39m [2m/tags/fanuc/7/index.html[22m [2m(+5ms)[22m 
[2m18:38:52[22m   [34mΓö£ΓöÇ[39m [2m/tags/fanuc/8/index.html[22m [2m(+5ms)[22m 
[2m18:38:52[22m   [34mΓö£ΓöÇ[39m [2m/tags/fanuc/9/index.html[22m [2m(+4ms)[22m 
[2m18:38:52[22m   [34mΓö£ΓöÇ[39m [2m/tags/fault-code/index.html[22m [2m(+4ms)[22m 
[2m18:38:52[22m   [34mΓö£ΓöÇ[39m [2m/tags/fault-codes/index.html[22m [2m(+4ms)[22m 
[2m18:38:52[22m   [34mΓö£ΓöÇ[39m [2m/tags/festo/index.html[22m [2m(+4ms)[22m 
[2m18:38:52[22m   [34mΓö£ΓöÇ[39m [2m/tags/fire-alarm/index.html[22m [2m(+6ms)[22m 
[2m18:38:52[22m   [34mΓö£ΓöÇ[39m [2m/tags/fire-alarm/2/index.html[22m [2m(+4ms)[22m 
[2m18:38:52[22m   [34mΓö£ΓöÇ[39m [2m/tags/fisher/index.html[22m [2m(+4ms)[22m 
[2m18:38:52[22m   [34mΓö£ΓöÇ[39m [2m/tags/flame-loss/index.html[22m [2m(+3ms)[22m 
[2m18:38:52[22m   [34mΓö£ΓöÇ[39m [2m/tags/flame-sensor/index.html[22m [2m(+5ms)[22m 
[2m18:38:52[22m   [34mΓö£ΓöÇ[39m [2m/tags/flir/index.html[22m [2m(+3ms)[22m 
[2m18:38:52[22m   [34mΓö£ΓöÇ[39m [2m/tags/florida-heat-pump/index.html[22m [2m(+3ms)[22m 
[2m18:38:52[22m   [34mΓö£ΓöÇ[39m [2m/tags/flowserve/index.html[22m [2m(+4ms)[22m 
[2m18:38:52[22m   [34mΓö£ΓöÇ[39m [2m/tags/fluke/index.html[22m [2m(+5ms)[22m 
[2m18:38:52[22m   [34mΓö£ΓöÇ[39m [2m/tags/follett/index.html[22m [2m(+4ms)[22m 
[2m18:38:52[22m   [34mΓö£ΓöÇ[39m [2m/tags/following-error/index.html[22m [2m(+3ms)[22m 
[2m18:38:52[22m   [34mΓö£ΓöÇ[39m [2m/tags/food-service/index.html[22m [2m(+3ms)[22m 
[2m18:38:52[22m   [34mΓö£ΓöÇ[39m [2m/tags/foodservice/index.html[22m [2m(+4ms)[22m 
[2m18:38:52[22m   [34mΓö£ΓöÇ[39m [2m/tags/foodservice/2/index.html[22m [2m(+3ms)[22m 
[2m18:38:52[22m   [34mΓö£ΓöÇ[39m [2m/tags/forklift/index.html[22m [2m(+4ms)[22m 
[2m18:38:52[22m   [34mΓö£ΓöÇ[39m [2m/tags/forklift/2/index.html[22m [2m(+3ms)[22m 
[2m18:38:52[22m   [34mΓö£ΓöÇ[39m [2m/tags/freeze/index.html[22m [2m(+3ms)[22m 
[2m18:38:52[22m   [34mΓö£ΓöÇ[39m [2m/tags/frigidaire/index.html[22m [2m(+3ms)[22m 
[2m18:38:52[22m   [34mΓö£ΓöÇ[39m [2m/tags/frymaster/index.html[22m [2m(+3ms)[22m 
[2m18:38:52[22m   [34mΓö£ΓöÇ[39m [2m/tags/fs-elliott/index.html[22m [2m(+3ms)[22m 
[2m18:38:52[22m   [34mΓö£ΓöÇ[39m [2m/tags/fuji/index.html[22m [2m(+4ms)[22m 
[2m18:38:52[22m   [34mΓö£ΓöÇ[39m [2m/tags/fujimak/index.html[22m [2m(+5ms)[22m 
[2m18:38:52[22m   [34mΓö£ΓöÇ[39m [2m/tags/fujitsu/index.html[22m [2m(+4ms)[22m 
[2m18:38:52[22m   [34mΓö£ΓöÇ[39m [2m/tags/fujitsu/2/index.html[22m [2m(+3ms)[22m 
[2m18:38:52[22m   [34mΓö£ΓöÇ[39m [2m/tags/furnace/index.html[22m [2m(+4ms)[22m 
[2m18:38:52[22m   [34mΓö£ΓöÇ[39m [2m/tags/furnace/2/index.html[22m [2m(+4ms)[22m 
[2m18:38:52[22m   [34mΓö£ΓöÇ[39m [2m/tags/furnace/3/index.html[22m [2m(+4ms)[22m 
[2m18:38:52[22m   [34mΓö£ΓöÇ[39m [2m/tags/furnace/4/index.html[22m [2m(+4ms)[22m 
[2m18:38:52[22m   [34mΓö£ΓöÇ[39m [2m/tags/furnace/5/index.html[22m [2m(+4ms)[22m 
[2m18:38:52[22m   [34mΓö£ΓöÇ[39m [2m/tags/furnace/6/index.html[22m [2m(+4ms)[22m 
[2m18:38:52[22m   [34mΓö£ΓöÇ[39m [2m/tags/furnace/7/index.html[22m [2m(+5ms)[22m 
[2m18:38:52[22m   [34mΓö£ΓöÇ[39m [2m/tags/furnace/8/index.html[22m [2m(+5ms)[22m 
[2m18:38:52[22m   [34mΓö£ΓöÇ[39m [2m/tags/furnace/9/index.html[22m [2m(+5ms)[22m 
[2m18:38:52[22m   [34mΓö£ΓöÇ[39m [2m/tags/furnace/10/index.html[22m [2m(+4ms)[22m 
[2m18:38:52[22m   [34mΓö£ΓöÇ[39m [2m/tags/furnace/11/index.html[22m [2m(+26ms)[22m 
[2m18:38:52[22m   [34mΓö£ΓöÇ[39m [2m/tags/furnace/12/index.html[22m [2m(+6ms)[22m 
[2m18:38:52[22m   [34mΓö£ΓöÇ[39m [2m/tags/furnace/13/index.html[22m [2m(+5ms)[22m 
[2m18:38:52[22m   [34mΓö£ΓöÇ[39m [2m/tags/furnace/14/index.html[22m [2m(+4ms)[22m 
[2m18:38:52[22m   [34mΓö£ΓöÇ[39m [2m/tags/furnace/15/index.html[22m [2m(+3ms)[22m 
[2m18:38:52[22m   [34mΓö£ΓöÇ[39m [2m/tags/gardner-denver/index.html[22m [2m(+3ms)[22m 
[2m18:38:52[22m   [34mΓö£ΓöÇ[39m [2m/tags/garland/index.html[22m [2m(+3ms)[22m 
[2m18:38:52[22m   [34mΓö£ΓöÇ[39m [2m/tags/gas/index.html[22m [2m(+4ms)[22m 
[2m18:38:52[22m   [34mΓö£ΓöÇ[39m [2m/tags/gas-valve/index.html[22m [2m(+4ms)[22m 
[2m18:38:52[22m   [34mΓö£ΓöÇ[39m [2m/tags/ge/index.html[22m [2m(+3ms)[22m 
[2m18:38:52[22m   [34mΓö£ΓöÇ[39m [2m/tags/ge-multilin/index.html[22m [2m(+4ms)[22m 
[2m18:38:52[22m   [34mΓö£ΓöÇ[39m [2m/tags/generac/index.html[22m [2m(+3ms)[22m 
[2m18:38:52[22m   [34mΓö£ΓöÇ[39m [2m/tags/generator/index.html[22m [2m(+4ms)[22m 
[2m18:38:52[22m   [34mΓö£ΓöÇ[39m [2m/tags/generator/2/index.html[22m [2m(+3ms)[22m 
[2m18:38:52[22m   [34mΓö£ΓöÇ[39m [2m/tags/geothermal/index.html[22m [2m(+4ms)[22m 
[2m18:38:52[22m   [34mΓö£ΓöÇ[39m [2m/tags/geothermal/2/index.html[22m [2m(+3ms)[22m 
[2m18:38:52[22m   [34mΓö£ΓöÇ[39m [2m/tags/getinge/index.html[22m [2m(+3ms)[22m 
[2m18:38:52[22m   [34mΓö£ΓöÇ[39m [2m/tags/gibson/index.html[22m [2m(+3ms)[22m 
[2m18:38:52[22m   [34mΓö£ΓöÇ[39m [2m/tags/goodman/index.html[22m [2m(+5ms)[22m 
[2m18:38:52[22m   [34mΓö£ΓöÇ[39m [2m/tags/goodman/2/index.html[22m [2m(+4ms)[22m 
[2m18:38:52[22m   [34mΓö£ΓöÇ[39m [2m/tags/goodman/3/index.html[22m [2m(+5ms)[22m 
[2m18:38:52[22m   [34mΓö£ΓöÇ[39m [2m/tags/goodman/4/index.html[22m [2m(+5ms)[22m 
[2m18:38:52[22m   [34mΓö£ΓöÇ[39m [2m/tags/goodman/5/index.html[22m [2m(+4ms)[22m 
[2m18:38:52[22m   [34mΓö£ΓöÇ[39m [2m/tags/goodman/6/index.html[22m [2m(+4ms)[22m 
[2m18:38:52[22m   [34mΓö£ΓöÇ[39m [2m/tags/goodman/7/index.html[22m [2m(+4ms)[22m 
[2m18:38:52[22m   [34mΓö£ΓöÇ[39m [2m/tags/gree/index.html[22m [2m(+4ms)[22m 
[2m18:38:52[22m   [34mΓö£ΓöÇ[39m [2m/tags/grocery/index.html[22m [2m(+3ms)[22m 
[2m18:38:52[22m   [34mΓö£ΓöÇ[39m [2m/tags/ground-fault/index.html[22m [2m(+4ms)[22m 
[2m18:38:52[22m   [34mΓö£ΓöÇ[39m [2m/tags/grundfos/index.html[22m [2m(+3ms)[22m 
[2m18:38:52[22m   [34mΓö£ΓöÇ[39m [2m/tags/haas/index.html[22m [2m(+4ms)[22m 
[2m18:38:52[22m   [34mΓö£ΓöÇ[39m [2m/tags/haas/2/index.html[22m [2m(+4ms)[22m 
[2m18:38:52[22m   [34mΓö£ΓöÇ[39m [2m/tags/haas/3/index.html[22m [2m(+4ms)[22m 
[2m18:38:52[22m   [34mΓö£ΓöÇ[39m [2m/tags/haas/4/index.html[22m [2m(+4ms)[22m 
[2m18:38:52[22m   [34mΓö£ΓöÇ[39m [2m/tags/haas/5/index.html[22m [2m(+4ms)[22m 
[2m18:38:52[22m   [34mΓö£ΓöÇ[39m [2m/tags/haas/6/index.html[22m [2m(+4ms)[22m 
[2m18:38:52[22m   [34mΓö£ΓöÇ[39m [2m/tags/haas/7/index.html[22m [2m(+5ms)[22m 
[2m18:38:52[22m   [34mΓö£ΓöÇ[39m [2m/tags/haas/8/index.html[22m [2m(+4ms)[22m 
[2m18:38:52[22m   [34mΓö£ΓöÇ[39m [2m/tags/haas/9/index.html[22m [2m(+4ms)[22m 
[2m18:38:52[22m   [34mΓö£ΓöÇ[39m [2m/tags/heat-pump/index.html[22m [2m(+4ms)[22m 
[2m18:38:52[22m   [34mΓö£ΓöÇ[39m [2m/tags/heat-pump/2/index.html[22m [2m(+4ms)[22m 
[2m18:38:52[22m   [34mΓö£ΓöÇ[39m [2m/tags/heat-pump/3/index.html[22m [2m(+4ms)[22m 
[2m18:38:52[22m   [34mΓö£ΓöÇ[39m [2m/tags/heat-pump/4/index.html[22m [2m(+4ms)[22m 
[2m18:38:52[22m   [34mΓö£ΓöÇ[39m [2m/tags/heatcraft/index.html[22m [2m(+4ms)[22m 
[2m18:38:52[22m   [34mΓö£ΓöÇ[39m [2m/tags/heatcraft/2/index.html[22m [2m(+3ms)[22m 
[2m18:38:52[22m   [34mΓö£ΓöÇ[39m [2m/tags/heating/index.html[22m [2m(+3ms)[22m 
[2m18:38:52[22m   [34mΓö£ΓöÇ[39m [2m/tags/heidenhain/index.html[22m [2m(+4ms)[22m 
[2m18:38:52[22m   [34mΓö£ΓöÇ[39m [2m/tags/heil/index.html[22m [2m(+4ms)[22m 
[2m18:38:52[22m   [34mΓö£ΓöÇ[39m [2m/tags/henny-penny/index.html[22m [2m(+4ms)[22m 
[2m18:38:52[22m   [34mΓö£ΓöÇ[39m [2m/tags/high-limit/index.html[22m [2m(+4ms)[22m 
[2m18:38:52[22m   [34mΓö£ΓöÇ[39m [2m/tags/high-pressure/index.html[22m [2m(+3ms)[22m 
[2m18:38:52[22m   [34mΓö£ΓöÇ[39m [2m/tags/hill-phoenix/index.html[22m [2m(+3ms)[22m 
[2m18:38:52[22m   [34mΓö£ΓöÇ[39m [2m/tags/hitachi/index.html[22m [2m(+3ms)[22m 
[2m18:38:52[22m   [34mΓö£ΓöÇ[39m [2m/tags/hobart/index.html[22m [2m(+3ms)[22m 
[2m18:38:52[22m   [34mΓö£ΓöÇ[39m [2m/tags/honeywell/index.html[22m [2m(+4ms)[22m 
[2m18:38:52[22m   [34mΓö£ΓöÇ[39m [2m/tags/honeywell/2/index.html[22m [2m(+5ms)[22m 
[2m18:38:52[22m   [34mΓö£ΓöÇ[39m [2m/tags/hoshizaki/index.html[22m [2m(+4ms)[22m 
[2m18:38:52[22m   [34mΓö£ΓöÇ[39m [2m/tags/hoshizaki/2/index.html[22m [2m(+4ms)[22m 
[2m18:38:52[22m   [34mΓö£ΓöÇ[39m [2m/tags/hoshizaki/3/index.html[22m [2m(+4ms)[22m 
[2m18:38:52[22m   [34mΓö£ΓöÇ[39m [2m/tags/hoshizaki/4/index.html[22m [2m(+5ms)[22m 
[2m18:38:52[22m   [34mΓö£ΓöÇ[39m [2m/tags/hoshizaki/5/index.html[22m [2m(+4ms)[22m 
[2m18:38:52[22m   [34mΓö£ΓöÇ[39m [2m/tags/humidifier/index.html[22m [2m(+4ms)[22m 
[2m18:38:52[22m   [34mΓö£ΓöÇ[39m [2m/tags/hussmann/index.html[22m [2m(+4ms)[22m 
[2m18:38:52[22m   [34mΓö£ΓöÇ[39m [2m/tags/hvac/index.html[22m [2m(+4ms)[22m 
[2m18:38:52[22m   [34mΓö£ΓöÇ[39m [2m/tags/hvac/2/index.html[22m [2m(+4ms)[22m 
[2m18:38:53[22m   [34mΓö£ΓöÇ[39m [2m/tags/hvac/3/index.html[22m [2m(+5ms)[22m 
[2m18:38:53[22m   [34mΓö£ΓöÇ[39m [2m/tags/hvac/4/index.html[22m [2m(+5ms)[22m 
[2m18:38:53[22m   [34mΓö£ΓöÇ[39m [2m/tags/hvac/5/index.html[22m [2m(+4ms)[22m 
[2m18:38:53[22m   [34mΓö£ΓöÇ[39m [2m/tags/hvac/6/index.html[22m [2m(+4ms)[22m 
[2m18:38:53[22m   [34mΓö£ΓöÇ[39m [2m/tags/hvac/7/index.html[22m [2m(+8ms)[22m 
[2m18:38:53[22m   [34mΓö£ΓöÇ[39m [2m/tags/hvac/8/index.html[22m [2m(+5ms)[22m 
[2m18:38:53[22m   [34mΓö£ΓöÇ[39m [2m/tags/hvac/9/index.html[22m [2m(+5ms)[22m 
[2m18:38:53[22m   [34mΓö£ΓöÇ[39m [2m/tags/hvac/10/index.html[22m [2m(+4ms)[22m 
[2m18:38:53[22m   [34mΓö£ΓöÇ[39m [2m/tags/hvac/11/index.html[22m [2m(+4ms)[22m 
[2m18:38:53[22m   [34mΓö£ΓöÇ[39m [2m/tags/hvac/12/index.html[22m [2m(+4ms)[22m 
[2m18:38:53[22m   [34mΓö£ΓöÇ[39m [2m/tags/hvac/13/index.html[22m [2m(+4ms)[22m 
[2m18:38:53[22m   [34mΓö£ΓöÇ[39m [2m/tags/hvac/14/index.html[22m [2m(+4ms)[22m 
[2m18:38:53[22m   [34mΓö£ΓöÇ[39m [2m/tags/hvac/15/index.html[22m [2m(+242ms)[22m 
[2m18:38:53[22m   [34mΓö£ΓöÇ[39m [2m/tags/hvac/16/index.html[22m [2m(+5ms)[22m 
[2m18:38:53[22m   [34mΓö£ΓöÇ[39m [2m/tags/hvac/17/index.html[22m [2m(+4ms)[22m 
[2m18:38:53[22m   [34mΓö£ΓöÇ[39m [2m/tags/hvac/18/index.html[22m [2m(+5ms)[22m 
[2m18:38:53[22m   [34mΓö£ΓöÇ[39m [2m/tags/hvac/19/index.html[22m [2m(+5ms)[22m 
[2m18:38:53[22m   [34mΓö£ΓöÇ[39m [2m/tags/hvac/20/index.html[22m [2m(+4ms)[22m 
[2m18:38:53[22m   [34mΓö£ΓöÇ[39m [2m/tags/hvac/21/index.html[22m [2m(+4ms)[22m 
[2m18:38:53[22m   [34mΓö£ΓöÇ[39m [2m/tags/hvac/22/index.html[22m [2m(+4ms)[22m 
[2m18:38:53[22m   [34mΓö£ΓöÇ[39m [2m/tags/hvac/23/index.html[22m [2m(+4ms)[22m 
[2m18:38:53[22m   [34mΓö£ΓöÇ[39m [2m/tags/hvac/24/index.html[22m [2m(+4ms)[22m 
[2m18:38:53[22m   [34mΓö£ΓöÇ[39m [2m/tags/hvac/25/index.html[22m [2m(+5ms)[22m 
[2m18:38:53[22m   [34mΓö£ΓöÇ[39m [2m/tags/hvac/26/index.html[22m [2m(+5ms)[22m 
[2m18:38:53[22m   [34mΓö£ΓöÇ[39m [2m/tags/hvac/27/index.html[22m [2m(+4ms)[22m 
[2m18:38:53[22m   [34mΓö£ΓöÇ[39m [2m/tags/hvac/28/index.html[22m [2m(+4ms)[22m 
[2m18:38:53[22m   [34mΓö£ΓöÇ[39m [2m/tags/hvac/29/index.html[22m [2m(+4ms)[22m 
[2m18:38:53[22m   [34mΓö£ΓöÇ[39m [2m/tags/hvac/30/index.html[22m [2m(+4ms)[22m 
[2m18:38:53[22m   [34mΓö£ΓöÇ[39m [2m/tags/hvac/31/index.html[22m [2m(+4ms)[22m 
[2m18:38:53[22m   [34mΓö£ΓöÇ[39m [2m/tags/hvac/32/index.html[22m [2m(+3ms)[22m 
[2m18:38:53[22m   [34mΓö£ΓöÇ[39m [2m/tags/hvac/33/index.html[22m [2m(+4ms)[22m 
[2m18:38:53[22m   [34mΓö£ΓöÇ[39m [2m/tags/hvac/34/index.html[22m [2m(+5ms)[22m 
[2m18:38:53[22m   [34mΓö£ΓöÇ[39m [2m/tags/hvac/35/index.html[22m [2m(+4ms)[22m 
[2m18:38:53[22m   [34mΓö£ΓöÇ[39m [2m/tags/hvac/36/index.html[22m [2m(+4ms)[22m 
[2m18:38:53[22m   [34mΓö£ΓöÇ[39m [2m/tags/hvac/37/index.html[22m [2m(+3ms)[22m 
[2m18:38:53[22m   [34mΓö£ΓöÇ[39m [2m/tags/hvac/38/index.html[22m [2m(+3ms)[22m 
[2m18:38:53[22m   [34mΓö£ΓöÇ[39m [2m/tags/hvac/39/index.html[22m [2m(+4ms)[22m 
[2m18:38:53[22m   [34mΓö£ΓöÇ[39m [2m/tags/hvac/40/index.html[22m [2m(+4ms)[22m 
[2m18:38:53[22m   [34mΓö£ΓöÇ[39m [2m/tags/hvac/41/index.html[22m [2m(+5ms)[22m 
[2m18:38:53[22m   [34mΓö£ΓöÇ[39m [2m/tags/hvac/42/index.html[22m [2m(+33ms)[22m 
[2m18:38:53[22m   [34mΓö£ΓöÇ[39m [2m/tags/hvac/43/index.html[22m [2m(+5ms)[22m 
[2m18:38:53[22m   [34mΓö£ΓöÇ[39m [2m/tags/hvac/44/index.html[22m [2m(+4ms)[22m 
[2m18:38:53[22m   [34mΓö£ΓöÇ[39m [2m/tags/hvac/45/index.html[22m [2m(+5ms)[22m 
[2m18:38:53[22m   [34mΓö£ΓöÇ[39m [2m/tags/hvac/46/index.html[22m [2m(+4ms)[22m 
[2m18:38:53[22m   [34mΓö£ΓöÇ[39m [2m/tags/hvac/47/index.html[22m [2m(+4ms)[22m 
[2m18:38:53[22m   [34mΓö£ΓöÇ[39m [2m/tags/hvac/48/index.html[22m [2m(+4ms)[22m 
[2m18:38:53[22m   [34mΓö£ΓöÇ[39m [2m/tags/hvac/49/index.html[22m [2m(+4ms)[22m 
[2m18:38:53[22m   [34mΓö£ΓöÇ[39m [2m/tags/hvac/50/index.html[22m [2m(+4ms)[22m 
[2m18:38:53[22m   [34mΓö£ΓöÇ[39m [2m/tags/hvac/51/index.html[22m [2m(+4ms)[22m 
[2m18:38:53[22m   [34mΓö£ΓöÇ[39m [2m/tags/hvac/52/index.html[22m [2m(+4ms)[22m 
[2m18:38:53[22m   [34mΓö£ΓöÇ[39m [2m/tags/hvac/53/index.html[22m [2m(+3ms)[22m 
[2m18:38:53[22m   [34mΓö£ΓöÇ[39m [2m/tags/hvac/54/index.html[22m [2m(+3ms)[22m 
[2m18:38:53[22m   [34mΓö£ΓöÇ[39m [2m/tags/hvac/55/index.html[22m [2m(+4ms)[22m 
[2m18:38:53[22m   [34mΓö£ΓöÇ[39m [2m/tags/hvac/56/index.html[22m [2m(+3ms)[22m 
[2m18:38:53[22m   [34mΓö£ΓöÇ[39m [2m/tags/hvac/57/index.html[22m [2m(+3ms)[22m 
[2m18:38:53[22m   [34mΓö£ΓöÇ[39m [2m/tags/hvac/58/index.html[22m [2m(+3ms)[22m 
[2m18:38:53[22m   [34mΓö£ΓöÇ[39m [2m/tags/hvac/59/index.html[22m [2m(+4ms)[22m 
[2m18:38:53[22m   [34mΓö£ΓöÇ[39m [2m/tags/hvac/60/index.html[22m [2m(+4ms)[22m 
[2m18:38:53[22m   [34mΓö£ΓöÇ[39m [2m/tags/hvac/61/index.html[22m [2m(+4ms)[22m 
[2m18:38:53[22m   [34mΓö£ΓöÇ[39m [2m/tags/hvac/62/index.html[22m [2m(+4ms)[22m 
[2m18:38:53[22m   [34mΓö£ΓöÇ[39m [2m/tags/hvac/63/index.html[22m [2m(+4ms)[22m 
[2m18:38:53[22m   [34mΓö£ΓöÇ[39m [2m/tags/hvac/64/index.html[22m [2m(+4ms)[22m 
[2m18:38:53[22m   [34mΓö£ΓöÇ[39m [2m/tags/hvac/65/index.html[22m [2m(+4ms)[22m 
[2m18:38:53[22m   [34mΓö£ΓöÇ[39m [2m/tags/hvac/66/index.html[22m [2m(+4ms)[22m 
[2m18:38:53[22m   [34mΓö£ΓöÇ[39m [2m/tags/hvac/67/index.html[22m [2m(+4ms)[22m 
[2m18:38:53[22m   [34mΓö£ΓöÇ[39m [2m/tags/hvac/68/index.html[22m [2m(+5ms)[22m 
[2m18:38:53[22m   [34mΓö£ΓöÇ[39m [2m/tags/hvac/69/index.html[22m [2m(+4ms)[22m 
[2m18:38:53[22m   [34mΓö£ΓöÇ[39m [2m/tags/hvac/70/index.html[22m [2m(+4ms)[22m 
[2m18:38:53[22m   [34mΓö£ΓöÇ[39m [2m/tags/hvac/71/index.html[22m [2m(+5ms)[22m 
[2m18:38:53[22m   [34mΓö£ΓöÇ[39m [2m/tags/hvac/72/index.html[22m [2m(+4ms)[22m 
[2m18:38:53[22m   [34mΓö£ΓöÇ[39m [2m/tags/hvac/73/index.html[22m [2m(+4ms)[22m 
[2m18:38:53[22m   [34mΓö£ΓöÇ[39m [2m/tags/hvac/74/index.html[22m [2m(+4ms)[22m 
[2m18:38:53[22m   [34mΓö£ΓöÇ[39m [2m/tags/hvac/75/index.html[22m [2m(+5ms)[22m 
[2m18:38:53[22m   [34mΓö£ΓöÇ[39m [2m/tags/hvac/76/index.html[22m [2m(+4ms)[22m 
[2m18:38:53[22m   [34mΓö£ΓöÇ[39m [2m/tags/hvac/77/index.html[22m [2m(+5ms)[22m 
[2m18:38:53[22m   [34mΓö£ΓöÇ[39m [2m/tags/hvac/78/index.html[22m [2m(+4ms)[22m 
[2m18:38:53[22m   [34mΓö£ΓöÇ[39m [2m/tags/hvac/79/index.html[22m [2m(+3ms)[22m 
[2m18:38:53[22m   [34mΓö£ΓöÇ[39m [2m/tags/hydraulics/index.html[22m [2m(+4ms)[22m 
[2m18:38:53[22m   [34mΓö£ΓöÇ[39m [2m/tags/hydraulics/2/index.html[22m [2m(+4ms)[22m 
[2m18:38:53[22m   [34mΓö£ΓöÇ[39m [2m/tags/hydronic/index.html[22m [2m(+3ms)[22m 
[2m18:38:53[22m   [34mΓö£ΓöÇ[39m [2m/tags/hydrotherm/index.html[22m [2m(+3ms)[22m 
[2m18:38:53[22m   [34mΓö£ΓöÇ[39m [2m/tags/hypertherm/index.html[22m [2m(+3ms)[22m 
[2m18:38:53[22m   [34mΓö£ΓöÇ[39m [2m/tags/hyster/index.html[22m [2m(+3ms)[22m 
[2m18:38:53[22m   [34mΓö£ΓöÇ[39m [2m/tags/ice-machine/index.html[22m [2m(+4ms)[22m 
[2m18:38:53[22m   [34mΓö£ΓöÇ[39m [2m/tags/ice-machine/2/index.html[22m [2m(+4ms)[22m 
[2m18:38:53[22m   [34mΓö£ΓöÇ[39m [2m/tags/ice-machine/3/index.html[22m [2m(+6ms)[22m 
[2m18:38:53[22m   [34mΓö£ΓöÇ[39m [2m/tags/ice-machine/4/index.html[22m [2m(+3ms)[22m 
[2m18:38:53[22m   [34mΓö£ΓöÇ[39m [2m/tags/ice-o-matic/index.html[22m [2m(+4ms)[22m 
[2m18:38:53[22m   [34mΓö£ΓöÇ[39m [2m/tags/icomfort/index.html[22m [2m(+3ms)[22m 
[2m18:38:53[22m   [34mΓö£ΓöÇ[39m [2m/tags/icp/index.html[22m [2m(+3ms)[22m 
[2m18:38:53[22m   [34mΓö£ΓöÇ[39m [2m/tags/ignition/index.html[22m [2m(+4ms)[22m 
[2m18:38:53[22m   [34mΓö£ΓöÇ[39m [2m/tags/ignition/2/index.html[22m [2m(+5ms)[22m 
[2m18:38:53[22m   [34mΓö£ΓöÇ[39m [2m/tags/ignition/3/index.html[22m [2m(+3ms)[22m 
[2m18:38:53[22m   [34mΓö£ΓöÇ[39m [2m/tags/iharmony/index.html[22m [2m(+3ms)[22m 
[2m18:38:53[22m   [34mΓö£ΓöÇ[39m [2m/tags/inducer/index.html[22m [2m(+4ms)[22m 
[2m18:38:53[22m   [34mΓö£ΓöÇ[39m [2m/tags/industrial/index.html[22m [2m(+4ms)[22m 
[2m18:38:53[22m   [34mΓö£ΓöÇ[39m [2m/tags/industrial/2/index.html[22m [2m(+3ms)[22m 
[2m18:38:53[22m   [34mΓö£ΓöÇ[39m [2m/tags/industrial/3/index.html[22m [2m(+4ms)[22m 
[2m18:38:53[22m   [34mΓö£ΓöÇ[39m [2m/tags/industrial/4/index.html[22m [2m(+4ms)[22m 
[2m18:38:53[22m   [34mΓö£ΓöÇ[39m [2m/tags/industrial/5/index.html[22m [2m(+4ms)[22m 
[2m18:38:53[22m   [34mΓö£ΓöÇ[39m [2m/tags/industrial/6/index.html[22m [2m(+4ms)[22m 
[2m18:38:53[22m   [34mΓö£ΓöÇ[39m [2m/tags/industrial/7/index.html[22m [2m(+3ms)[22m 
[2m18:38:53[22m   [34mΓö£ΓöÇ[39m [2m/tags/industrial/8/index.html[22m [2m(+4ms)[22m 
[2m18:38:53[22m   [34mΓö£ΓöÇ[39m [2m/tags/industrial/9/index.html[22m [2m(+5ms)[22m 
[2m18:38:53[22m   [34mΓö£ΓöÇ[39m [2m/tags/industrial/10/index.html[22m [2m(+5ms)[22m 
[2m18:38:53[22m   [34mΓö£ΓöÇ[39m [2m/tags/industrial/11/index.html[22m [2m(+4ms)[22m 
[2m18:38:53[22m   [34mΓö£ΓöÇ[39m [2m/tags/industrial/12/index.html[22m [2m(+3ms)[22m 
[2m18:38:53[22m   [34mΓö£ΓöÇ[39m [2m/tags/industrial/13/index.html[22m [2m(+4ms)[22m 
[2m18:38:53[22m   [34mΓö£ΓöÇ[39m [2m/tags/industrial/14/index.html[22m [2m(+4ms)[22m 
[2m18:38:53[22m   [34mΓö£ΓöÇ[39m [2m/tags/industrial/15/index.html[22m [2m(+4ms)[22m 
[2m18:38:53[22m   [34mΓö£ΓöÇ[39m [2m/tags/industrial/16/index.html[22m [2m(+4ms)[22m 
[2m18:38:53[22m   [34mΓö£ΓöÇ[39m [2m/tags/industrial/17/index.html[22m [2m(+3ms)[22m 
[2m18:38:53[22m   [34mΓö£ΓöÇ[39m [2m/tags/industrial/18/index.html[22m [2m(+3ms)[22m 
[2m18:38:53[22m   [34mΓö£ΓöÇ[39m [2m/tags/industrial/19/index.html[22m [2m(+4ms)[22m 
[2m18:38:53[22m   [34mΓö£ΓöÇ[39m [2m/tags/industrial/20/index.html[22m [2m(+4ms)[22m 
[2m18:38:53[22m   [34mΓö£ΓöÇ[39m [2m/tags/industrial/21/index.html[22m [2m(+3ms)[22m 
[2m18:38:53[22m   [34mΓö£ΓöÇ[39m [2m/tags/infinity/index.html[22m [2m(+3ms)[22m 
[2m18:38:53[22m   [34mΓö£ΓöÇ[39m [2m/tags/infinity-system/index.html[22m [2m(+3ms)[22m 
[2m18:38:53[22m   [34mΓö£ΓöÇ[39m [2m/tags/ingersoll-rand/index.html[22m [2m(+3ms)[22m 
[2m18:38:53[22m   [34mΓö£ΓöÇ[39m [2m/tags/instrument/index.html[22m [2m(+3ms)[22m 
[2m18:38:53[22m   [34mΓö£ΓöÇ[39m [2m/tags/instruments/index.html[22m [2m(+4ms)[22m 
[2m18:38:53[22m   [34mΓö£ΓöÇ[39m [2m/tags/instruments/2/index.html[22m [2m(+3ms)[22m 
[2m18:38:53[22m   [34mΓö£ΓöÇ[39m [2m/tags/inverter/index.html[22m [2m(+3ms)[22m 
[2m18:38:53[22m   [34mΓö£ΓöÇ[39m [2m/tags/ir33/index.html[22m [2m(+3ms)[22m 
[2m18:38:53[22m   [34mΓö£ΓöÇ[39m [2m/tags/jackson/index.html[22m [2m(+4ms)[22m 
[2m18:38:53[22m   [34mΓö£ΓöÇ[39m [2m/tags/johnson-controls/index.html[22m [2m(+4ms)[22m 
[2m18:38:53[22m   [34mΓö£ΓöÇ[39m [2m/tags/kaeser/index.html[22m [2m(+3ms)[22m 
[2m18:38:53[22m   [34mΓö£ΓöÇ[39m [2m/tags/kb-electronics/index.html[22m [2m(+3ms)[22m 
[2m18:38:53[22m   [34mΓö£ΓöÇ[39m [2m/tags/keeprite/index.html[22m [2m(+3ms)[22m 
[2m18:38:53[22m   [34mΓö£ΓöÇ[39m [2m/tags/klimaire/index.html[22m [2m(+3ms)[22m 
[2m18:38:53[22m   [34mΓö£ΓöÇ[39m [2m/tags/kohler/index.html[22m [2m(+3ms)[22m 
[2m18:38:53[22m   [34mΓö£ΓöÇ[39m [2m/tags/kone/index.html[22m [2m(+3ms)[22m 
[2m18:38:53[22m   [34mΓö£ΓöÇ[39m [2m/tags/larkin/index.html[22m [2m(+3ms)[22m 
[2m18:38:53[22m   [34mΓö£ΓöÇ[39m [2m/tags/lathe/index.html[22m [2m(+3ms)[22m 
[2m18:38:53[22m   [34mΓö£ΓöÇ[39m [2m/tags/lennox/index.html[22m [2m(+5ms)[22m 
[2m18:38:53[22m   [34mΓö£ΓöÇ[39m [2m/tags/lennox/2/index.html[22m [2m(+4ms)[22m 
[2m18:38:53[22m   [34mΓö£ΓöÇ[39m [2m/tags/lennox/3/index.html[22m [2m(+4ms)[22m 
[2m18:38:53[22m   [34mΓö£ΓöÇ[39m [2m/tags/lennox/4/index.html[22m [2m(+3ms)[22m 
[2m18:38:53[22m   [34mΓö£ΓöÇ[39m [2m/tags/lennox/5/index.html[22m [2m(+5ms)[22m 
[2m18:38:53[22m   [34mΓö£ΓöÇ[39m [2m/tags/lennox/6/index.html[22m [2m(+4ms)[22m 
[2m18:38:53[22m   [34mΓö£ΓöÇ[39m [2m/tags/lennox/7/index.html[22m [2m(+5ms)[22m 
[2m18:38:53[22m   [34mΓö£ΓöÇ[39m [2m/tags/lennox/8/index.html[22m [2m(+5ms)[22m 
[2m18:38:53[22m   [34mΓö£ΓöÇ[39m [2m/tags/lennox/9/index.html[22m [2m(+4ms)[22m 
[2m18:38:53[22m   [34mΓö£ΓöÇ[39m [2m/tags/lenze/index.html[22m [2m(+21ms)[22m 
[2m18:38:53[22m   [34mΓö£ΓöÇ[39m [2m/tags/leroy-somer/index.html[22m [2m(+3ms)[22m 
[2m18:38:53[22m   [34mΓö£ΓöÇ[39m [2m/tags/lg/index.html[22m [2m(+4ms)[22m 
[2m18:38:53[22m   [34mΓö£ΓöÇ[39m [2m/tags/lg/2/index.html[22m [2m(+5ms)[22m 
[2m18:38:53[22m   [34mΓö£ΓöÇ[39m [2m/tags/lg/3/index.html[22m [2m(+4ms)[22m 
[2m18:38:53[22m   [34mΓö£ΓöÇ[39m [2m/tags/liebert/index.html[22m [2m(+3ms)[22m 
[2m18:38:53[22m   [34mΓö£ΓöÇ[39m [2m/tags/lift/index.html[22m [2m(+4ms)[22m 
[2m18:38:53[22m   [34mΓö£ΓöÇ[39m [2m/tags/lift/2/index.html[22m [2m(+4ms)[22m 
[2m18:38:53[22m   [34mΓö£ΓöÇ[39m [2m/tags/limit-switch/index.html[22m [2m(+4ms)[22m 
[2m18:38:53[22m   [34mΓö£ΓöÇ[39m [2m/tags/limit-switch/2/index.html[22m [2m(+4ms)[22m 
[2m18:38:53[22m   [34mΓö£ΓöÇ[39m [2m/tags/lincoln/index.html[22m [2m(+4ms)[22m 
[2m18:38:53[22m   [34mΓö£ΓöÇ[39m [2m/tags/lincoln-electric/index.html[22m [2m(+4ms)[22m 
[2m18:38:53[22m   [34mΓö£ΓöÇ[39m [2m/tags/lincoln-electric/2/index.html[22m [2m(+3ms)[22m 
[2m18:38:53[22m   [34mΓö£ΓöÇ[39m [2m/tags/lochinvar/index.html[22m [2m(+5ms)[22m 
[2m18:38:53[22m   [34mΓö£ΓöÇ[39m [2m/tags/lochinvar/2/index.html[22m [2m(+3ms)[22m 
[2m18:38:53[22m   [34mΓö£ΓöÇ[39m [2m/tags/lockout/index.html[22m [2m(+3ms)[22m 
[2m18:38:53[22m   [34mΓö£ΓöÇ[39m [2m/tags/lockout/2/index.html[22m [2m(+3ms)[22m 
[2m18:38:53[22m   [34mΓö£ΓöÇ[39m [2m/tags/lookup/index.html[22m [2m(+5ms)[22m 
[2m18:38:53[22m   [34mΓö£ΓöÇ[39m [2m/tags/lookup/2/index.html[22m [2m(+4ms)[22m 
[2m18:38:53[22m   [34mΓö£ΓöÇ[39m [2m/tags/luxaire/index.html[22m [2m(+3ms)[22m 
[2m18:38:53[22m   [34mΓö£ΓöÇ[39m [2m/tags/m340/index.html[22m [2m(+3ms)[22m 
[2m18:38:53[22m   [34mΓö£ΓöÇ[39m [2m/tags/machining/index.html[22m [2m(+6ms)[22m 
[2m18:38:53[22m   [34mΓö£ΓöÇ[39m [2m/tags/machining/2/index.html[22m [2m(+4ms)[22m 
[2m18:38:53[22m   [34mΓö£ΓöÇ[39m [2m/tags/machining/3/index.html[22m [2m(+4ms)[22m 
[2m18:38:53[22m   [34mΓö£ΓöÇ[39m [2m/tags/man-energy/index.html[22m [2m(+4ms)[22m 
[2m18:38:53[22m   [34mΓö£ΓöÇ[39m [2m/tags/manitowoc/index.html[22m [2m(+4ms)[22m 
[2m18:38:53[22m   [34mΓö£ΓöÇ[39m [2m/tags/manitowoc/2/index.html[22m [2m(+5ms)[22m 
[2m18:38:53[22m   [34mΓö£ΓöÇ[39m [2m/tags/manitowoc/3/index.html[22m [2m(+3ms)[22m 
[2m18:38:53[22m   [34mΓö£ΓöÇ[39m [2m/tags/manitowoc/4/index.html[22m [2m(+4ms)[22m 
[2m18:38:53[22m   [34mΓö£ΓöÇ[39m [2m/tags/manitowoc/5/index.html[22m [2m(+4ms)[22m 
[2m18:38:53[22m   [34mΓö£ΓöÇ[39m [2m/tags/manufacturing/index.html[22m [2m(+3ms)[22m 
[2m18:38:53[22m   [34mΓö£ΓöÇ[39m [2m/tags/master-bilt/index.html[22m [2m(+3ms)[22m 
[2m18:38:53[22m   [34mΓö£ΓöÇ[39m [2m/tags/material-handling/index.html[22m [2m(+4ms)[22m 
[2m18:38:53[22m   [34mΓö£ΓöÇ[39m [2m/tags/material-handling/2/index.html[22m [2m(+4ms)[22m 
[2m18:38:53[22m   [34mΓö£ΓöÇ[39m [2m/tags/matrix/index.html[22m [2m(+3ms)[22m 
[2m18:38:53[22m   [34mΓö£ΓöÇ[39m [2m/tags/mazak/index.html[22m [2m(+4ms)[22m 
[2m18:38:53[22m   [34mΓö£ΓöÇ[39m [2m/tags/mazak/2/index.html[22m [2m(+4ms)[22m 
[2m18:38:53[22m   [34mΓö£ΓöÇ[39m [2m/tags/mazak/3/index.html[22m [2m(+4ms)[22m 
[2m18:38:53[22m   [34mΓö£ΓöÇ[39m [2m/tags/mazak/4/index.html[22m [2m(+4ms)[22m 
[2m18:38:53[22m   [34mΓö£ΓöÇ[39m [2m/tags/medical/index.html[22m [2m(+4ms)[22m 
[2m18:38:54[22m   [34mΓö£ΓöÇ[39m [2m/tags/medical/2/index.html[22m [2m(+3ms)[22m 
[2m18:38:54[22m   [34mΓö£ΓöÇ[39m [2m/tags/meiko/index.html[22m [2m(+3ms)[22m 
[2m18:38:54[22m   [34mΓö£ΓöÇ[39m [2m/tags/metasys/index.html[22m [2m(+3ms)[22m 
[2m18:38:54[22m   [34mΓö£ΓöÇ[39m [2m/tags/metso/index.html[22m [2m(+3ms)[22m 
[2m18:38:54[22m   [34mΓö£ΓöÇ[39m [2m/tags/micrologix/index.html[22m [2m(+3ms)[22m 
[2m18:38:54[22m   [34mΓö£ΓöÇ[39m [2m/tags/micromaster/index.html[22m [2m(+3ms)[22m 
[2m18:38:54[22m   [34mΓö£ΓöÇ[39m [2m/tags/middleby-marshall/index.html[22m [2m(+3ms)[22m 
[2m18:38:54[22m   [34mΓö£ΓöÇ[39m [2m/tags/midea/index.html[22m [2m(+4ms)[22m 
[2m18:38:54[22m   [34mΓö£ΓöÇ[39m [2m/tags/midmark/index.html[22m [2m(+2ms)[22m 
[2m18:38:54[22m   [34mΓö£ΓöÇ[39m [2m/tags/miller/index.html[22m [2m(+3ms)[22m 
[2m18:38:54[22m   [34mΓö£ΓöÇ[39m [2m/tags/miller/2/index.html[22m [2m(+3ms)[22m 
[2m18:38:54[22m   [34mΓö£ΓöÇ[39m [2m/tags/mini-split/index.html[22m [2m(+3ms)[22m 
[2m18:38:54[22m   [34mΓö£ΓöÇ[39m [2m/tags/mini-split/2/index.html[22m [2m(+3ms)[22m 
[2m18:38:54[22m   [34mΓö£ΓöÇ[39m [2m/tags/mini-split/3/index.html[22m [2m(+4ms)[22m 
[2m18:38:54[22m   [34mΓö£ΓöÇ[39m [2m/tags/mini-split/4/index.html[22m [2m(+3ms)[22m 
[2m18:38:54[22m   [34mΓö£ΓöÇ[39m [2m/tags/mini-split/5/index.html[22m [2m(+4ms)[22m 
[2m18:38:54[22m   [34mΓö£ΓöÇ[39m [2m/tags/mini-split/6/index.html[22m [2m(+5ms)[22m 
[2m18:38:54[22m   [34mΓö£ΓöÇ[39m [2m/tags/mini-split/7/index.html[22m [2m(+4ms)[22m 
[2m18:38:54[22m   [34mΓö£ΓöÇ[39m [2m/tags/mini-split/8/index.html[22m [2m(+4ms)[22m 
[2m18:38:54[22m   [34mΓö£ΓöÇ[39m [2m/tags/mini-split/9/index.html[22m [2m(+5ms)[22m 
[2m18:38:54[22m   [34mΓö£ΓöÇ[39m [2m/tags/mini-split/10/index.html[22m [2m(+4ms)[22m 
[2m18:38:54[22m   [34mΓö£ΓöÇ[39m [2m/tags/mini-split/11/index.html[22m [2m(+3ms)[22m 
[2m18:38:54[22m   [34mΓö£ΓöÇ[39m [2m/tags/mini-split/12/index.html[22m [2m(+4ms)[22m 
[2m18:38:54[22m   [34mΓö£ΓöÇ[39m [2m/tags/mini-split/13/index.html[22m [2m(+3ms)[22m 
[2m18:38:54[22m   [34mΓö£ΓöÇ[39m [2m/tags/mini-split/14/index.html[22m [2m(+4ms)[22m 
[2m18:38:54[22m   [34mΓö£ΓöÇ[39m [2m/tags/mini-split/15/index.html[22m [2m(+4ms)[22m 
[2m18:38:54[22m   [34mΓö£ΓöÇ[39m [2m/tags/mini-split/16/index.html[22m [2m(+4ms)[22m 
[2m18:38:54[22m   [34mΓö£ΓöÇ[39m [2m/tags/mini-split/17/index.html[22m [2m(+4ms)[22m 
[2m18:38:54[22m   [34mΓö£ΓöÇ[39m [2m/tags/mini-split/18/index.html[22m [2m(+4ms)[22m 
[2m18:38:54[22m   [34mΓö£ΓöÇ[39m [2m/tags/mini-split/19/index.html[22m [2m(+3ms)[22m 
[2m18:38:54[22m   [34mΓö£ΓöÇ[39m [2m/tags/mitsubishi/index.html[22m [2m(+4ms)[22m 
[2m18:38:54[22m   [34mΓö£ΓöÇ[39m [2m/tags/mitsubishi/2/index.html[22m [2m(+12ms)[22m 
[2m18:38:54[22m   [34mΓö£ΓöÇ[39m [2m/tags/mitsubishi/3/index.html[22m [2m(+6ms)[22m 
[2m18:38:54[22m   [34mΓö£ΓöÇ[39m [2m/tags/mitsubishi/4/index.html[22m [2m(+4ms)[22m 
[2m18:38:54[22m   [34mΓö£ΓöÇ[39m [2m/tags/mitsubishi/5/index.html[22m [2m(+3ms)[22m 
[2m18:38:54[22m   [34mΓö£ΓöÇ[39m [2m/tags/mitsubishi/6/index.html[22m [2m(+5ms)[22m 
[2m18:38:54[22m   [34mΓö£ΓöÇ[39m [2m/tags/mitsubishi/7/index.html[22m [2m(+4ms)[22m 
[2m18:38:54[22m   [34mΓö£ΓöÇ[39m [2m/tags/mitsubishi/8/index.html[22m [2m(+4ms)[22m 
[2m18:38:54[22m   [34mΓö£ΓöÇ[39m [2m/tags/modicon/index.html[22m [2m(+3ms)[22m 
[2m18:38:54[22m   [34mΓö£ΓöÇ[39m [2m/tags/motion-control/index.html[22m [2m(+4ms)[22m 
[2m18:38:54[22m   [34mΓö£ΓöÇ[39m [2m/tags/motor-control/index.html[22m [2m(+4ms)[22m 
[2m18:38:54[22m   [34mΓö£ΓöÇ[39m [2m/tags/motor-control/2/index.html[22m [2m(+4ms)[22m 
[2m18:38:54[22m   [34mΓö£ΓöÇ[39m [2m/tags/motor-control/3/index.html[22m [2m(+4ms)[22m 
[2m18:38:54[22m   [34mΓö£ΓöÇ[39m [2m/tags/motor-starter/index.html[22m [2m(+3ms)[22m 
[2m18:38:54[22m   [34mΓö£ΓöÇ[39m [2m/tags/mr-slim/index.html[22m [2m(+3ms)[22m 
[2m18:38:54[22m   [34mΓö£ΓöÇ[39m [2m/tags/mrcool/index.html[22m [2m(+3ms)[22m 
[2m18:38:54[22m   [34mΓö£ΓöÇ[39m [2m/tags/mx2/index.html[22m [2m(+3ms)[22m 
[2m18:38:54[22m   [34mΓö£ΓöÇ[39m [2m/tags/navien/index.html[22m [2m(+5ms)[22m 
[2m18:38:54[22m   [34mΓö£ΓöÇ[39m [2m/tags/navien/2/index.html[22m [2m(+5ms)[22m 
[2m18:38:54[22m   [34mΓö£ΓöÇ[39m [2m/tags/navien/3/index.html[22m [2m(+5ms)[22m 
[2m18:38:54[22m   [34mΓö£ΓöÇ[39m [2m/tags/navien/4/index.html[22m [2m(+4ms)[22m 
[2m18:38:54[22m   [34mΓö£ΓöÇ[39m [2m/tags/navien/5/index.html[22m [2m(+4ms)[22m 
[2m18:38:54[22m   [34mΓö£ΓöÇ[39m [2m/tags/neles/index.html[22m [2m(+3ms)[22m 
[2m18:38:54[22m   [34mΓö£ΓöÇ[39m [2m/tags/nest/index.html[22m [2m(+3ms)[22m 
[2m18:38:54[22m   [34mΓö£ΓöÇ[39m [2m/tags/nidec/index.html[22m [2m(+4ms)[22m 
[2m18:38:54[22m   [34mΓö£ΓöÇ[39m [2m/tags/nor-lake/index.html[22m [2m(+3ms)[22m 
[2m18:38:54[22m   [34mΓö£ΓöÇ[39m [2m/tags/nordyne/index.html[22m [2m(+3ms)[22m 
[2m18:38:54[22m   [34mΓö£ΓöÇ[39m [2m/tags/noritz/index.html[22m [2m(+4ms)[22m 
[2m18:38:54[22m   [34mΓö£ΓöÇ[39m [2m/tags/noritz/2/index.html[22m [2m(+4ms)[22m 
[2m18:38:54[22m   [34mΓö£ΓöÇ[39m [2m/tags/noritz/3/index.html[22m [2m(+3ms)[22m 
[2m18:38:54[22m   [34mΓö£ΓöÇ[39m [2m/tags/notifier/index.html[22m [2m(+3ms)[22m 
[2m18:38:54[22m   [34mΓö£ΓöÇ[39m [2m/tags/num/index.html[22m [2m(+3ms)[22m 
[2m18:38:54[22m   [34mΓö£ΓöÇ[39m [2m/tags/okuma/index.html[22m [2m(+4ms)[22m 
[2m18:38:54[22m   [34mΓö£ΓöÇ[39m [2m/tags/okuma/2/index.html[22m [2m(+4ms)[22m 
[2m18:38:54[22m   [34mΓö£ΓöÇ[39m [2m/tags/okuma/3/index.html[22m [2m(+4ms)[22m 
[2m18:38:54[22m   [34mΓö£ΓöÇ[39m [2m/tags/okuma/4/index.html[22m [2m(+3ms)[22m 
[2m18:38:54[22m   [34mΓö£ΓöÇ[39m [2m/tags/omega/index.html[22m [2m(+5ms)[22m 
[2m18:38:54[22m   [34mΓö£ΓöÇ[39m [2m/tags/omron/index.html[22m [2m(+4ms)[22m 
[2m18:38:54[22m   [34mΓö£ΓöÇ[39m [2m/tags/onan/index.html[22m [2m(+5ms)[22m 
[2m18:38:54[22m   [34mΓö£ΓöÇ[39m [2m/tags/oriental-motor/index.html[22m [2m(+20ms)[22m 
[2m18:38:54[22m   [34mΓö£ΓöÇ[39m [2m/tags/osp/index.html[22m [2m(+3ms)[22m 
[2m18:38:54[22m   [34mΓö£ΓöÇ[39m [2m/tags/otis/index.html[22m [2m(+5ms)[22m 
[2m18:38:54[22m   [34mΓö£ΓöÇ[39m [2m/tags/outdoor-unit/index.html[22m [2m(+5ms)[22m 
[2m18:38:54[22m   [34mΓö£ΓöÇ[39m [2m/tags/oven/index.html[22m [2m(+5ms)[22m 
[2m18:38:54[22m   [34mΓö£ΓöÇ[39m [2m/tags/overcurrent/index.html[22m [2m(+4ms)[22m 
[2m18:38:54[22m   [34mΓö£ΓöÇ[39m [2m/tags/overcurrent/2/index.html[22m [2m(+3ms)[22m 
[2m18:38:54[22m   [34mΓö£ΓöÇ[39m [2m/tags/overheat/index.html[22m [2m(+3ms)[22m 
[2m18:38:54[22m   [34mΓö£ΓöÇ[39m [2m/tags/overheating/index.html[22m [2m(+3ms)[22m 
[2m18:38:54[22m   [34mΓö£ΓöÇ[39m [2m/tags/overload/index.html[22m [2m(+4ms)[22m 
[2m18:38:54[22m   [34mΓö£ΓöÇ[39m [2m/tags/overtravel/index.html[22m [2m(+4ms)[22m 
[2m18:38:54[22m   [34mΓö£ΓöÇ[39m [2m/tags/overvoltage/index.html[22m [2m(+4ms)[22m 
[2m18:38:54[22m   [34mΓö£ΓöÇ[39m [2m/tags/packaged-unit/index.html[22m [2m(+4ms)[22m 
[2m18:38:54[22m   [34mΓö£ΓöÇ[39m [2m/tags/packaged-unit/2/index.html[22m [2m(+4ms)[22m 
[2m18:38:54[22m   [34mΓö£ΓöÇ[39m [2m/tags/panasonic/index.html[22m [2m(+3ms)[22m 
[2m18:38:54[22m   [34mΓö£ΓöÇ[39m [2m/tags/parker/index.html[22m [2m(+4ms)[22m 
[2m18:38:54[22m   [34mΓö£ΓöÇ[39m [2m/tags/payne/index.html[22m [2m(+4ms)[22m 
[2m18:38:54[22m   [34mΓö£ΓöÇ[39m [2m/tags/peerless/index.html[22m [2m(+4ms)[22m 
[2m18:38:54[22m   [34mΓö£ΓöÇ[39m [2m/tags/penn/index.html[22m [2m(+4ms)[22m 
[2m18:38:54[22m   [34mΓö£ΓöÇ[39m [2m/tags/phase-loss/index.html[22m [2m(+4ms)[22m 
[2m18:38:54[22m   [34mΓö£ΓöÇ[39m [2m/tags/pilot/index.html[22m [2m(+4ms)[22m 
[2m18:38:54[22m   [34mΓö£ΓöÇ[39m [2m/tags/pioneer/index.html[22m [2m(+5ms)[22m 
[2m18:38:54[22m   [34mΓö£ΓöÇ[39m [2m/tags/pioneer/2/index.html[22m [2m(+4ms)[22m 
[2m18:38:54[22m   [34mΓö£ΓöÇ[39m [2m/tags/pitco/index.html[22m [2m(+4ms)[22m 
[2m18:38:54[22m   [34mΓö£ΓöÇ[39m [2m/tags/plc/index.html[22m [2m(+5ms)[22m 
[2m18:38:54[22m   [34mΓö£ΓöÇ[39m [2m/tags/plc/2/index.html[22m [2m(+4ms)[22m 
[2m18:38:54[22m   [34mΓö£ΓöÇ[39m [2m/tags/plumbing/index.html[22m [2m(+5ms)[22m 
[2m18:38:54[22m   [34mΓö£ΓöÇ[39m [2m/tags/plumbing/2/index.html[22m [2m(+4ms)[22m 
[2m18:38:54[22m   [34mΓö£ΓöÇ[39m [2m/tags/plumbing/3/index.html[22m [2m(+5ms)[22m 
[2m18:38:54[22m   [34mΓö£ΓöÇ[39m [2m/tags/plumbing/4/index.html[22m [2m(+6ms)[22m 
[2m18:38:54[22m   [34mΓö£ΓöÇ[39m [2m/tags/plumbing/5/index.html[22m [2m(+4ms)[22m 
[2m18:38:54[22m   [34mΓö£ΓöÇ[39m [2m/tags/pneumatic/index.html[22m [2m(+4ms)[22m 
[2m18:38:54[22m   [34mΓö£ΓöÇ[39m [2m/tags/positioner/index.html[22m [2m(+3ms)[22m 
[2m18:38:54[22m   [34mΓö£ΓöÇ[39m [2m/tags/power-distribution/index.html[22m [2m(+4ms)[22m 
[2m18:38:54[22m   [34mΓö£ΓöÇ[39m [2m/tags/power-distribution/2/index.html[22m [2m(+3ms)[22m 
[2m18:38:54[22m   [34mΓö£ΓöÇ[39m [2m/tags/power-loss/index.html[22m [2m(+3ms)[22m 
[2m18:38:54[22m   [34mΓö£ΓöÇ[39m [2m/tags/power-quality/index.html[22m [2m(+5ms)[22m 
[2m18:38:54[22m   [34mΓö£ΓöÇ[39m [2m/tags/power-systems/index.html[22m [2m(+4ms)[22m 
[2m18:38:54[22m   [34mΓö£ΓöÇ[39m [2m/tags/power-systems/2/index.html[22m [2m(+3ms)[22m 
[2m18:38:54[22m   [34mΓö£ΓöÇ[39m [2m/tags/powerflex/index.html[22m [2m(+3ms)[22m 
[2m18:38:54[22m   [34mΓö£ΓöÇ[39m [2m/tags/powerpact/index.html[22m [2m(+3ms)[22m 
[2m18:38:54[22m   [34mΓö£ΓöÇ[39m [2m/tags/pressure-switch/index.html[22m [2m(+4ms)[22m 
[2m18:38:54[22m   [34mΓö£ΓöÇ[39m [2m/tags/pressure-switch/2/index.html[22m [2m(+4ms)[22m 
[2m18:38:54[22m   [34mΓö£ΓöÇ[39m [2m/tags/process-control/index.html[22m [2m(+4ms)[22m 
[2m18:38:54[22m   [34mΓö£ΓöÇ[39m [2m/tags/protective-relay/index.html[22m [2m(+4ms)[22m 
[2m18:38:54[22m   [34mΓö£ΓöÇ[39m [2m/tags/protocol/index.html[22m [2m(+3ms)[22m 
[2m18:38:54[22m   [34mΓö£ΓöÇ[39m [2m/tags/pump/index.html[22m [2m(+4ms)[22m 
[2m18:38:54[22m   [34mΓö£ΓöÇ[39m [2m/tags/pumps/index.html[22m [2m(+4ms)[22m 
[2m18:38:54[22m   [34mΓö£ΓöÇ[39m [2m/tags/quincy/index.html[22m [2m(+3ms)[22m 
[2m18:38:54[22m   [34mΓö£ΓöÇ[39m [2m/tags/rational/index.html[22m [2m(+3ms)[22m 
[2m18:38:54[22m   [34mΓö£ΓöÇ[39m [2m/tags/raymond/index.html[22m [2m(+4ms)[22m 
[2m18:38:54[22m   [34mΓö£ΓöÇ[39m [2m/tags/refrigerant/index.html[22m [2m(+4ms)[22m 
[2m18:38:54[22m   [34mΓö£ΓöÇ[39m [2m/tags/refrigerant/2/index.html[22m [2m(+3ms)[22m 
[2m18:38:54[22m   [34mΓö£ΓöÇ[39m [2m/tags/refrigeration/index.html[22m [2m(+4ms)[22m 
[2m18:38:54[22m   [34mΓö£ΓöÇ[39m [2m/tags/refrigeration/2/index.html[22m [2m(+4ms)[22m 
[2m18:38:54[22m   [34mΓö£ΓöÇ[39m [2m/tags/refrigeration/3/index.html[22m [2m(+4ms)[22m 
[2m18:38:54[22m   [34mΓö£ΓöÇ[39m [2m/tags/refrigeration/4/index.html[22m [2m(+4ms)[22m 
[2m18:38:54[22m   [34mΓö£ΓöÇ[39m [2m/tags/refrigeration/5/index.html[22m [2m(+5ms)[22m 
[2m18:38:54[22m   [34mΓö£ΓöÇ[39m [2m/tags/refrigeration/6/index.html[22m [2m(+5ms)[22m 
[2m18:38:54[22m   [34mΓö£ΓöÇ[39m [2m/tags/refrigeration/7/index.html[22m [2m(+4ms)[22m 
[2m18:38:54[22m   [34mΓö£ΓöÇ[39m [2m/tags/refrigeration/8/index.html[22m [2m(+4ms)[22m 
[2m18:38:54[22m   [34mΓö£ΓöÇ[39m [2m/tags/refrigeration/9/index.html[22m [2m(+4ms)[22m 
[2m18:38:54[22m   [34mΓö£ΓöÇ[39m [2m/tags/refrigeration/10/index.html[22m [2m(+4ms)[22m 
[2m18:38:54[22m   [34mΓö£ΓöÇ[39m [2m/tags/refrigeration/11/index.html[22m [2m(+4ms)[22m 
[2m18:38:54[22m   [34mΓö£ΓöÇ[39m [2m/tags/refrigeration/12/index.html[22m [2m(+4ms)[22m 
[2m18:38:54[22m   [34mΓö£ΓöÇ[39m [2m/tags/refrigeration/13/index.html[22m [2m(+5ms)[22m 
[2m18:38:54[22m   [34mΓö£ΓöÇ[39m [2m/tags/refrigeration/14/index.html[22m [2m(+4ms)[22m 
[2m18:38:54[22m   [34mΓö£ΓöÇ[39m [2m/tags/refrigeration/15/index.html[22m [2m(+4ms)[22m 
[2m18:38:54[22m   [34mΓö£ΓöÇ[39m [2m/tags/refrigeration/16/index.html[22m [2m(+4ms)[22m 
[2m18:38:54[22m   [34mΓö£ΓöÇ[39m [2m/tags/refrigeration/17/index.html[22m [2m(+4ms)[22m 
[2m18:38:54[22m   [34mΓö£ΓöÇ[39m [2m/tags/refrigeration/18/index.html[22m [2m(+4ms)[22m 
[2m18:38:54[22m   [34mΓö£ΓöÇ[39m [2m/tags/refrigeration/19/index.html[22m [2m(+4ms)[22m 
[2m18:38:54[22m   [34mΓö£ΓöÇ[39m [2m/tags/refrigeration/20/index.html[22m [2m(+4ms)[22m 
[2m18:38:54[22m   [34mΓö£ΓöÇ[39m [2m/tags/refrigeration/21/index.html[22m [2m(+4ms)[22m 
[2m18:38:54[22m   [34mΓö£ΓöÇ[39m [2m/tags/refrigeration/22/index.html[22m [2m(+4ms)[22m 
[2m18:38:54[22m   [34mΓö£ΓöÇ[39m [2m/tags/refrigeration/23/index.html[22m [2m(+4ms)[22m 
[2m18:38:54[22m   [34mΓö£ΓöÇ[39m [2m/tags/refrigeration/24/index.html[22m [2m(+4ms)[22m 
[2m18:38:54[22m   [34mΓö£ΓöÇ[39m [2m/tags/refrigeration/25/index.html[22m [2m(+5ms)[22m 
[2m18:38:54[22m   [34mΓö£ΓöÇ[39m [2m/tags/refrigeration/26/index.html[22m [2m(+4ms)[22m 
[2m18:38:54[22m   [34mΓö£ΓöÇ[39m [2m/tags/refrigeration/27/index.html[22m [2m(+4ms)[22m 
[2m18:38:54[22m   [34mΓö£ΓöÇ[39m [2m/tags/refrigeration/28/index.html[22m [2m(+3ms)[22m 
[2m18:38:54[22m   [34mΓö£ΓöÇ[39m [2m/tags/refrigeration/29/index.html[22m [2m(+3ms)[22m 
[2m18:38:54[22m   [34mΓö£ΓöÇ[39m [2m/tags/regulator/index.html[22m [2m(+3ms)[22m 
[2m18:38:54[22m   [34mΓö£ΓöÇ[39m [2m/tags/rgf/index.html[22m [2m(+3ms)[22m 
[2m18:38:54[22m   [34mΓö£ΓöÇ[39m [2m/tags/rheem/index.html[22m [2m(+4ms)[22m 
[2m18:38:54[22m   [34mΓö£ΓöÇ[39m [2m/tags/rheem/2/index.html[22m [2m(+4ms)[22m 
[2m18:38:54[22m   [34mΓö£ΓöÇ[39m [2m/tags/rheem/3/index.html[22m [2m(+4ms)[22m 
[2m18:38:54[22m   [34mΓö£ΓöÇ[39m [2m/tags/rheem/4/index.html[22m [2m(+4ms)[22m 
[2m18:38:54[22m   [34mΓö£ΓöÇ[39m [2m/tags/rheem/5/index.html[22m [2m(+3ms)[22m 
[2m18:38:54[22m   [34mΓö£ΓöÇ[39m [2m/tags/rinnai/index.html[22m [2m(+4ms)[22m 
[2m18:38:54[22m   [34mΓö£ΓöÇ[39m [2m/tags/rinnai/2/index.html[22m [2m(+4ms)[22m 
[2m18:38:54[22m   [34mΓö£ΓöÇ[39m [2m/tags/rinnai/3/index.html[22m [2m(+3ms)[22m 
[2m18:38:54[22m   [34mΓö£ΓöÇ[39m [2m/tags/rinnai/4/index.html[22m [2m(+4ms)[22m 
[2m18:38:54[22m   [34mΓö£ΓöÇ[39m [2m/tags/rockwell/index.html[22m [2m(+3ms)[22m 
[2m18:38:54[22m   [34mΓö£ΓöÇ[39m [2m/tags/rollout-switch/index.html[22m [2m(+3ms)[22m 
[2m18:38:54[22m   [34mΓö£ΓöÇ[39m [2m/tags/rooftop-unit/index.html[22m [2m(+4ms)[22m 
[2m18:38:54[22m   [34mΓö£ΓöÇ[39m [2m/tags/rooftop-unit/2/index.html[22m [2m(+4ms)[22m 
[2m18:38:54[22m   [34mΓö£ΓöÇ[39m [2m/tags/rooftop-unit/3/index.html[22m [2m(+3ms)[22m 
[2m18:38:54[22m   [34mΓö£ΓöÇ[39m [2m/tags/rth9585/index.html[22m [2m(+3ms)[22m 
[2m18:38:54[22m   [34mΓö£ΓöÇ[39m [2m/tags/rthd/index.html[22m [2m(+3ms)[22m 
[2m18:38:54[22m   [34mΓö£ΓöÇ[39m [2m/tags/ruud/index.html[22m [2m(+6ms)[22m 
[2m18:38:54[22m   [34mΓö£ΓöÇ[39m [2m/tags/s7-300/index.html[22m [2m(+3ms)[22m 
[2m18:38:54[22m   [34mΓö£ΓöÇ[39m [2m/tags/s7-400/index.html[22m [2m(+3ms)[22m 
[2m18:38:54[22m   [34mΓö£ΓöÇ[39m [2m/tags/safety/index.html[22m [2m(+4ms)[22m 
[2m18:38:54[22m   [34mΓö£ΓöÇ[39m [2m/tags/samsung/index.html[22m [2m(+5ms)[22m 
[2m18:38:54[22m   [34mΓö£ΓöÇ[39m [2m/tags/samsung/2/index.html[22m [2m(+3ms)[22m 
[2m18:38:54[22m   [34mΓö£ΓöÇ[39m [2m/tags/schindler/index.html[22m [2m(+2ms)[22m 
[2m18:38:54[22m   [34mΓö£ΓöÇ[39m [2m/tags/schneider/index.html[22m [2m(+3ms)[22m 
[2m18:38:54[22m   [34mΓö£ΓöÇ[39m [2m/tags/schneider/2/index.html[22m [2m(+4ms)[22m 
[2m18:38:54[22m   [34mΓö£ΓöÇ[39m [2m/tags/schneider/3/index.html[22m [2m(+4ms)[22m 
[2m18:38:54[22m   [34mΓö£ΓöÇ[39m [2m/tags/schweitzer/index.html[22m [2m(+20ms)[22m 
[2m18:38:54[22m   [34mΓö£ΓöÇ[39m [2m/tags/scotsman/index.html[22m [2m(+6ms)[22m 
[2m18:38:54[22m   [34mΓö£ΓöÇ[39m [2m/tags/scotsman/2/index.html[22m [2m(+4ms)[22m 
[2m18:38:54[22m   [34mΓö£ΓöÇ[39m [2m/tags/scotsman/3/index.html[22m [2m(+4ms)[22m 
[2m18:38:54[22m   [34mΓö£ΓöÇ[39m [2m/tags/scotsman/4/index.html[22m [2m(+3ms)[22m 
[2m18:38:54[22m   [34mΓö£ΓöÇ[39m [2m/tags/sel/index.html[22m [2m(+3ms)[22m 
[2m18:38:54[22m   [34mΓö£ΓöÇ[39m [2m/tags/sensi/index.html[22m [2m(+3ms)[22m 
[2m18:38:54[22m   [34mΓö£ΓöÇ[39m [2m/tags/sensor/index.html[22m [2m(+4ms)[22m 
[2m18:38:54[22m   [34mΓö£ΓöÇ[39m [2m/tags/sensor/2/index.html[22m [2m(+3ms)[22m 
[2m18:38:54[22m   [34mΓö£ΓöÇ[39m [2m/tags/sensor-fault/index.html[22m [2m(+2ms)[22m 
[2m18:38:54[22m   [34mΓö£ΓöÇ[39m [2m/tags/sentron/index.html[22m [2m(+3ms)[22m 
[2m18:38:54[22m   [34mΓö£ΓöÇ[39m [2m/tags/senville/index.html[22m [2m(+4ms)[22m 
[2m18:38:54[22m   [34mΓö£ΓöÇ[39m [2m/tags/servo/index.html[22m [2m(+3ms)[22m 
[2m18:38:54[22m   [34mΓö£ΓöÇ[39m [2m/tags/servo/2/index.html[22m [2m(+3ms)[22m 
[2m18:38:54[22m   [34mΓö£ΓöÇ[39m [2m/tags/servo/3/index.html[22m [2m(+3ms)[22m 
[2m18:38:54[22m   [34mΓö£ΓöÇ[39m [2m/tags/sew-eurodrive/index.html[22m [2m(+3ms)[22m 
[2m18:38:54[22m   [34mΓö£ΓöÇ[39m [2m/tags/siemens/index.html[22m [2m(+5ms)[22m 
[2m18:38:54[22m   [34mΓö£ΓöÇ[39m [2m/tags/siemens/2/index.html[22m [2m(+4ms)[22m 
[2m18:38:54[22m   [34mΓö£ΓöÇ[39m [2m/tags/siemens/3/index.html[22m [2m(+3ms)[22m 
[2m18:38:54[22m   [34mΓö£ΓöÇ[39m [2m/tags/siemens/4/index.html[22m [2m(+3ms)[22m 
[2m18:38:54[22m   [34mΓö£ΓöÇ[39m [2m/tags/siemens/5/index.html[22m [2m(+3ms)[22m 
[2m18:38:54[22m   [34mΓö£ΓöÇ[39m [2m/tags/siemens/6/index.html[22m [2m(+3ms)[22m 
[2m18:38:54[22m   [34mΓö£ΓöÇ[39m [2m/tags/siemens-840d/index.html[22m [2m(+2ms)[22m 
[2m18:38:54[22m   [34mΓö£ΓöÇ[39m [2m/tags/simplex/index.html[22m [2m(+2ms)[22m 
[2m18:38:54[22m   [34mΓö£ΓöÇ[39m [2m/tags/sinumerik/index.html[22m [2m(+2ms)[22m 
[2m18:38:54[22m   [34mΓö£ΓöÇ[39m [2m/tags/slant-fin/index.html[22m [2m(+2ms)[22m 
[2m18:38:54[22m   [34mΓö£ΓöÇ[39m [2m/tags/smd/index.html[22m [2m(+2ms)[22m 
[2m18:38:54[22m   [34mΓö£ΓöÇ[39m [2m/tags/software-overtravel/index.html[22m [2m(+3ms)[22m 
[2m18:38:54[22m   [34mΓö£ΓöÇ[39m [2m/tags/spindle/index.html[22m [2m(+4ms)[22m 
[2m18:38:54[22m   [34mΓö£ΓöÇ[39m [2m/tags/spindle/2/index.html[22m [2m(+3ms)[22m 
[2m18:38:54[22m   [34mΓö£ΓöÇ[39m [2m/tags/sporlan/index.html[22m [2m(+3ms)[22m 
[2m18:38:54[22m   [34mΓö£ΓöÇ[39m [2m/tags/spx-flow/index.html[22m [2m(+3ms)[22m 
[2m18:38:54[22m   [34mΓö£ΓöÇ[39m [2m/tags/square-d/index.html[22m [2m(+3ms)[22m 
[2m18:38:54[22m   [34mΓö£ΓöÇ[39m [2m/tags/state-water-heater/index.html[22m [2m(+3ms)[22m 
[2m18:38:54[22m   [34mΓö£ΓöÇ[39m [2m/tags/stepper/index.html[22m [2m(+3ms)[22m 
[2m18:38:54[22m   [34mΓö£ΓöÇ[39m [2m/tags/stepper-motor/index.html[22m [2m(+3ms)[22m 
[2m18:38:54[22m   [34mΓö£ΓöÇ[39m [2m/tags/sterilizer/index.html[22m [2m(+4ms)[22m 
[2m18:38:54[22m   [34mΓö£ΓöÇ[39m [2m/tags/sterilizer/2/index.html[22m [2m(+3ms)[22m 
[2m18:38:54[22m   [34mΓö£ΓöÇ[39m [2m/tags/steris/index.html[22m [2m(+4ms)[22m 
[2m18:38:54[22m   [34mΓö£ΓöÇ[39m [2m/tags/sullair/index.html[22m [2m(+3ms)[22m 
[2m18:38:54[22m   [34mΓö£ΓöÇ[39m [2m/tags/sullivan-palatek/index.html[22m [2m(+3ms)[22m 
[2m18:38:54[22m   [34mΓö£ΓöÇ[39m [2m/tags/sulzer/index.html[22m [2m(+3ms)[22m 
[2m18:38:54[22m   [34mΓö£ΓöÇ[39m [2m/tags/sun-hydraulics/index.html[22m [2m(+2ms)[22m 
[2m18:38:54[22m   [34mΓö£ΓöÇ[39m [2m/tags/t10-pro/index.html[22m [2m(+3ms)[22m 
[2m18:38:54[22m   [34mΓö£ΓöÇ[39m [2m/tags/taco/index.html[22m [2m(+2ms)[22m 
[2m18:38:54[22m   [34mΓö£ΓöÇ[39m [2m/tags/tankless/index.html[22m [2m(+3ms)[22m 
[2m18:38:54[22m   [34mΓö£ΓöÇ[39m [2m/tags/tankless/2/index.html[22m [2m(+3ms)[22m 
[2m18:38:54[22m   [34mΓö£ΓöÇ[39m [2m/tags/tankless-water-heater/index.html[22m [2m(+4ms)[22m 
[2m18:38:54[22m   [34mΓö£ΓöÇ[39m [2m/tags/tankless-water-heater/2/index.html[22m [2m(+3ms)[22m 
[2m18:38:54[22m   [34mΓö£ΓöÇ[39m [2m/tags/tankless-water-heater/3/index.html[22m [2m(+3ms)[22m 
[2m18:38:54[22m   [34mΓö£ΓöÇ[39m [2m/tags/temperature-control/index.html[22m [2m(+3ms)[22m 
[2m18:38:54[22m   [34mΓö£ΓöÇ[39m [2m/tags/tempstar/index.html[22m [2m(+4ms)[22m 
[2m18:38:54[22m   [34mΓö£ΓöÇ[39m [2m/tags/test-equipment/index.html[22m [2m(+3ms)[22m 
[2m18:38:54[22m   [34mΓö£ΓöÇ[39m [2m/tags/test-equipment/2/index.html[22m [2m(+3ms)[22m 
[2m18:38:54[22m   [34mΓö£ΓöÇ[39m [2m/tags/thermal-camera/index.html[22m [2m(+3ms)[22m 
[2m18:38:54[22m   [34mΓö£ΓöÇ[39m [2m/tags/thermal-dynamics/index.html[22m [2m(+2ms)[22m 
[2m18:38:54[22m   [34mΓö£ΓöÇ[39m [2m/tags/thermal-overload/index.html[22m [2m(+3ms)[22m 
[2m18:38:54[22m   [34mΓö£ΓöÇ[39m [2m/tags/thermistor/index.html[22m [2m(+3ms)[22m 
[2m18:38:54[22m   [34mΓö£ΓöÇ[39m [2m/tags/thermography/index.html[22m [2m(+3ms)[22m 
[2m18:38:54[22m   [34mΓö£ΓöÇ[39m [2m/tags/thermostat/index.html[22m [2m(+3ms)[22m 
[2m18:38:54[22m   [34mΓö£ΓöÇ[39m [2m/tags/thermostat/2/index.html[22m [2m(+3ms)[22m 
[2m18:38:54[22m   [34mΓö£ΓöÇ[39m [2m/tags/thermostat/3/index.html[22m [2m(+3ms)[22m 
[2m18:38:54[22m   [34mΓö£ΓöÇ[39m [2m/tags/thyssenkrupp/index.html[22m [2m(+3ms)[22m 
[2m18:38:54[22m   [34mΓö£ΓöÇ[39m [2m/tags/tool-changer/index.html[22m [2m(+3ms)[22m 
[2m18:38:54[22m   [34mΓö£ΓöÇ[39m [2m/tags/toshiba/index.html[22m [2m(+3ms)[22m 
[2m18:38:54[22m   [34mΓö£ΓöÇ[39m [2m/tags/toyota/index.html[22m [2m(+2ms)[22m 
[2m18:38:54[22m   [34mΓö£ΓöÇ[39m [2m/tags/tracer/index.html[22m [2m(+3ms)[22m 
[2m18:38:54[22m   [34mΓö£ΓöÇ[39m [2m/tags/trane/index.html[22m [2m(+4ms)[22m 
[2m18:38:54[22m   [34mΓö£ΓöÇ[39m [2m/tags/trane/2/index.html[22m [2m(+4ms)[22m 
[2m18:38:54[22m   [34mΓö£ΓöÇ[39m [2m/tags/trane/3/index.html[22m [2m(+4ms)[22m 
[2m18:38:54[22m   [34mΓö£ΓöÇ[39m [2m/tags/trane/4/index.html[22m [2m(+4ms)[22m 
[2m18:38:54[22m   [34mΓö£ΓöÇ[39m [2m/tags/trane/5/index.html[22m [2m(+4ms)[22m 
[2m18:38:54[22m   [34mΓö£ΓöÇ[39m [2m/tags/trane/6/index.html[22m [2m(+4ms)[22m 
[2m18:38:54[22m   [34mΓö£ΓöÇ[39m [2m/tags/trane/7/index.html[22m [2m(+5ms)[22m 
[2m18:38:54[22m   [34mΓö£ΓöÇ[39m [2m/tags/trane/8/index.html[22m [2m(+4ms)[22m 
[2m18:38:54[22m   [34mΓö£ΓöÇ[39m [2m/tags/trane/9/index.html[22m [2m(+4ms)[22m 
[2m18:38:54[22m   [34mΓö£ΓöÇ[39m [2m/tags/trane/10/index.html[22m [2m(+4ms)[22m 
[2m18:38:54[22m   [34mΓö£ΓöÇ[39m [2m/tags/transfer-switch/index.html[22m [2m(+3ms)[22m 
[2m18:38:54[22m   [34mΓö£ΓöÇ[39m [2m/tags/traulsen/index.html[22m [2m(+4ms)[22m 
[2m18:38:54[22m   [34mΓö£ΓöÇ[39m [2m/tags/triangle-tube/index.html[22m [2m(+2ms)[22m 
[2m18:38:54[22m   [34mΓö£ΓöÇ[39m [2m/tags/tripp-lite/index.html[22m [2m(+3ms)[22m 
[2m18:38:54[22m   [34mΓö£ΓöÇ[39m [2m/tags/troubleshooting/index.html[22m [2m(+4ms)[22m 
[2m18:38:54[22m   [34mΓö£ΓöÇ[39m [2m/tags/troubleshooting/2/index.html[22m [2m(+4ms)[22m 
[2m18:38:54[22m   [34mΓö£ΓöÇ[39m [2m/tags/troubleshooting/3/index.html[22m [2m(+4ms)[22m 
[2m18:38:54[22m   [34mΓö£ΓöÇ[39m [2m/tags/troubleshooting/4/index.html[22m [2m(+3ms)[22m 
[2m18:38:54[22m   [34mΓö£ΓöÇ[39m [2m/tags/true-refrigeration/index.html[22m [2m(+6ms)[22m 
[2m18:38:54[22m   [34mΓö£ΓöÇ[39m [2m/tags/true-refrigeration/2/index.html[22m [2m(+4ms)[22m 
[2m18:38:54[22m   [34mΓö£ΓöÇ[39m [2m/tags/true-refrigeration/3/index.html[22m [2m(+3ms)[22m 
[2m18:38:55[22m   [34mΓö£ΓöÇ[39m [2m/tags/turbo-air/index.html[22m [2m(+3ms)[22m 
[2m18:38:55[22m   [34mΓö£ΓöÇ[39m [2m/tags/turbochef/index.html[22m [2m(+3ms)[22m 
[2m18:38:55[22m   [34mΓö£ΓöÇ[39m [2m/tags/tuttnauer/index.html[22m [2m(+3ms)[22m 
[2m18:38:55[22m   [34mΓö£ΓöÇ[39m [2m/tags/tyler/index.html[22m [2m(+3ms)[22m 
[2m18:38:55[22m   [34mΓö£ΓöÇ[39m [2m/tags/unit-cooler/index.html[22m [2m(+5ms)[22m 
[2m18:38:55[22m   [34mΓö£ΓöÇ[39m [2m/tags/ups/index.html[22m [2m(+4ms)[22m 
[2m18:38:55[22m   [34mΓö£ΓöÇ[39m [2m/tags/ups/2/index.html[22m [2m(+3ms)[22m 
[2m18:38:55[22m   [34mΓö£ΓöÇ[39m [2m/tags/utica/index.html[22m [2m(+3ms)[22m 
[2m18:38:55[22m   [34mΓö£ΓöÇ[39m [2m/tags/uv/index.html[22m [2m(+3ms)[22m 
[2m18:38:55[22m   [34mΓö£ΓöÇ[39m [2m/tags/v1000/index.html[22m [2m(+3ms)[22m 
[2m18:38:55[22m   [34mΓö£ΓöÇ[39m [2m/tags/valve/index.html[22m [2m(+3ms)[22m 
[2m18:38:55[22m   [34mΓö£ΓöÇ[39m [2m/tags/variable-speed/index.html[22m [2m(+3ms)[22m 
[2m18:38:55[22m   [34mΓö£ΓöÇ[39m [2m/tags/vertiv/index.html[22m [2m(+3ms)[22m 
[2m18:38:55[22m   [34mΓö£ΓöÇ[39m [2m/tags/vfd/index.html[22m [2m(+4ms)[22m 
[2m18:38:55[22m   [34mΓö£ΓöÇ[39m [2m/tags/vfd/2/index.html[22m [2m(+4ms)[22m 
[2m18:38:55[22m   [34mΓö£ΓöÇ[39m [2m/tags/vfd/3/index.html[22m [2m(+4ms)[22m 
[2m18:38:55[22m   [34mΓö£ΓöÇ[39m [2m/tags/vfd/4/index.html[22m [2m(+5ms)[22m 
[2m18:38:55[22m   [34mΓö£ΓöÇ[39m [2m/tags/vfd/5/index.html[22m [2m(+5ms)[22m 
[2m18:38:55[22m   [34mΓö£ΓöÇ[39m [2m/tags/vfd/6/index.html[22m [2m(+4ms)[22m 
[2m18:38:55[22m   [34mΓö£ΓöÇ[39m [2m/tags/vfd/7/index.html[22m [2m(+5ms)[22m 
[2m18:38:55[22m   [34mΓö£ΓöÇ[39m [2m/tags/vfd/8/index.html[22m [2m(+4ms)[22m 
[2m18:38:55[22m   [34mΓö£ΓöÇ[39m [2m/tags/vfd/9/index.html[22m [2m(+3ms)[22m 
[2m18:38:55[22m   [34mΓö£ΓöÇ[39m [2m/tags/vfd/10/index.html[22m [2m(+4ms)[22m 
[2m18:38:55[22m   [34mΓö£ΓöÇ[39m [2m/tags/vfd/11/index.html[22m [2m(+4ms)[22m 
[2m18:38:55[22m   [34mΓö£ΓöÇ[39m [2m/tags/vfd/12/index.html[22m [2m(+4ms)[22m 
[2m18:38:55[22m   [34mΓö£ΓöÇ[39m [2m/tags/vfd/13/index.html[22m [2m(+5ms)[22m 
[2m18:38:55[22m   [34mΓö£ΓöÇ[39m [2m/tags/vfd/14/index.html[22m [2m(+4ms)[22m 
[2m18:38:55[22m   [34mΓö£ΓöÇ[39m [2m/tags/vfd/15/index.html[22m [2m(+19ms)[22m 
[2m18:38:55[22m   [34mΓö£ΓöÇ[39m [2m/tags/vfd/16/index.html[22m [2m(+4ms)[22m 
[2m18:38:55[22m   [34mΓö£ΓöÇ[39m [2m/tags/vfd/17/index.html[22m [2m(+4ms)[22m 
[2m18:38:55[22m   [34mΓö£ΓöÇ[39m [2m/tags/vfd/18/index.html[22m [2m(+4ms)[22m 
[2m18:38:55[22m   [34mΓö£ΓöÇ[39m [2m/tags/vfd/19/index.html[22m [2m(+4ms)[22m 
[2m18:38:55[22m   [34mΓö£ΓöÇ[39m [2m/tags/vfd/20/index.html[22m [2m(+4ms)[22m 
[2m18:38:55[22m   [34mΓö£ΓöÇ[39m [2m/tags/vfd/21/index.html[22m [2m(+4ms)[22m 
[2m18:38:55[22m   [34mΓö£ΓöÇ[39m [2m/tags/vfd/22/index.html[22m [2m(+5ms)[22m 
[2m18:38:55[22m   [34mΓö£ΓöÇ[39m [2m/tags/vfd/23/index.html[22m [2m(+4ms)[22m 
[2m18:38:55[22m   [34mΓö£ΓöÇ[39m [2m/tags/vfd/24/index.html[22m [2m(+4ms)[22m 
[2m18:38:55[22m   [34mΓö£ΓöÇ[39m [2m/tags/vfd/25/index.html[22m [2m(+4ms)[22m 
[2m18:38:55[22m   [34mΓö£ΓöÇ[39m [2m/tags/vfd/26/index.html[22m [2m(+4ms)[22m 
[2m18:38:55[22m   [34mΓö£ΓöÇ[39m [2m/tags/vfd/27/index.html[22m [2m(+4ms)[22m 
[2m18:38:55[22m   [34mΓö£ΓöÇ[39m [2m/tags/vfd/28/index.html[22m [2m(+4ms)[22m 
[2m18:38:55[22m   [34mΓö£ΓöÇ[39m [2m/tags/vfd/29/index.html[22m [2m(+4ms)[22m 
[2m18:38:55[22m   [34mΓö£ΓöÇ[39m [2m/tags/vfd/30/index.html[22m [2m(+3ms)[22m 
[2m18:38:55[22m   [34mΓö£ΓöÇ[39m [2m/tags/vickers/index.html[22m [2m(+3ms)[22m 
[2m18:38:55[22m   [34mΓö£ΓöÇ[39m [2m/tags/victory/index.html[22m [2m(+3ms)[22m 
[2m18:38:55[22m   [34mΓö£ΓöÇ[39m [2m/tags/viessmann/index.html[22m [2m(+2ms)[22m 
[2m18:38:55[22m   [34mΓö£ΓöÇ[39m [2m/tags/vrf/index.html[22m [2m(+4ms)[22m 
[2m18:38:55[22m   [34mΓö£ΓöÇ[39m [2m/tags/vrf/2/index.html[22m [2m(+4ms)[22m 
[2m18:38:55[22m   [34mΓö£ΓöÇ[39m [2m/tags/vrf/3/index.html[22m [2m(+3ms)[22m 
[2m18:38:55[22m   [34mΓö£ΓöÇ[39m [2m/tags/vrv/index.html[22m [2m(+4ms)[22m 
[2m18:38:55[22m   [34mΓö£ΓöÇ[39m [2m/tags/vulcan/index.html[22m [2m(+3ms)[22m 
[2m18:38:55[22m   [34mΓö£ΓöÇ[39m [2m/tags/walk-in/index.html[22m [2m(+3ms)[22m 
[2m18:38:55[22m   [34mΓö£ΓöÇ[39m [2m/tags/water-flow/index.html[22m [2m(+4ms)[22m 
[2m18:38:55[22m   [34mΓö£ΓöÇ[39m [2m/tags/water-heater/index.html[22m [2m(+5ms)[22m 
[2m18:38:55[22m   [34mΓö£ΓöÇ[39m [2m/tags/water-heater/2/index.html[22m [2m(+3ms)[22m 
[2m18:38:55[22m   [34mΓö£ΓöÇ[39m [2m/tags/water-inlet/index.html[22m [2m(+3ms)[22m 
[2m18:38:55[22m   [34mΓö£ΓöÇ[39m [2m/tags/water-quality/index.html[22m [2m(+3ms)[22m 
[2m18:38:55[22m   [34mΓö£ΓöÇ[39m [2m/tags/waterfurnace/index.html[22m [2m(+3ms)[22m 
[2m18:38:55[22m   [34mΓö£ΓöÇ[39m [2m/tags/watlow/index.html[22m [2m(+10ms)[22m 
[2m18:38:55[22m   [34mΓö£ΓöÇ[39m [2m/tags/watts/index.html[22m [2m(+3ms)[22m 
[2m18:38:55[22m   [34mΓö£ΓöÇ[39m [2m/tags/webctrl/index.html[22m [2m(+3ms)[22m 
[2m18:38:55[22m   [34mΓö£ΓöÇ[39m [2m/tags/webs/index.html[22m [2m(+3ms)[22m 
[2m18:38:55[22m   [34mΓö£ΓöÇ[39m [2m/tags/weil-mclain/index.html[22m [2m(+4ms)[22m 
[2m18:38:55[22m   [34mΓö£ΓöÇ[39m [2m/tags/weil-mclain/2/index.html[22m [2m(+4ms)[22m 
[2m18:38:55[22m   [34mΓö£ΓöÇ[39m [2m/tags/weil-mclain/3/index.html[22m [2m(+3ms)[22m 
[2m18:38:55[22m   [34mΓö£ΓöÇ[39m [2m/tags/welbilt/index.html[22m [2m(+3ms)[22m 
[2m18:38:55[22m   [34mΓö£ΓöÇ[39m [2m/tags/welder/index.html[22m [2m(+3ms)[22m 
[2m18:38:55[22m   [34mΓö£ΓöÇ[39m [2m/tags/welding/index.html[22m [2m(+4ms)[22m 
[2m18:38:55[22m   [34mΓö£ΓöÇ[39m [2m/tags/welding/2/index.html[22m [2m(+4ms)[22m 
[2m18:38:55[22m   [34mΓö£ΓöÇ[39m [2m/tags/welding/3/index.html[22m [2m(+4ms)[22m 
[2m18:38:55[22m   [34mΓö£ΓöÇ[39m [2m/tags/welding/4/index.html[22m [2m(+4ms)[22m 
[2m18:38:55[22m   [34mΓö£ΓöÇ[39m [2m/tags/welding/5/index.html[22m [2m(+4ms)[22m 
[2m18:38:55[22m   [34mΓö£ΓöÇ[39m [2m/tags/westinghouse/index.html[22m [2m(+3ms)[22m 
[2m18:38:55[22m   [34mΓö£ΓöÇ[39m [2m/tags/white-rodgers/index.html[22m [2m(+3ms)[22m 
[2m18:38:55[22m   [34mΓö£ΓöÇ[39m [2m/tags/wilo/index.html[22m [2m(+3ms)[22m 
[2m18:38:55[22m   [34mΓö£ΓöÇ[39m [2m/tags/windmill/index.html[22m [2m(+4ms)[22m 
[2m18:38:55[22m   [34mΓö£ΓöÇ[39m [2m/tags/winterhalter/index.html[22m [2m(+3ms)[22m 
[2m18:38:55[22m   [34mΓö£ΓöÇ[39m [2m/tags/wiring/index.html[22m [2m(+3ms)[22m 
[2m18:38:55[22m   [34mΓö£ΓöÇ[39m [2m/tags/yale/index.html[22m [2m(+3ms)[22m 
[2m18:38:55[22m   [34mΓö£ΓöÇ[39m [2m/tags/yaskawa/index.html[22m [2m(+4ms)[22m 
[2m18:38:55[22m   [34mΓö£ΓöÇ[39m [2m/tags/yaskawa/2/index.html[22m [2m(+4ms)[22m 
[2m18:38:55[22m   [34mΓö£ΓöÇ[39m [2m/tags/yaskawa/3/index.html[22m [2m(+4ms)[22m 
[2m18:38:55[22m   [34mΓö£ΓöÇ[39m [2m/tags/yaskawa/4/index.html[22m [2m(+5ms)[22m 
[2m18:38:55[22m   [34mΓö£ΓöÇ[39m [2m/tags/yaskawa/5/index.html[22m [2m(+4ms)[22m 
[2m18:38:55[22m   [34mΓö£ΓöÇ[39m [2m/tags/york/index.html[22m [2m(+4ms)[22m 
[2m18:38:55[22m   [34mΓö£ΓöÇ[39m [2m/tags/york/2/index.html[22m [2m(+5ms)[22m 
[2m18:38:55[22m   [34mΓö£ΓöÇ[39m [2m/tags/york/3/index.html[22m [2m(+4ms)[22m 
[2m18:38:55[22m   [34mΓö£ΓöÇ[39m [2m/tags/york/4/index.html[22m [2m(+5ms)[22m 
[2m18:38:55[22m   [34mΓö£ΓöÇ[39m [2m/tags/york/5/index.html[22m [2m(+5ms)[22m 
[2m18:38:55[22m   [34mΓö£ΓöÇ[39m [2m/tags/ysi/index.html[22m [2m(+4ms)[22m 
[2m18:38:55[22m   [34mΓö£ΓöÇ[39m [2m/tags/z-axis/index.html[22m [2m(+3ms)[22m 
[2m18:38:55[22m   [34mΓö£ΓöÇ[39m [2m/tags/zoning/index.html[22m [2m(+6ms)[22m 
[2m18:38:55[22m   [34mΓööΓöÇ[39m [2m/tags/zoning/2/index.html[22m [2m(+4ms)[22m 
[2m18:38:55[22m [32mΓû╢[39m src/pages/tags/index.astro
[2m18:38:55[22m   [34mΓööΓöÇ[39m [2m/tags/index.html[22m [2m(+112ms)[22m 
[2m18:38:55[22m [32mΓû╢[39m src/pages/index.astro
[2m18:38:55[22m   [34mΓööΓöÇ[39m [2m/index.html[22m [2m(+23ms)[22m 
[2m18:38:55[22m [32mΓ£ô Completed in 378.84s.
[39m
ENOENT: no such file or directory, lstat 'C:\Users\Administrator\.openclaw\workspace\industrial-fixes\dist\manifest_mcj6fjxI.mjs'
  Stack trace:

